countrycode,country,year,pl_con,rgdpe_pc,cgdpe_pc,pop,relp,reli,reli_c,log_x,log_y,fitted,resid,resid_pct,fit_year,fit_slope,fit_r_squared
AUS,Australia,2005,0.810801327228546,47589.55201633547,48272.588397146224,20.29449,1.0708418801457509,0.8004987146721559,0.7927304966454436,-0.22252035220292665,0.06844514298044378,0.13286784063886226,-0.06442269765841847,-6.239140919973362,2005,0.7820543140142124,0.7001581434748504
AUT,Austria,2005,0.868426322937012,45038.71592562294,45662.09031274471,8.229204,1.1469483894416472,0.7575913762871715,0.7498610025567045,-0.2776111201117343,0.13710484100728138,0.08978386793342352,0.04732097307385785,4.845848201917602,2005,0.7820543140142124,0.7001581434748504
BEL,Belgium,2005,0.908676326274872,42959.69831621415,43602.08232058255,10.478886,1.2001073912867903,0.7226204456185816,0.7160316345252021,-0.3248711661510527,0.18241104552871032,0.05282394504786425,0.12958710048084607,13.835825869654371,2005,0.7820543140142124,0.7001581434748504
BGR,Bulgaria,2005,0.28656604886055,13028.294163130844,12745.088563427138,7.69505,0.3784736361948156,0.2191475290285799,0.2092993295398481,-1.5180101274326308,-0.9716088619128004,-0.8802755268408302,-0.09133333507197017,-8.72865792070071,2005,0.7820543140142124,0.7001581434748504
CAN,Canada,2005,0.772285163402557,48725.46071193887,49114.51150399228,32.440173,1.0199727955718452,0.8196057121598256,0.8065565238958656,-0.1989318931933802,0.019775955932507125,0.15131529676822547,-0.13153934083571833,-12.325521741314038,2005,0.7820543140142124,0.7001581434748504
CHE,Switzerland,2005,1.12245404720306,51883.01376391768,54399.779334088016,7.431823,1.4824479954820355,0.8727185710232703,0.8933509786987838,-0.1361421450767905,0.39369477234160366,0.20042029015867022,0.19327448218293344,21.321575392968683,2005,0.7820543140142124,0.7001581434748504
CYP,Cyprus,2005,0.738064289093018,36294.77954393127,36895.981535360304,0.73854,0.9747765876288744,0.6105105667784656,0.6059043183289589,-0.49345967718073125,-0.02554697513453761,-0.07902142729612849,0.05347445216159088,5.493004024111503,2005,0.7820543140142124,0.7001581434748504
CZE,Czechia,2005,0.434499949216843,29628.57167592739,29381.32948994047,10.280153,0.573852961160047,0.4983790041984523,0.4824990059998703,-0.6963944388038353,-0.5553820807048855,-0.23772743308692285,-0.31765464761796264,-27.2145888834291,2005,0.7820543140142124,0.7001581434748504
DEU,Germany,2005,0.842925786972046,42936.00070428156,42982.42851381855,82.046731,1.1132693105348717,0.722221830647667,0.7058557047419692,-0.3254229426149283,0.10730101115939396,0.05239242588391885,0.05490858527547511,5.644403572069079,2005,0.7820543140142124,0.7001581434748504
DNK,Denmark,2005,1.19719564914703,44439.16809129163,44319.98164517197,5.419555,1.5811607563803975,0.7475064469186002,0.7278209482334526,-0.2910123491142197,0.45815923324825963,0.07930337897893744,0.3788558542693222,46.0612479515309,2005,0.7820543140142124,0.7001581434748504
ESP,Spain,2005,0.729763567447662,36171.89676216765,36570.42256645044,43.958885,0.9638136549414515,0.6084435687780778,0.600558002092754,-0.4968511090997486,-0.03685730705986182,-0.08167371125908152,0.044816404199219693,4.583583121450885,2005,0.7820543140142124,0.7001581434748504
EST,Estonia,2005,0.455855995416641,21729.831789709988,21597.507501764037,1.354848,0.6020583277487292,0.3655151536567131,0.3546733957441829,-1.0064475405786624,-0.5074009484187886,-0.480205798903414,-0.02719514951537455,-2.682869091701634,2005,0.7820543140142124,0.7001581434748504
FIN,Finland,2005,0.999545156955719,42515.56804678234,42470.91567573667,5.246082,1.3201197127090218,0.7151497783236863,0.6974556615779872,-0.33526327805304934,0.2777224239322876,0.044696749103189326,0.23302567482909825,26.241389117208236,2005,0.7820543140142124,0.7001581434748504
FRA,France,2005,0.905801773071289,39607.51402120193,39509.14837094128,63.617228,1.1963109101344649,0.6662337156367495,0.6488176385417604,-0.40611474562180283,0.17924258005154295,-0.0107129467631924,0.18995552681473535,20.919581967171162,2005,0.7820543140142124,0.7001581434748504
GBR,United Kingdom,2005,0.891695618629456,48198.16150568614,48116.30393820012,60.596108,1.1776806237290989,0.8107360691611257,0.7901639995738751,-0.20981271659897743,0.1635469310927596,0.14280590188385137,0.020741029208908246,2.0957619196552812,2005,0.7820543140142124,0.7001581434748504
GRC,Greece,2005,0.696734189987183,32794.63531024555,32466.72376051944,10.981334,0.9201910812331412,0.5516350186482623,0.5331672260741779,-0.594868649493883,-0.08317393351254056,-0.1583287515733766,0.07515481806083606,7.805103973704841,2005,0.7820543140142124,0.7001581434748504
HKG,"China, Hong Kong SAR",2005,0.526822805404663,51265.97202339268,52993.30417692097,6.908486,0.6957856437797484,0.862339378548002,0.8702539004835532,-0.14810637518959904,-0.36271364915931886,0.19106361238508957,-0.5537772615444084,-42.52253692538902,2005,0.7820543140142124,0.7001581434748504
HRV,Croatia,2005,0.506281852722168,21382.495211460693,20941.827751784564,4.313946,0.6686567878543465,0.3596726425872299,0.3439058493767643,-1.0225609873663892,-0.4024843731342909,-0.4928073894773943,0.09032301634310336,9.45277769700279,2005,0.7820543140142124,0.7001581434748504
HUN,Hungary,2005,0.473508149385452,23307.234050448125,22796.884229978503,10.065706,0.6253718881855335,0.392048466721068,0.3743695119250723,-0.936369807239858,-0.46940878510374373,-0.4254012052294644,-0.044007579874279334,-4.305329609015152,2005,0.7820543140142124,0.7001581434748504
ISL,Iceland,2005,1.26846539974213,51806.8916465095,51419.67040606029,0.296834,1.6752881722612345,0.8714381291077328,0.8444117502667613,-0.13761041010764813,0.5159851936203413,0.1992720271571718,0.31671316646316955,37.26088052171246,2005,0.7820543140142124,0.7001581434748504
ISR,Israel,2005,0.643515288829804,35944.45346946868,35866.97646445427,6.728206,0.8499037910415274,0.604617769716052,0.5890060386220797,-0.5031588062052157,-0.16263212291387574,-0.086606672991907,-0.07602544992196875,-7.320738054060783,2005,0.7820543140142124,0.7001581434748504
ITA,Italy,2005,0.869861423969269,39215.28176848091,39693.27897875336,58.519693,1.148843756698672,0.6596360192758263,0.6518414239451371,-0.41606708203168996,0.13875600763474022,-0.018496214387065335,0.15725222202180555,17.029074977847447,2005,0.7820543140142124,0.7001581434748504
JPN,Japan,2005,0.911547780036926,43348.42975317741,43452.99665015366,127.91333,1.2038997789433572,0.7291592551357406,0.7135833556678621,-0.31586311385540494,0.18556610334171345,0.05986873120654121,0.12569737213517224,13.393895482792217,2005,0.7820543140142124,0.7001581434748504
KOR,Republic of Korea,2005,0.599833250045776,35793.95046489939,37018.670664690224,47.851644,0.792212029855124,0.6020861749309054,0.6079191142546825,-0.5073546961922175,-0.23292620853329335,-0.08988808685737082,-0.14303812167592253,-13.32789725924276,2005,0.7820543140142124,0.7001581434748504
LTU,Lithuania,2005,0.382929593324661,19669.237175458416,19237.45552918297,3.322263,0.5057429383852527,0.3308541141999317,0.3159167175867745,-1.106077743359035,-0.681726765690678,-0.5581220287939153,-0.12360473689676277,-11.627092264440542,2005,0.7820543140142124,0.7001581434748504
LVA,Latvia,2005,0.393043011426926,17430.437070047825,17192.556639948314,2.239784,0.5190999363225253,0.2931954994230182,0.2823354706332024,-1.226915658940731,-0.6556588588179552,-0.6526238419710659,-0.003035016846889227,-0.303041583914776,2005,0.7820543140142124,0.7001581434748504
MYS,Malaysia,2005,0.285202264785767,19191.542804631557,19438.50856811781,25.836071,0.3766724587007613,0.3228188687804799,0.3192184024704529,-1.1306638908235536,-0.9763792789804193,-0.5773497314835316,-0.3990295474968877,-32.90291244493111,2005,0.7820543140142124,0.7001581434748504
NLD,Netherlands,2005,0.876485347747803,48934.69519383008,48653.70973981686,16.46571,1.1575921081810174,0.823125222781853,0.7989892559390582,-0.19464693583089643,0.14634207891471246,0.15466636615892287,-0.008324287244210415,-0.8289736302271034,2005,0.7820543140142124,0.7001581434748504
NOR,Norway,2005,1.18728578090668,60777.97718598939,61634.00684255928,4.623124,1.5680725909049336,1.022339790066898,1.0121511706100916,0.022093912127365167,0.4498472160766086,0.3241694813277799,0.1256777347488287,13.391668744921347,2005,0.7820543140142124,0.7001581434748504
NZL,New Zealand,2005,0.803111433982849,34700.08106999577,34487.97819447464,4.135007,1.0606856810069436,0.5836863159799537,0.5663601847382888,-0.538391570631309,0.05891556786896187,-0.1141606084059798,0.17307617627494168,18.895667192480037,2005,0.7820543140142124,0.7001581434748504
PAN,Panama,2005,0.326567620038986,14058.758141348726,14438.37003165686,3.313026,0.4313045286107406,0.2364808523134098,0.2371063294095636,-1.441888037061805,-0.840940875474489,-0.8207439176745461,-0.020196957799942905,-1.9994365456577068,2005,0.7820543140142124,0.7001581434748504
POL,Poland,2005,0.433045715093613,18634.337952101465,18283.579779751955,38.124379,0.5719323244388238,0.3134461861356356,0.300252208562245,-1.1601275887133222,-0.5587346085201231,-0.6003919435250367,0.04165733500491353,4.253717654030265,2005,0.7820543140142124,0.7001581434748504
PRT,Portugal,2005,0.678469479084015,28899.86952767944,28986.14254659196,10.502994,0.8960685043366263,0.4861215840644891,0.4760092619801155,-0.7212965133974834,-0.10973841319695528,-0.257202207950789,0.14746379475383375,15.889132612445067,2005,0.7820543140142124,0.7001581434748504
ROU,Romania,2005,0.371888011693954,12136.186856385224,12068.945269374228,21.213388,0.4911600959106052,0.2041414883717068,0.1981957316782978,-1.588941955097208,-0.7109851434161957,-0.9357480686668254,0.22476292525062969,25.202585728805783,2005,0.7820543140142124,0.7001581434748504
SVK,Slovakia,2005,0.38939842581749,22073.178783620795,21654.72643975528,5.376695,0.5142864576375547,0.371290556358924,0.3556130428324672,-0.9907703521141384,-0.6649748581879373,-0.46794538603311925,-0.19702947215481809,-17.883356858817944,2005,0.7820543140142124,0.7001581434748504
SVN,Slovenia,2005,0.604686141014099,31345.776689682178,31465.105345047406,1.996914,0.7986213421171358,0.5272639242722417,0.5167186889165287,-0.6400540507311143,-0.22486836029596244,-0.1936661895414165,-0.031202170754545927,-3.0720406720737503,2005,0.7820543140142124,0.7001581434748504
SWE,Sweden,2005,1.00543808937073,44927.43365252563,44455.88238062737,9.029771,1.3279026289610611,0.7557195091901747,0.7300527046212746,-0.28008499123711705,0.2836007268006187,0.08784916634750273,0.19575156045311598,21.622470948143757,2005,0.7820543140142124,0.7001581434748504
TUR,Türkiye,2005,0.466383546590805,15127.682122647922,15283.807813743855,69.329557,0.6159622796961274,0.2544611071562908,0.250990074514814,-1.3686072752737835,-0.48456955158304454,-0.7634343817839762,0.2788648302009316,32.162868751120534,2005,0.7820543140142124,0.7001581434748504
TWN,Taiwan,2005,0.374746710062027,43174.297802532215,43195.313759018856,22.729753,0.4949356372577075,0.7262302004006387,0.7093516976389671,-0.3198882339750692,-0.7033275506095314,0.0567208686525324,-0.7600484192620638,-53.2356216505183,2005,0.7820543140142124,0.7001581434748504
USA,United States,2005,0.757162511348724,59449.87936154995,60894.07257752644,295.716664,1.0,1.0,1.0,0.0,0.0,0.306890842035123,-0.306890842035123,-26.426909258732355,2005,0.7820543140142124,0.7001581434748504
AUS,Australia,2006,0.841427445411682,48582.69632213482,48921.701810038285,20.590559,1.076799319113777,0.8031302302144747,0.7960223153918311,-0.21923839859045052,0.07399304758436805,0.10830183687606904,-0.03430878929170099,-3.3726916215835567,2006,0.7860005898940081,0.7070713824506787
AUT,Austria,2006,0.878479421138763,47201.06962020572,47537.28522407411,8.269898,1.1242158164627796,0.780290283995079,0.7734959834071999,-0.24808926956442148,0.11708574056957625,0.08562503527157195,0.03146070529800431,3.1960824205865324,2006,0.7860005898940081,0.7070713824506787
BEL,Belgium,2006,0.937272131443024,44039.936774549264,44395.54023712697,10.548442,1.199454567907959,0.7280329672492833,0.7223755393843965,-0.31740894712768986,0.18186692672199523,0.031139727815580553,0.15072719890641467,16.2679434593084,2006,0.7860005898940081,0.7070713824506787
BGR,Bulgaria,2006,0.3026462495327,14265.243752400103,13906.72515350849,7.640294,0.3873052598964168,0.2358215860018214,0.2262812442461307,-1.4446797513799243,-0.9485421116178985,-0.8548957892969686,-0.09364632232092984,-8.939523412519378,2006,0.7860005898940081,0.7070713824506787
CAN,Canada,2006,0.857506036758423,49045.38793121474,49120.18759571175,32.759171,1.0973755628634785,0.8107790773689163,0.799251947821579,-0.209759669659647,0.09292147718218462,0.11575212340712598,-0.022830646224941367,-2.2571999120794994,2006,0.7860005898940081,0.7070713824506787
CHE,Switzerland,2006,1.1256936788559,55844.26153662448,57988.84008831172,7.478509,1.4405831346868578,0.9231726112252088,0.9435569296674148,-0.07993905088544408,0.36504798625955803,0.21779120634405463,0.1472567799155034,15.865144325444414,2006,0.7860005898940081,0.7070713824506787
CYP,Cyprus,2006,0.758512258529663,38338.88157653819,38672.79569037838,0.750965,0.9706903286528508,0.6337876881629936,0.6292587385382727,-0.45604125734316037,-0.029747781584579372,-0.07782534979214839,0.04807756820756902,4.925204076805878,2006,0.7860005898940081,0.7070713824506787
CZE,Czechia,2006,0.47250497341156,31286.55835148382,30877.77805866668,10.304588,0.6046784383156243,0.5172043281590687,0.502423249294477,-0.6593172636757749,-0.5030584691674903,-0.23760041068088156,-0.26545805848660875,-23.314539474614847,2006,0.7860005898940081,0.7070713824506787
DEU,Germany,2006,0.852697908878326,45071.951201764765,44881.53657884214,81.701971,1.091222460946334,0.7450934033152128,0.7302833577735902,-0.2942456948837208,0.08729859160703518,0.04934605774320394,0.03795253386383124,3.868192949048499,2006,0.7860005898940081,0.7070713824506787
DNK,Denmark,2006,1.1985148191452,47257.00274670708,46844.89323521082,5.43742,1.5337744784066267,0.7812149256507376,0.7622298284342218,-0.24690497410639986,0.4277316767569487,0.08655589220018572,0.34117578455676295,40.66004777728449,2006,0.7860005898940081,0.7070713824506787
ESP,Spain,2006,0.749739348888397,38812.87306931122,38926.10887354793,44.695448,0.9594633795203086,0.6416233359456192,0.6333804869469621,-0.4437538516049446,-0.04138113047397775,-0.0681674416336438,0.02678631115966605,2.714828918375689,2006,0.7860005898940081,0.7070713824506787
EST,Estonia,2006,0.498172014951706,24297.75492712788,23990.592494320204,1.34688,0.6375253023023009,0.4016710266331633,0.3903594167493191,-0.9121218670960297,-0.45016131285121636,-0.43630497809712265,-0.013856334754093702,-1.376077761408645,2006,0.7860005898940081,0.7070713824506787
FIN,Finland,2006,1.00978291034698,44017.50371279585,43690.99332029052,5.266247,1.2922487330828156,0.7276621218369379,0.7109116072787631,-0.3179184568775659,0.2563839046971802,0.030739252851621213,0.22564465184555899,25.313028861565236,2006,0.7860005898940081,0.7070713824506787
FRA,France,2006,0.930374264717102,40813.58365245139,40481.528539685416,64.060149,1.190627166051372,0.6746974811222385,0.658689270538597,-0.39349086468574185,0.17448019858701946,-0.028660704265315584,0.20314090285233505,22.524509661422144,2006,0.7860005898940081,0.7070713824506787
GBR,United Kingdom,2006,0.921599090099335,49295.16905954216,48957.996559406456,61.051094,1.179397318362136,0.8149082589558475,0.7966128800974663,-0.20467973777561466,0.16500356085108658,0.1197449528645968,0.045258607986489785,4.62984060485685,2006,0.7860005898940081,0.7070713824506787
GRC,Greece,2006,0.721252202987671,35671.50459195961,35092.55950130459,11.016103,0.92300754547702,0.5896927479091865,0.5710034490566759,-0.5281536439838298,-0.08011786956468224,-0.13450572823037937,0.054387858665697134,5.589406040536793,2006,0.7860005898940081,0.7070713824506787
HKG,"China, Hong Kong SAR",2006,0.535529971122742,53274.629243019495,54677.38930673242,6.93109,0.685333371777349,0.8806935079279048,0.8896751426295411,-0.12704560468886048,-0.377849884979839,0.18076542726669553,-0.5586153122465345,-42.79994420962077,2006,0.7860005898940081,0.7070713824506787
HRV,Croatia,2006,0.542831897735596,22770.55564727281,22178.75850074146,4.3158,0.6946778608926202,0.3764245911310943,0.3608784249335716,-0.9770375409631815,-0.36430705037810296,-0.487328736050071,0.12302168567196803,13.090894520198715,2006,0.7860005898940081,0.7070713824506787
HUN,Hungary,2006,0.465191423892975,24398.69559459193,23773.48837948633,10.049943,0.5953190750278436,0.4033396969136448,0.386826838899877,-0.9079761517120764,-0.5186577566218143,-0.4330464433598026,-0.08561131326201177,-8.204904274847157,2006,0.7860005898940081,0.7070713824506787
ISL,Iceland,2006,1.23355889320374,53156.26745686535,52238.96895793981,0.303874,1.578621405246226,0.8787368456641995,0.8499987425835769,-0.1292698053414815,0.45655193783929765,0.17901720424169276,0.2775347335976049,31.9871962249233,2006,0.7860005898940081,0.7070713824506787
ISR,Israel,2006,0.679294407367706,36257.41467164385,35985.681576298884,6.844032,0.8693129268839833,0.5993785441453948,0.5855357542660306,-0.5118619202934789,-0.14005211855561378,-0.12170042379937335,-0.018351694756240433,-1.8184327792326593,2006,0.7860005898940081,0.7070713824506787
ITA,Italy,2006,0.881721198558807,40838.5695765288,41038.4225816629,58.754433,1.1283644138702649,0.6751105284101733,0.6677506904876446,-0.39287885572163694,0.12076916284431873,-0.0281796648585087,0.1489488277028274,16.061359642560703,2006,0.7860005898940081,0.7070713824506787
JPN,Japan,2006,0.856710970401764,43899.99888044467,43713.48315014932,127.997247,1.0963580931860046,0.7257196260472483,0.7112775472557998,-0.32059152876547486,0.09199386252155664,0.02863821677089573,0.06335564575066091,6.540567886337745,2006,0.7860005898940081,0.7070713824506787
KOR,Republic of Korea,2006,0.657958984375,37112.84840529363,38002.17035111774,48.006518,0.8420093618804556,0.6135198895924231,0.6183467564205708,-0.4885425954831334,-0.17196414617875286,-0.10337142074251182,-0.06859272543624104,-6.6293122288167305,2006,0.7860005898940081,0.7070713824506787
LTU,Lithuania,2006,0.414038360118866,21403.88479996379,20865.84671026556,3.269808,0.5298570027566039,0.3538318831235188,0.3395155727699656,-1.038933385082875,-0.6351481149598042,-0.5359789060401376,-0.09916920891966652,-9.441053875584537,2006,0.7860005898940081,0.7070713824506787
LVA,Latvia,2006,0.443838953971863,19468.23864245761,19077.12109942533,2.219032,0.5679936945713011,0.3218333309274066,0.3104105856239637,-1.133721473257369,-0.5656449614294677,-0.6104823992602152,0.04483743783074745,4.585782917136871,2006,0.7860005898940081,0.7070713824506787
MYS,Malaysia,2006,0.301484912633896,20204.03800694445,20379.009273595424,26.417909,0.3858190630903665,0.333996976787522,0.3315940686272363,-1.0966233375807672,-0.9523867678847676,-0.5813232427344383,-0.37106352515032937,-30.999989219404476,2006,0.7860005898940081,0.7070713824506787
NLD,Netherlands,2006,0.888829350471497,51783.52591620199,51257.56099909227,16.493852,1.137460923832567,0.8560437818155462,0.8340299065283787,-0.1554337571675789,0.12879851857823543,0.1584523226724218,-0.02965380409418636,-2.9218444019523115,2006,0.7860005898940081,0.7070713824506787
NOR,Norway,2006,1.21024024486542,66274.97535668965,66781.07111606623,4.660494,1.5487798487456872,1.095604819105641,1.0866184308259244,0.09130655699663842,0.43746742657335813,0.3523903551561295,0.08507707141722864,8.880097889926475,2006,0.7860005898940081,0.7070713824506787
NZL,New Zealand,2006,0.7518709897995,35397.65261457601,34987.0439915446,4.18194,0.9621913027585952,0.5851656463217727,0.5692865688730093,-0.5358603157258103,-0.03854198866992426,-0.14056317676569546,0.10202118809577121,10.740693532356138,2006,0.7860005898940081,0.7070713824506787
PAN,Panama,2006,0.332800209522247,15071.584953914402,15405.186748301643,3.375024,0.4258941646943129,0.2491513730212492,0.2506632429109487,-1.389694643448117,-0.853564403263729,-0.8116774620271825,-0.04188694123654646,-4.10218046673071,2006,0.7860005898940081,0.7070713824506787
POL,Poland,2006,0.456270277500153,19752.71240043679,19318.637185458483,38.071167,0.5839024229874469,0.3265360232856259,0.3143403792921192,-1.1192150046959186,-0.5380213940395888,-0.5990803064136363,0.06105891237404748,6.296153393012327,2006,0.7860005898940081,0.7070713824506787
PRT,Portugal,2006,0.68992406129837,30198.822443111632,30091.527248834107,10.52412,0.882916006005504,0.4992227491888317,0.4896298842445064,-0.6947028916735287,-0.12452520633927334,-0.26541353516088595,0.14088832882161262,15.129607421660518,2006,0.7860005898940081,0.7070713824506787
ROU,Romania,2006,0.404998779296875,14015.026610435996,13879.434407131635,21.035732,0.5182887867122229,0.2316851965866114,0.2258371868581839,-1.462375740018157,-0.6572226887644371,-0.8688048468053773,0.21158215804094016,23.563147852019206,2006,0.7860005898940081,0.7070713824506787
SVK,Slovakia,2006,0.419332504272461,24355.812520016385,23800.76041558565,5.376846,0.5366320739180777,0.4026307882658456,0.3872705918462794,-0.9097352951140986,-0.6224425702870224,-0.43442913111150017,-0.18801343917552227,-17.139642859098192,2006,0.7860005898940081,0.7070713824506787
SVN,Slovenia,2006,0.622042596340179,32867.064262193766,32741.62675589108,2.003114,0.7960461093245572,0.5433319861940856,0.5327505907525818,-0.6100347532499009,-0.22809816852828443,-0.19886432841468693,-0.029233840113597503,-2.8810665112758205,2006,0.7860005898940081,0.7070713824506787
SWE,Sweden,2006,1.02379584312439,47686.28278588375,46969.2890289576,9.080623,1.3101814931274085,0.7883114394877714,0.7642539163972247,-0.23786203942982315,0.2701656719887426,0.093663644190348,0.17650202779839458,19.303684599534577,2006,0.7860005898940081,0.7070713824506787
TUR,Türkiye,2006,0.473522871732712,16796.07057136656,16864.97950063751,70.045349,0.6059810725773428,0.2776591882681129,0.2744160471616826,-1.2813608588541008,-0.500906526771316,-0.7265270434308353,0.22562051665951932,25.31000444479803,2006,0.7860005898940081,0.7070713824506787
TWN,Taiwan,2006,0.375667661428452,44482.57560040757,44292.87491749168,22.823455,0.4807528970502081,0.7353503178499226,0.7207050356524566,-0.30740827039286356,-0.7324018684259278,0.03900026562849332,-0.7714021340544212,-53.76356831549454,2006,0.7860005898940081,0.7070713824506787
USA,United States,2006,0.781415283679962,60491.67929983272,61457.7014539564,298.730209,1.0,1.0,1.0,0.0,0.0,0.2806233474955808,-0.2806233474955808,-24.468722764275764,2006,0.7860005898940081,0.7070713824506787
AUS,Australia,2007,0.979489266872406,49296.12479371424,49446.05643862819,20.954549,1.220544820222369,0.8077744947420537,0.8005886877254946,-0.2134723500798645,0.19929733301345556,0.1367967340038468,0.06250059900960878,6.449509656045982,2007,0.747548162564346,0.6341879699141411
AUT,Austria,2007,0.981091380119324,49212.2965758992,49394.34008416585,8.296952,1.2225412188467042,0.8064008716312304,0.7997513402940702,-0.21517430077371424,0.2009316586465097,0.1355244438898843,0.06540721475662539,6.759367577881248,2007,0.747548162564346,0.6341879699141411
BEL,Belgium,2007,1.03759658336639,46053.57781987151,46252.22448501919,10.625493,1.2929525397987314,0.754641581061034,0.7488768644433036,-0.28151236952316183,0.25692839362397024,0.08593354248816748,0.17099485113580276,18.648463995770115,2007,0.747548162564346,0.6341879699141411
BGR,Bulgaria,2007,0.345316857099533,16123.871581141042,15698.10412549915,7.586888,0.4303004795694272,0.2642084397961178,0.2541704129066478,-1.3310169426799938,-0.8432715246380248,-0.6986216727781005,-0.1446498518599243,-13.467476790853672,2007,0.747548162564346,0.6341879699141411
CAN,Canada,2007,0.93935614824295,49387.75775696312,49302.91895929101,33.092171,1.1705348081484608,0.80927600770884,0.7982711268318544,-0.21161524865223613,0.15746074535242632,0.138185006763766,0.01927573858866033,1.9462715075439618,2007,0.747548162564346,0.6341879699141411
CHE,Switzerland,2007,1.15334510803223,60699.8755264976,62667.34575762311,7.545381,1.4371871598271664,0.9946382497509054,1.014656612011246,-0.005376176019987829,0.36268784205865157,0.2923586465589779,0.07032919549967365,7.286130424090853,2007,0.747548162564346,0.6341879699141411
CYP,Cyprus,2007,0.822504460811615,40458.32145184944,40639.45382515888,0.767125,1.024925533343474,0.6629567801858223,0.6579996333610023,-0.4110454791777996,0.0246199595545928,-0.01089869562540291,0.03551865517999571,3.6156977642688215,2007,0.747548162564346,0.6341879699141411
CZE,Czechia,2007,0.525940120220184,34208.84198498618,33673.26380165964,10.337543,0.6553757260981784,0.5605517708697553,0.5452089816680437,-0.5788336752228554,-0.4225465801775177,-0.13632845327887066,-0.28621812689864706,-24.890123676660814,2007,0.747548162564346,0.6341879699141411
DEU,Germany,2007,0.930846571922302,47548.02367796461,47233.786800260204,81.298542,1.1599309969054663,0.7791298192946089,0.7647694905186503,-0.2495775983505342,0.14836051792262298,0.10980632200017812,0.038554195922444856,3.9307053036129025,2007,0.747548162564346,0.6341879699141411
DNK,Denmark,2007,1.28780364990234,49169.54272799196,48582.89648083431,5.461607,1.6047363942748714,0.8057002999729902,0.7866131323894467,-0.21604344188555208,0.4729595027658767,0.13487471904872078,0.33808478371715595,40.22593871288049,2007,0.747548162564346,0.6341879699141411
ESP,Spain,2007,0.837851524353027,41445.01356398021,41368.28315933822,45.516507,1.0440495600629358,0.6791248811405657,0.6698002209559041,-0.3869502491289586,0.04310695965837046,0.00711364932417341,0.03599331033419705,3.664891163295403,2007,0.747548162564346,0.6341879699141411
EST,Estonia,2007,0.588745474815369,27785.801127018996,27315.118258677336,1.340705,0.7336376865157272,0.4553027557501411,0.4422632714688518,-0.7867926840567281,-0.30973998733685015,-0.29178782822133476,-0.017952159115515398,-1.7791979065226338,2007,0.747548162564346,0.6341879699141411
FIN,Finland,2007,1.08364844322205,47680.4864749627,47172.44079841776,5.28871,1.3503379149217385,0.7813003767038375,0.7637762279887413,-0.2467955978295003,0.300354868478116,0.11188600137793006,0.18846886710018593,20.739949255403122,2007,0.747548162564346,0.6341879699141411
FRA,France,2007,1.01551568508148,43056.24211369416,42585.089894560646,64.470141,1.2654374592980946,0.7055267399703515,0.6895017255354732,-0.34881060625253824,0.2354178800253021,0.035624869277301796,0.1997930107480003,22.114996708028876,2007,0.747548162564346,0.6341879699141411
GBR,United Kingdom,2007,1.04195201396942,49595.59755852909,49167.57880425973,61.535855,1.2983798563014846,0.8126817052438853,0.7960798136126184,-0.2074157525580772,0.261117222850735,0.14132433235265066,0.11979289049808436,12.726336044798426,2007,0.747548162564346,0.6341879699141411
GRC,Greece,2007,0.817116022109985,37207.51046308634,36476.29793738525,11.045737,1.0182109820269898,0.6096884509826946,0.5905933375095587,-0.4948071883788279,0.01804714815469575,-0.07351460743188071,0.09156175558657646,9.588445158999615,2007,0.747548162564346,0.6341879699141411
HKG,"China, Hong Kong SAR",2007,0.555135428905487,56547.68735444882,57809.96619016847,6.971345,0.691756096966787,0.9265998041979132,0.9360100340274216,-0.07623351731202967,-0.36852184652411035,0.23938937127191726,-0.6079112177960276,-45.55130031510042,2007,0.747548162564346,0.6341879699141411
HRV,Croatia,2007,0.59050589799881,25346.12169464735,24617.81371221751,4.315954,0.7358313556764005,0.4153257630541986,0.3985907996322648,-0.8786920954652736,-0.3067543228182343,-0.3604870643605379,0.05373274154230362,5.520255265992113,2007,0.747548162564346,0.6341879699141411
HUN,Hungary,2007,0.553004801273346,25251.04252187694,24572.91154038805,10.034082,0.6891011148162055,0.4137677799253726,0.3978637816775449,-0.882450380584862,-0.37236726283446786,-0.3632965634960791,-0.009070699338388777,-0.9029684649464187,2007,0.747548162564346,0.6341879699141411
ISL,Iceland,2007,1.40310537815094,53471.68437210213,52272.79911563736,0.311651,1.7484142598076728,0.8761959080440521,0.8463569121972137,-0.13216557372959628,0.5587092398921301,0.19757746526852,0.36113177462361007,43.49525387511417,2007,0.747548162564346,0.6341879699141411
ISR,Israel,2007,0.760280132293701,36597.42459735826,36229.32751450458,6.962455,0.9473875914455886,0.5996914825800057,0.5865946014929371,-0.5113399517099249,-0.05404698606022105,-0.08587364428215344,0.03182665822193239,3.23385423961855,2007,0.747548162564346,0.6341879699141411
ITA,Italy,2007,0.952774465084076,42911.09670451332,42957.51963500479,59.10872,1.1872554172153005,0.703148363169826,0.695531792615589,-0.35218736652206917,0.17164427126279566,0.03310057834239366,0.138543692920402,14.85998661563408,2007,0.747548162564346,0.6341879699141411
JPN,Japan,2007,0.835334837436676,44671.48917567264,44330.82019549702,128.087682,1.0409135081593943,0.7319944468100509,0.7177671127354409,-0.3119823513746689,0.04009870083945356,0.06315576354170441,-0.023057062702250844,-2.2793279873828065,2007,0.747548162564346,0.6341879699141411
KOR,Republic of Korea,2007,0.693187832832336,39242.74293985498,39935.82729819376,48.178118,0.8637836548288493,0.6430381086380167,0.6466071082852962,-0.44155128956758105,-0.14643294103691806,-0.03370325812982039,-0.11272968290709767,-10.660787335922395,2007,0.747548162564346,0.6341879699141411
LTU,Lithuania,2007,0.485068559646606,24369.161539332803,23721.103720120293,3.231374,0.6044455390714494,0.3993171315614661,0.3840720305422668,-0.917999361847671,-0.503443705506213,-0.3898711391201263,-0.1135725663860867,-10.736058155581308,2007,0.747548162564346,0.6341879699141411
LVA,Latvia,2007,0.544769048690796,22551.79501173677,22016.337575359783,2.200776,0.6788385162403564,0.3695374615623916,0.3564699002812487,-0.9955031592609724,-0.38737200556953194,-0.44780896046819907,0.06043695489866713,6.230062260872726,2007,0.747548162564346,0.6341879699141411
MYS,Malaysia,2007,0.331474721431732,21338.511623786144,21473.878496972546,26.998389,0.4130517484586751,0.3496563982986579,0.3476868620980146,-1.050804325847228,-0.884182394938943,-0.48914924593741926,-0.39503314900152375,-32.63422922016452,2007,0.747548162564346,0.6341879699141411
NLD,Netherlands,2007,0.964194595813751,55438.140226479896,54763.02550359296,16.531357,1.2014860799492322,0.908418580533008,0.8866765497915132,-0.09605001482846791,0.18355919056691736,0.22457558496504293,-0.04101639439812557,-4.018660574410104,2007,0.747548162564346,0.6341879699141411
NOR,Norway,2007,1.3195219039917,69455.0645995655,69704.7787114489,4.70901,1.6442606157692847,1.1381022331667043,1.1286007689219697,0.12936216749225782,0.4972908094772711,0.3930820476785208,0.10420876179875033,10.983212128314722,2007,0.747548162564346,0.6341879699141411
NZL,New Zealand,2007,0.856136858463287,37635.20193849973,37120.76743449264,4.223266,1.0668349754719038,0.616696674588571,0.6010280420366773,-0.48337798926682835,0.06469629819502638,-0.06497073063612335,0.12966702883114972,13.844924943053716,2007,0.747548162564346,0.6341879699141411
PAN,Panama,2007,0.384376436471939,14163.827567498378,14437.322681302348,3.43749,0.4789727508187913,0.2320908327952066,0.2337569070657727,-1.460626463271051,-0.7361115708328271,-0.795511031746791,0.059399460913963975,6.119906363203964,2007,0.747548162564346,0.6341879699141411
POL,Poland,2007,0.502325415611267,21766.1976967588,21270.192865565587,38.020421,0.6259493644561273,0.3566645333792424,0.3443889567825718,-1.0309596213918764,-0.4684857986038807,-0.4743143735851887,0.00582857498130801,0.5845594174278324,2007,0.747548162564346,0.6341879699141411
PRT,Portugal,2007,0.764196693897247,31815.152308870205,31604.60316256314,10.546825,0.9522680318342353,0.5213283739641145,0.5117149798064546,-0.6513751594467958,-0.04890873777305688,-0.19055670652016776,0.1416479687471109,15.217097694409887,2007,0.747548162564346,0.6341879699141411
ROU,Romania,2007,0.496628165245056,16672.048709301587,16473.907747103643,20.870716,0.6188500019014025,0.2731909613347175,0.2667315683978633,-1.2975842362591672,-0.4798923589236286,-0.6736291145236584,0.1937367556000298,21.377672097201696,2007,0.747548162564346,0.6341879699141411
SVK,Slovakia,2007,0.500062167644501,27850.618904708743,27174.50407746031,5.376999,0.6231291236672357,0.4563648706292059,0.4399865656822971,-0.7844626345324011,-0.4730015205671919,-0.2900460039807402,-0.1829555165864517,-16.719479906870525,2007,0.747548162564346,0.6341879699141411
SVN,Slovenia,2007,0.702042162418366,35120.7823256666,34828.50758853079,2.014158,0.8748170642579068,0.5754949768724703,0.5639137111034871,-0.5525247791424438,-0.13374048390211538,-0.11666128635486261,-0.01707919754725276,-1.6934174850329664,2007,0.747548162564346,0.6341879699141411
SWE,Sweden,2007,1.10054278373718,51443.833148198224,50549.98625970319,9.148274,1.371390008603844,0.842967200825064,0.818462584866158,-0.1708272294180306,0.31582483029677466,0.16867601559693554,0.14714881469983912,15.852635595415343,2007,0.747548162564346,0.6341879699141411
TUR,Türkiye,2007,0.552425980567932,18243.857725786187,18252.92302172593,70.750586,0.6883798444177189,0.2989468851407962,0.2955358777146485,-1.2074893630411787,-0.3734144939552601,-0.6062788575930833,0.2328643636378232,26.221026610735777,2007,0.747548162564346,0.6341879699141411
TWN,Taiwan,2007,0.377259254455566,46554.71177326756,46255.414652698615,22.917444,0.4701040067309652,0.7628532453185499,0.7489285169377602,-0.2706896052292485,-0.754801317842309,0.09402408004994939,-0.8488253978922584,-57.20827306057708,2007,0.747548162564346,0.6341879699141411
USA,United States,2007,0.802501678466797,61027.08752825373,61762.1222941664,301.844226,1.0,1.0,1.0,0.0,0.0,0.2963775970643423,-0.2963775970643423,-25.649337091137305,2007,0.747548162564346,0.6341879699141411
AUS,Australia,2008,1.0233895778656,49067.9386515739,49506.67246466628,21.370589,1.2417243462653362,0.8215832969981921,0.8144269334339831,-0.19652195042084958,0.21650101545254488,0.14964316075644035,0.06685785469610453,6.91434936461004,2008,0.7361177396164095,0.6203411536771991
AUT,Austria,2008,1.05557680130005,50478.73484682011,50947.26034400253,8.323253,1.280778544042683,0.8452053732731591,0.8381258311885708,-0.16817563586200637,0.2474681305633957,0.17050938575595176,0.07695874480744394,7.999751996786841,2008,0.7361177396164095,0.6203411536771991
BEL,Belgium,2008,1.11633968353271,46765.84669722088,47236.25226290017,10.709708,1.3545048666957915,0.7830375510421471,0.7770765870973217,-0.2445746262330438,0.3034359755197928,0.11427073365504783,0.18916524186474495,20.82405879161897,2008,0.7361177396164095,0.6203411536771991
BGR,Bulgaria,2008,0.38803505897522,17579.03733707982,17257.396009829088,7.535592,0.4708202920523728,0.2943397226447191,0.283898864771656,-1.223020659542194,-0.753278803309101,-0.605980748721126,-0.14729805458797507,-13.696329297220633,2008,0.7361177396164095,0.6203411536771991
CAN,Canada,2008,0.977400481700897,49445.1641950744,49650.79014866924,33.449085,1.1859237190110017,0.8278994825616779,0.8167977920999521,-0.1888635298385652,0.17052198064111657,0.15528066000450333,0.015241320636613237,1.5358061906968645,2008,0.7361177396164095,0.6203411536771991
CHE,Switzerland,2008,1.25283122062683,62804.76581998208,65117.552600668336,7.641728,1.520116153281715,1.0515898565860202,1.0712392095255294,0.05030316813100614,0.41878674857129006,0.3313355091053847,0.08745123946590538,9.138904643268386,2008,0.7361177396164095,0.6203411536771991
CYP,Cyprus,2008,0.850172519683838,43446.60308918275,43898.53971583917,0.786632,1.0315523423825683,0.7274608306423659,0.7221683725263035,-0.31819512242739184,0.031064796189938897,0.06007738040702587,-0.029012584217086974,-2.859575997214825,2008,0.7361177396164095,0.6203411536771991
CZE,Czechia,2008,0.671059787273407,33994.56288183065,33677.964543684066,10.378292,0.8142268532721555,0.5691978473110553,0.5540312047267367,-0.5635271947288703,-0.20551626228277592,-0.12051591011094792,-0.085000352171828,-8.148803907263591,2008,0.7361177396164095,0.6203411536771991
DEU,Germany,2008,0.994562208652496,48582.87820371885,48539.81980717556,81.110777,1.2067468098853518,0.8134615463613455,0.7985213836217903,-0.2064566228178484,0.18792815199611607,0.14233007216773205,0.045598079828384014,4.665365519076969,2008,0.7361177396164095,0.6203411536771991
DNK,Denmark,2008,1.37674748897553,50797.30513542264,50502.56185922803,5.493764,1.6704693038657217,0.8505394475226251,0.8308101623054294,-0.16188448665493965,0.5131046072287365,0.17514041228984728,0.33796419493888924,40.20903005776732,2008,0.7361177396164095,0.6203411536771991
ESP,Spain,2008,0.905536234378815,41565.1617926087,41734.86798566301,46.235054,1.0987276135826327,0.6959583712762991,0.6865741294791092,-0.3624654318211173,0.09415279536839805,0.027489220323997587,0.06666357504440046,6.893580099641428,2008,0.7361177396164095,0.6203411536771991
EST,Estonia,2008,0.649666130542755,28022.09105479577,27731.554592341185,1.337074,0.7882689727224059,0.4691960288175705,0.4562076956821737,-0.7567346259693024,-0.23791591142397814,-0.2627393276727477,0.024823416248769575,2.5134082518908807,2008,0.7361177396164095,0.6203411536771991
FIN,Finland,2008,1.15110802650452,49641.45801248434,49405.455795814974,5.313377,1.3966908522492514,0.831186185164638,0.8127618330117359,-0.18490145968577068,0.3341057617622473,0.15819721012958007,0.17590855163266725,19.232901712297124,2008,0.7361177396164095,0.6203411536771991
FRA,France,2008,1.08984589576721,43498.959237699215,43292.67591174578,64.842856,1.3223587690563952,0.7283374710372627,0.7122013968545171,-0.31699077907866685,0.27941708816413185,0.06096391891061137,0.21845316925352048,24.41507507544689,2008,0.7361177396164095,0.6203411536771991
GBR,United Kingdom,2008,0.999168932437897,48702.43357014409,48593.18329898125,62.027306,1.2123363538914402,0.8154633563990353,0.799399258518748,-0.20399879183738903,0.19254936885805987,0.14413932515342698,0.048410043704632894,4.960094936042325,2008,0.7361177396164095,0.6203411536771991
GRC,Greece,2008,0.869489431381226,38537.614116151206,38034.80407194378,11.076872,1.0549904153003429,0.6452657465156424,0.6257049262639097,-0.4380930369374494,0.05353168186338906,-0.028181601406839174,0.08171328327022823,8.51446361009316,2008,0.7361177396164095,0.6203411536771991
HKG,"China, Hong Kong SAR",2008,0.56892991065979,56482.96680710398,58010.220756110975,7.020689,0.690308106183979,0.9457389767917516,0.9543175464266448,-0.05578867105714492,-0.3706172503545789,0.2532394242504553,-0.6238566746050342,-46.412624351848606,2008,0.7361177396164095,0.6203411536771991
HRV,Croatia,2008,0.649243712425232,26509.051049209076,25931.0558654958,4.314631,0.7877564339276238,0.4438620035774414,0.4265879579023208,-0.8122415676126085,-0.23856633090413165,-0.3035989720882381,0.06503264118410645,6.719385828688518,2008,0.7361177396164095,0.6203411536771991
HUN,Hungary,2008,0.602320849895477,26333.236727582866,25807.042896147886,10.016657,0.7308228261795583,0.440918205366417,0.4245478389182758,-0.8188958960975713,-0.31358422045655104,-0.308497341331254,-0.005086879125297039,-0.5073962866109949,2008,0.7361177396164095,0.6203411536771991
ISL,Iceland,2008,1.14346385002136,53503.3063994816,52643.85241674382,0.317514,1.3874158310338849,0.8958481664397488,0.8660362159973514,-0.10998433746517752,0.3274429024804989,0.21334503279716938,0.11409786968332952,12.086181790742945,2008,0.7361177396164095,0.6203411536771991
ISR,Israel,2008,0.91758793592453,35876.72182045627,35747.74633186589,7.08262,1.113350482084429,0.6007123227254622,0.5880808782496246,-0.5096391233935924,0.1073739212717198,-0.08084794484733537,0.18822186611905517,20.71013005231317,2008,0.7361177396164095,0.6203411536771991
ITA,Italy,2008,1.00054693222046,43537.57862185361,43838.32985648962,59.561684,1.214008342659125,0.7289841059241877,0.7211778690512912,-0.31610334978428917,0.19392756465580704,0.06161717135685807,0.13231039329894898,14.146256661806845,2008,0.7361177396164095,0.6203411536771991
JPN,Japan,2008,0.943728625774384,43787.62163204388,43713.60636361984,128.15599,1.14506815023035,0.7331707737636953,0.7191260613500645,-0.3103766250171554,0.13546415508680085,0.06583271504784588,0.06963144003895497,7.211297051461396,2008,0.7361177396164095,0.6203411536771991
KOR,Republic of Korea,2008,0.612913310527802,39390.67190004866,40287.87561165778,48.356493,0.7436751324161013,0.6595491675413586,0.6627698723316605,-0.4161987568495412,-0.2961509894867656,-0.012064833437999634,-0.28408615604876597,-24.729820789979218,2008,0.7361177396164095,0.6203411536771991
LTU,Lithuania,2008,0.564321279525757,25683.7029632191,25189.01745859988,3.198481,0.6847162479064884,0.4300425479350545,0.4143807940164869,-0.8438711265034541,-0.37875076317247,-0.32688205148403154,-0.05186871168843843,-5.054648919109706,2008,0.7361177396164095,0.6203411536771991
LVA,Latvia,2008,0.640659093856812,23404.012645043356,23021.316160638395,2.177711,0.7773403322686243,0.3918718902874745,0.3787202611467075,-0.9368203030969975,-0.25187701644429417,-0.3953035892572771,0.14342657281298293,15.422205641671184,2008,0.7361177396164095,0.6203411536771991
MYS,Malaysia,2008,0.354951828718185,23333.52823075206,23597.54652683188,27.570059,0.4306789291229788,0.390691714003901,0.3881997415223163,-0.939836485224069,-0.8423924105172822,-0.39752385442692845,-0.44486855609035375,-35.90914859832795,2008,0.7361177396164095,0.6203411536771991
NLD,Netherlands,2008,1.03067207336426,57541.52658830754,57184.87882154992,16.597258,1.2505605237659063,0.963463280257738,0.9407399685500712,-0.03722090263989959,0.2235918698171752,0.26690748796747893,-0.04331561815030374,-4.239089644799243,2008,0.7361177396164095,0.6203411536771991
NOR,Norway,2008,1.41575217247009,74073.71797493384,74698.73750577013,4.768101,1.7177954308471803,1.2402748333673543,1.22885786277869,0.2153329948708535,0.5410417424600721,0.4528168921344088,0.0882248503256633,9.223368351931205,2008,0.7361177396164095,0.6203411536771991
NZL,New Zealand,2008,0.834847390651703,36955.34030734259,36687.70622038827,4.261824,1.0129576779063596,0.6187724849619868,0.6035440191041549,-0.48001762642699064,0.012874445426712464,-0.05904303545622619,0.07191748088293866,7.456666811245705,2008,0.7361177396164095,0.6203411536771991
PAN,Panama,2008,0.403083115816116,15454.59404944456,15848.951840487818,3.500648,0.4890787724468049,0.258768488790063,0.2607287584275411,-1.3518214826941795,-0.7152317136324085,-0.7007933195204983,-0.014438394111910169,-1.4334660349411332,2008,0.7361177396164095,0.6203411536771991
POL,Poland,2008,0.600521326065064,22678.72203691861,22322.91392898108,37.995902,0.7286393834318133,0.3797277761167881,0.3672309495142587,-0.9683006616235289,-0.31657634229753895,-0.4184768396181416,0.10190049732060263,10.727328958717619,2008,0.7361177396164095,0.6203411536771991
PRT,Portugal,2008,0.821935176849365,32138.707214569826,32135.604128745323,10.564081,0.997290711396904,0.5381237883682506,0.5286580620683394,-0.6196666553831633,-0.002712965367909676,-0.16184116299107054,0.15912819762316086,17.248824725290568,2008,0.7361177396164095,0.6203411536771991
ROU,Romania,2008,0.521148264408112,19545.819010150328,19454.68473665052,20.718742,0.6323324977367153,0.3272711034168164,0.3200461360497136,-1.1169663891305657,-0.4583399191656861,-0.5279123189090507,0.06957239974336454,7.204967451645405,2008,0.7361177396164095,0.6203411536771991
SVK,Slovakia,2008,0.583623290061951,30000.286408371627,29476.344992303573,5.37912,0.7081362405789269,0.5023185178676629,0.4849109840306406,-0.6885208627546467,-0.34511877360450827,-0.21252596648444638,-0.13259280712006188,-12.417835215053497,2008,0.7361177396164095,0.6203411536771991
SVN,Slovenia,2008,0.775524139404297,36604.82924173553,36512.73048415252,2.025085,0.9409781239156372,0.6129036010261715,0.6006655191930663,-0.48954761311829764,-0.06083538736556833,-0.06605822771800551,0.005222840352437183,0.5236503158973616,2008,0.7361177396164095,0.6203411536771991
SWE,Sweden,2008,1.12981128692627,51545.01404570548,50962.90361066823,9.2199,1.3708505656151633,0.8630589290534718,0.8383831762506637,-0.14727230627459675,0.31543139800588776,0.18589669748229254,0.12953470052359523,13.829861033525148,2008,0.7361177396164095,0.6203411536771991
TUR,Türkiye,2008,0.571482241153717,19014.820337479752,19144.75076261483,71.562338,0.6934049629260952,0.3183801727565295,0.3149474581650093,-1.1445090984441708,-0.36614108837855386,-0.5481869958318935,0.1820459074533396,19.966926637660865,2008,0.7361177396164095,0.6203411536771991
TWN,Taiwan,2008,0.400041073560715,44453.21392195114,44431.39108369812,22.997696,0.48538772652197,0.7443153117864076,0.7309342314276708,-0.2952905277649859,-0.7228072712957379,0.07693785885674623,-0.799745130152484,-55.05565008830704,2008,0.7361177396164095,0.6203411536771991
USA,United States,2008,0.824168086051941,59723.63219998845,60787.1258087258,304.970333,1.0,1.0,1.0,0.0,0.0,0.29430645468524425,-0.29430645468524425,-25.49518670367663,2008,0.7361177396164095,0.6203411536771991
AUS,Australia,2009,0.960882008075714,49148.34776514597,49302.44721448288,21.783011,1.167339018739857,0.8491593710610323,0.8416120316284542,-0.16350839407875398,0.154726815606183,0.10503488987249715,0.04969192573368586,5.0947276687128396,2009,0.7907258450201349,0.6402578772948921
AUT,Austria,2009,1.00041306018829,49990.96546989563,50181.18640403803,8.345066,1.215363790975172,0.8637176777538471,0.8566124528322074,-0.1465093254353436,0.19504344841682572,0.11847649279011312,0.0765669556267126,7.9574471502645405,2009,0.7907258450201349,0.6402578772948921
BEL,Belgium,2009,1.05114591121674,46522.61099784656,46718.34878781756,10.812935,1.2769972028193866,0.8037932685717644,0.7975004621290231,-0.21841317150849188,0.24451138661682592,0.06162026334372522,0.1828911232731007,20.068367445551914,2009,0.7907258450201349,0.6402578772948921
BGR,Bulgaria,2009,0.370315283536911,18251.03321830056,17867.55563326496,7.488011,0.4498819585289677,0.3153317780472102,0.3050061537782892,-1.1541299308075397,-0.7987700450082782,-0.6782751618525165,-0.12049488315576173,-11.351837667784004,2009,0.7907258450201349,0.6402578772948921
CAN,Canada,2009,0.917777419090271,46010.29832642403,45977.7756229829,33.82637,1.1149728924240785,0.7949417989774953,0.7848585889352941,-0.22948637584104184,0.10883009288926339,0.05286439449078903,0.05596569839847436,5.756140706446677,2009,0.7907258450201349,0.6402578772948921
CHE,Switzerland,2009,1.23393988609314,62207.40451390572,63930.28418207349,7.737645,1.4990666530436654,1.0747869032095532,1.0913149223402832,0.07212241235703887,0.40484268313770233,0.2913542584042153,0.11348842473348703,12.017892244776608,2009,0.7907258450201349,0.6402578772948921
CYP,Cyprus,2009,0.798746109008789,42638.193077960736,42786.334092892015,0.808035,0.9703662793935132,0.7366803333913144,0.7303794354304313,-0.3056012211956301,-0.030081671138345895,-0.007321580920794657,-0.022760090217551238,-2.2503033270592665,2009,0.7907258450201349,0.6402578772948921
CZE,Czechia,2009,0.586519718170166,34035.500243019254,33594.023261716626,10.420985,0.7125405060413929,0.5880475192821368,0.5734630989993025,-0.5309475192431999,-0.3389185178708537,-0.18550872286661846,-0.15340979500423524,-14.22218634177349,2009,0.7907258450201349,0.6402578772948921
DEU,Germany,2009,0.944336295127869,46805.29442270561,46589.94335017029,80.935283,1.1472382611498917,0.8086773244999459,0.7953085311528522,-0.2123552987195646,0.13735754207649237,0.06641037992377422,0.07094716215271815,7.3524501646106355,2009,0.7907258450201349,0.6402578772948921
DNK,Denmark,2009,1.30173230171204,49039.33843824917,48571.2141824998,5.523173,1.5814250813017323,0.8472759650936579,0.8291295981507844,-0.16572882264570074,0.4583263907171895,0.10327913961759133,0.35504725109959817,42.62480444777383,2009,0.7907258450201349,0.6402578772948921
ESP,Spain,2009,0.853541135787964,40408.06747180991,40325.771767150894,46.63518,1.0369346741127807,0.6981493930196201,0.6883766754273315,-0.3593221690068729,0.036268932193475045,-0.04980012277412221,0.08606905496759726,8.988158744429576,2009,0.7907258450201349,0.6402578772948921
EST,Estonia,2009,0.593977212905884,25252.55242396563,24913.756375849734,1.334528,0.7216003328608005,0.4363003541133732,0.4252875527204228,-0.8294243872247264,-0.3262838489522324,-0.4215220965202742,0.09523824756804183,9.992087738585598,2009,0.7907258450201349,0.6402578772948921
FIN,Finland,2009,1.08755970001221,47076.37448453376,46647.47876230413,5.338856,1.3212349303695468,0.8133609036084266,0.7962906831114738,-0.20658035205830627,0.2785668525513034,0.07097677950244394,0.20759007304885949,23.070856552053208,2009,0.7907258450201349,0.6402578772948921
FRA,France,2009,1.01140677928925,42905.22425030806,42528.40661809165,65.186042,1.2287196423281566,0.7412939579112612,0.7259765126883778,-0.29935802801872435,0.2059726860321507,-0.0023849267203619184,0.2083576127525126,23.165354581675125,2009,0.7907258450201349,0.6402578772948921
GBR,United Kingdom,2009,0.861838340759277,46163.241402544445,45927.65687053319,62.506226,1.0470146329715095,0.7975842692177391,0.7840030422544492,-0.22616778317476588,0.04594290788577764,0.05548849148110771,-0.009545583595330073,-0.9500169129642133,2009,0.7907258450201349,0.6402578772948921
GRC,Greece,2009,0.824333608150482,37789.32008794688,37138.44188400342,11.108069,1.0014515592603803,0.6529040494309626,0.6339677093418137,-0.42632509858644785,0.001450506766618726,-0.10278107088475619,0.10423157765137492,10.985744333813564,2009,0.7907258450201349,0.6402578772948921
HKG,"China, Hong Kong SAR",2009,0.565211296081543,54907.884416474735,56016.42080711822,7.064467,0.6866537141951791,0.948669624057037,0.9562221833520737,-0.052694671587489826,-0.37592516886708,0.1926581642292287,-0.5685833330963087,-43.367283237092714,2009,0.7907258450201349,0.6402578772948921
HRV,Croatia,2009,0.609974324703217,25640.91777867223,24981.081937719955,4.31053,0.7410346157709027,0.4430103269881565,0.4264368263591049,-0.8141621977230292,-0.29970793983666955,-0.4094538888296873,0.10974594899301776,11.599451491131042,2009,0.7907258450201349,0.6402578772948921
HUN,Hungary,2009,0.497559100389481,26617.441491562466,26040.61785285988,10.001378,0.6044656337950457,0.4598821914468863,0.4445235182883095,-0.7767849278498704,-0.503410461171891,-0.3798987155246882,-0.12351174564720285,-11.618873975214406,2009,0.7907258450201349,0.6402578772948921
ISL,Iceland,2009,0.863734662532806,50806.90755429017,49837.397740041175,0.318612,1.049318402195745,0.8778150970713291,0.8507438460529433,-0.130319303116127,0.04814081262038422,0.1312783618693705,-0.08313754924898628,-7.977543768295037,2009,0.7907258450201349,0.6402578772948921
ISR,Israel,2009,0.839241325855255,36840.94775451229,36572.61157775306,7.206096,1.0195623787063506,0.6365185697391693,0.6243087649991801,-0.45174168664329223,0.019373494748007463,-0.1228786239535331,0.14225211870154056,15.286727129923738,2009,0.7907258450201349,0.6402578772948921
ITA,Italy,2009,0.941898822784424,42407.11932306368,42466.96089293522,59.90401,1.1442770686728876,0.7326879622679815,0.7249276101590811,-0.31103536722921904,0.13477305652952212,-0.01161850063516709,0.1463915571646892,15.764938522968963,2009,0.7907258450201349,0.6402578772948921
JPN,Japan,2009,1.02270078659058,41912.5475934741,41639.60254451764,128.19247,1.2424403023987698,0.7241430113603808,0.7108042799830501,-0.3227663765995159,0.21707743147524444,-0.02089451293243416,0.2379719444076786,26.86735989363287,2009,0.7907258450201349,0.6402578772948921
KOR,Republic of Korea,2009,0.542940557003021,39336.07251098309,39888.53297033431,48.546687,0.6595978400253666,0.6796280264201544,0.6809128383789448,-0.38620965045235395,-0.4161249629755441,-0.07106074926056338,-0.3450642137149807,-29.18251225320141,2009,0.7907258450201349,0.6402578772948921
LTU,Lithuania,2009,0.518188714981079,22854.059557816097,22393.81108820221,3.163254,0.6295277682214818,0.3948604525434112,0.3822711023624255,-0.9292228612009815,-0.4627853149194188,-0.5004353291868684,0.03765001426744957,3.8367755376715884,2009,0.7907258450201349,0.6402578772948921
LVA,Latvia,2009,0.572833716869354,20947.255435581825,20543.050562593748,2.142043,0.6959139034047626,0.3619156911668895,0.3506778972779216,-1.016343991610195,-0.3625293283040929,-0.5693242586488032,0.2067949303447103,22.97303655395526,2009,0.7907258450201349,0.6402578772948921
MYS,Malaysia,2009,0.330946892499924,22353.912002434296,22524.89779652661,28.124778,0.402054797049988,0.3862191654426695,0.3845088036763671,-0.9513502845259518,-0.9111668885830039,-0.5179320546936239,-0.39323483388937996,-32.51297534286724,2009,0.7907258450201349,0.6402578772948921
NLD,Netherlands,2009,0.981592416763306,55134.01566756473,54640.894201982126,16.68415,1.192499306841713,0.9525766011922684,0.9327414069177647,-0.04858475401566039,0.1760513625153793,0.19590798227417666,-0.01985661975879735,-1.9660775495147886,2009,0.7907258450201349,0.6402578772948921
NOR,Norway,2009,1.28725290298462,67457.84460704429,67644.97740867324,4.828623,1.5638346102966,1.1655012529286486,1.1547261866881653,0.15315125450695244,0.44714088863921736,0.3554258580842088,0.09171503055500857,9.605243611830172,2009,0.7907258450201349,0.6402578772948921
NZL,New Zealand,2009,0.752926826477051,37081.18011065204,36716.1602956018,4.304304,0.9147021751013776,0.640669178370469,0.6267591976833988,-0.44524205767430836,-0.08915675838301766,-0.117739199344716,0.028582440961698333,2.899483866191388,2009,0.7907258450201349,0.6402578772948921
PAN,Panama,2009,0.410492300987244,16666.216684958763,16978.69095293124,3.564381,0.4986914894934295,0.2879501493273532,0.2898328864919001,-1.2449679064418033,-0.6957676319588126,-0.750103096895838,0.054335464937025346,5.583873962770447,2009,0.7907258450201349,0.6402578772948921
POL,Poland,2009,0.465890854597092,24215.847101302545,23794.662105346397,38.002155,0.565993086013105,0.4183887033703038,0.4061841764015002,-0.8713443661888836,-0.5691734163781136,-0.45466930730993366,-0.11450410906817993,-10.81917260904045,2009,0.7907258450201349,0.6402578772948921
PRT,Portugal,2009,0.765803456306458,32481.17341402217,32313.666887380965,10.576267,0.9303455031098172,0.5611926756800402,0.5516069155785222,-0.5776909820149783,-0.0721992531068795,-0.22246998696600012,0.15027073385912063,16.214883317969743,2009,0.7907258450201349,0.6402578772948921
ROU,Romania,2009,0.425298929214478,19699.76493574575,19527.404104121084,20.576927,0.5166794991765739,0.3403622047036753,0.3333404155173747,-1.0777449204577825,-0.6603325209294411,-0.6178755599968331,-0.04245696093260798,-4.156828535956425,2009,0.7907258450201349,0.6402578772948921
SVK,Slovakia,2009,0.563446700572968,29364.70754435455,28792.402164278923,5.385073,0.6845099742019848,0.5073480131805852,0.491497551339074,-0.6785580943372759,-0.3790520628448448,-0.30222821959178975,-0.07682384325305502,-7.3947030282284,2009,0.7907258450201349,0.6402578772948921
SVN,Slovenia,2009,0.753713607788086,33940.262718804406,33663.510330820085,2.035608,0.9156580058026162,0.5864020552972612,0.5746492704107469,-0.5337496234750784,-0.08811234013343325,-0.18772441910320503,0.09961207896977178,10.474228217834414,2009,0.7907258450201349,0.6402578772948921
SWE,Sweden,2009,0.982362270355225,49220.297588705565,48514.57025360425,9.29874,1.1934345727005915,0.8504024823699571,0.8281626641592562,-0.16204553289709173,0.17683534560460182,0.1061916120165142,0.07064373358808762,7.319881306158482,2009,0.7907258450201349,0.6402578772948921
TUR,Türkiye,2009,0.483282327651978,18610.5389333046,18658.267247038177,72.464848,0.587121325401194,0.3215431292060414,0.3185039098796213,-1.134623594360731,-0.5325237932856997,-0.6628509974823666,0.130327204196667,13.920107372053492,2009,0.7907258450201349,0.6402578772948921
TWN,Taiwan,2009,0.377893477678299,44482.22032444014,44311.40856286323,23.078402,0.4590884184673152,0.7685404688392514,0.7564130523313002,-0.26326205787238166,-0.7785124546465177,0.026157089775426468,-0.8046695444219443,-55.27643063275419,2009,0.7907258450201349,0.6402578772948921
USA,United States,2009,0.823138773441315,57878.8263311923,58580.96766878018,308.023454,1.0,1.0,1.0,0.0,0.0,0.2343252029483051,-0.2343252029483051,-20.889549545864828,2009,0.7907258450201349,0.6402578772948921
AUS,Australia,2010,1.12857532501221,51694.59782478948,51867.942492453454,22.141581,1.3553117763981892,0.8787033387719662,0.8699108943815171,-0.12930793681535374,0.3040315211470612,0.1350484344145868,0.16898308673247442,18.410011175264017,2010,0.8360494798991843,0.6618763387865915
AUT,Austria,2010,0.957409858703613,50825.69250284396,51026.138594769785,8.365092,1.1497583081808869,0.8639337102305457,0.855792455393227,-0.1462592373917406,0.13955175348779328,0.12087630838408382,0.018675445103709457,1.885092189553128,2010,0.8360494798991843,0.6618763387865915
BEL,Belgium,2010,0.998717308044434,48379.42593081266,48577.18459056751,10.936626,1.1993646315727091,0.8223521389480748,0.8147194599027126,-0.1955865827791199,0.18179194288385403,0.07963620692815793,0.1021557359556961,10.75559445809886,2010,0.8360494798991843,0.6618763387865915
BGR,Bulgaria,2010,0.35568368434906,18863.35395333897,18550.19635705017,7.437599,0.4271423230574016,0.3206387668478553,0.3111173709321926,-1.1374401264417222,-0.8506380120207873,-0.7077999583921644,-0.1428380536286229,-13.310555206154561,2010,0.8360494798991843,0.6618763387865915
CAN,Canada,2010,1.01714026927948,48045.93539314778,48067.37374052541,34.196899,1.221488858254446,0.8166834760466204,0.8061690915785779,-0.2025036814090703,0.20007049031052657,0.07385317021617654,0.12621732009435002,13.452869737774865,2010,0.8360494798991843,0.6618763387865915
CHE,Switzerland,2010,1.29938912391663,63386.73974887784,64886.25599351271,7.825753,1.560442925463466,1.0774460426210983,1.0882494710985933,0.07459346528816128,0.44496970754106724,0.305520095593945,0.13944961194712224,14.96408760933392,2010,0.8360494798991843,0.6618763387865915
CYP,Cyprus,2010,0.776794970035553,42555.28690234204,42698.143926789686,0.829446,0.93285698118969,0.7233535854215566,0.7161182569983103,-0.3238571232290363,-0.06950337907053691,-0.027604311701382,-0.04189906736915491,-4.103343329356701,2010,0.8360494798991843,0.6618763387865915
CZE,Czechia,2010,0.585077345371246,34245.45060772446,33878.697366742366,10.464035,0.7026223227739463,0.5821032187685945,0.5682016002672857,-0.5411074951396039,-0.3529357679871056,-0.20923637214511637,-0.1436993958419892,-13.385192335739083,2010,0.8360494798991843,0.6618763387865915
DEU,Germany,2010,0.891297876834869,49350.95137598576,49235.51906940962,80.830924,1.0703640970884525,0.8388661014953595,0.825760814307219,-0.17570417822459442,0.06799886824526376,0.09625888091511414,-0.028260012669850385,-2.786443362705515,2010,0.8360494798991843,0.6618763387865915
DNK,Denmark,2010,1.25486373901367,50945.97910943366,50571.15009869565,5.547863,1.5069721670920733,0.8659783386301739,0.8481615483139509,-0.14389538386166484,0.41010245039090515,0.1228526068984615,0.28724984349244365,33.27571525841899,2010,0.8360494798991843,0.6618763387865915
ESP,Spain,2010,0.827556490898132,39542.5784680944,39475.06473621924,46.840471,0.9938167465577584,0.6721436510896872,0.6620619060694194,-0.39728319480128,-0.0062024489217236516,-0.08899214065039657,0.08278969172867291,8.631332384571122,2010,0.8360494798991843,0.6618763387865915
EST,Estonia,2010,0.564720273017883,26352.49778342827,26092.03769598963,1.331448,0.6781754123355983,0.4479390257713753,0.4376064821090024,-0.8030981590189258,-0.3883493042450617,-0.42827353041986543,0.039924226174803734,4.073191096664397,2010,0.8360494798991843,0.6618763387865915
FIN,Finland,2010,1.05298399925232,47687.889798353644,47311.80721936849,5.36335,1.2645337736141729,0.8105974269657369,0.7934969955477784,-0.20998373902719217,0.23470349583737274,0.06759947193492982,0.16710402390244292,18.187720239285433,2010,0.8360494798991843,0.6618763387865915
FRA,France,2010,0.96991366147995,43819.4551224128,43526.64875663213,65.510017,1.164774187738901,0.7448418817327218,0.7300136486968052,-0.2945833224134591,0.1525272379631122,-0.003129965754846309,0.15565720371795852,16.842560247922012,2010,0.8360494798991843,0.6618763387865915
GBR,United Kingdom,2010,0.929484784603119,44965.92834740513,44887.87685546581,63.006483,1.116222946431965,0.7643296017847837,0.7528436877538961,-0.26875616690005083,0.10995061679569204,0.018462814179414005,0.09148780261627804,9.580341067634235,2010,0.8360494798991843,0.6618763387865915
GRC,Greece,2010,0.786106109619141,35207.29716027532,34728.85319294864,11.12467,0.9440387754834716,0.5984526597677746,0.5824601148641654,-0.5134078552449047,-0.0575880379562043,-0.18607810261775842,0.12849006466155413,13.711012366116382,2010,0.8360494798991843,0.6618763387865915
HKG,"China, Hong Kong SAR",2010,0.566661238670349,57243.71470610144,58309.673522241486,7.101617,0.6805063277366977,0.9730270734757588,0.977949342259094,-0.02734337243939046,-0.38491815827595327,0.22029585542925778,-0.6052140137052111,-45.4042428266935,2010,0.8360494798991843,0.6618763387865915
HRV,Croatia,2010,0.591547012329102,24945.652189707624,24384.07752470563,4.301145,0.7103917783193806,0.4240255034236657,0.4089611746459997,-0.8579616759749759,-0.34193866068283074,-0.47414214523641124,0.1322034845535805,14.134054081011538,2010,0.8360494798991843,0.6618763387865915
HUN,Hungary,2010,0.478300303220749,27602.15533339633,27127.07629593725,9.979129,0.5743932365373066,0.4691806701149543,0.4549657855811004,-0.7567673605899191,-0.554441036148041,-0.3895386904899805,-0.16490234565806045,-15.202349136733096,2010,0.8360494798991843,0.6618763387865915
ISL,Iceland,2010,0.907200574874878,48379.979566952585,47686.06210888144,0.318158,1.0894617270405298,0.8223615496398121,0.7997738669642652,-0.19557513921687228,0.08568374586446516,0.07964577431242323,0.006037971552041929,0.6056236845543017,2010,0.8360494798991843,0.6618763387865915
ISR,Israel,2010,0.881186187267304,38333.24700973935,38142.92904132424,7.336735,1.0582209182979223,0.6515874685318847,0.6397197945821119,-0.4283436342809789,0.056589119103818086,-0.11496020492283893,0.171549324026657,18.714269594621634,2010,0.8360494798991843,0.6618763387865915
ITA,Italy,2010,0.8875812292099,42413.20749928201,42504.80680267521,60.164213,1.065900756287706,0.7209385236724988,0.7128756747312376,-0.32720141069656516,0.06382022224240125,-0.030400301499242832,0.09422052374164408,9.880203113660269,2010,0.8360494798991843,0.6618763387865915
JPN,Japan,2010,1.07023143768311,43441.54584058114,43219.32842910389,128.185275,1.2852463090558806,0.738418190250995,0.7248593802193037,-0.3032449614124774,0.2509503801780098,-0.01037152453505008,0.2613219047130599,29.86456383079277,2010,0.8360494798991843,0.6618763387865915
KOR,Republic of Korea,2010,0.609160661697388,41469.40899252013,41921.91672832427,48.769332,0.7315440983153263,0.7048958628546218,0.7030996473521198,-0.34970519934334693,-0.3125977755607125,-0.0492145822931459,-0.2633831932675666,-23.155262297568623,2010,0.8360494798991843,0.6618763387865915
LTU,Lithuania,2010,0.482362329959869,24557.910737574734,24224.379140141784,3.09772,0.5792713448510021,0.4174346849841019,0.4062827694910731,-0.873627190081585,-0.5459842672315983,-0.4872392901575951,-0.058744977074003224,-5.705278834640149,2010,0.8360494798991843,0.6618763387865915
LVA,Latvia,2010,0.522371232509613,21496.23527824692,21176.1576599831,2.097831,0.6273182368790986,0.3653924105192555,0.3551590706001137,-1.0067834055898555,-0.4663013122805039,-0.5985644748786283,0.13226316259812437,14.140865581421448,2010,0.8360494798991843,0.6618763387865915
MYS,Malaysia,2010,0.375467449426651,23532.066449709822,23725.68579193249,28.655776,0.4509007459086758,0.3999974122566452,0.397918859998693,-0.9162972012534685,-0.7965080392901643,-0.5229135308051407,-0.27359450848502365,-23.935955401740504,2010,0.8360494798991843,0.6618763387865915
NLD,Netherlands,2010,0.975459814071655,54807.10722853743,54457.71808098808,16.771235,1.171434590243411,0.931609687212904,0.9133456999706796,-0.07084134255789111,0.15822914321436243,0.18392940013501508,-0.025700256920652642,-2.5372816416788457,2010,0.8360494798991843,0.6618763387865915
NOR,Norway,2010,1.37092041969299,70210.15948131807,70328.89787656862,4.889162,1.6463452178476043,1.193430341813432,1.1795315470933434,0.1768318004629109,0.49855781164197277,0.39099640254255286,0.10756140909941991,11.355924131708006,2010,0.8360494798991843,0.6618763387865915
NZL,New Zealand,2010,0.873283863067627,38131.94393332674,37892.92772501765,4.34777,1.0487309774748563,0.6481657244272425,0.6355268604070873,-0.43360886775479296,0.0475808403509702,-0.11936220063016895,0.16694304098113916,18.168695566183878,2010,0.8360494798991843,0.6618763387865915
PAN,Panama,2010,0.415976971387863,17630.78001004538,17949.729754914864,3.628535,0.4995488343025078,0.299687509176284,0.3010465562090955,-1.2050149832848716,-0.694049919300962,-0.7642958823101413,0.07024596300917929,7.27720110387009,2010,0.8360494798991843,0.6618763387865915
POL,Poland,2010,0.47554612159729,25706.747327252608,25383.123520767665,38.095351,0.5710857259920329,0.4369625774434811,0.4257168228209595,-0.8279077226942204,-0.5602159475090988,-0.4490155532271212,-0.11120039428197753,-10.524057371075857,2010,0.8360494798991843,0.6618763387865915
PRT,Portugal,2010,0.733076393604279,33137.331429500526,33009.29654606538,10.57866,0.8803551231643706,0.5632674397387847,0.5536203153898072,-0.5740007374526512,-0.1274299038634822,-0.23673675027313745,0.10930684640965524,11.550458640910177,2010,0.8360494798991843,0.6618763387865915
ROU,Romania,2010,0.408848762512207,20087.500661933245,19968.410795918324,20.432574,0.4909885324602731,0.3414467786179494,0.3349031648475783,-1.0745634580376149,-0.7113345069384188,-0.6552319524751171,-0.0561025544633017,-5.45578283960706,2010,0.8360494798991843,0.6618763387865915
SVK,Slovakia,2010,0.53110545873642,31063.178720999524,30592.285817059856,5.391851,0.6378072130250101,0.5280110495786361,0.5130830612794318,-0.6386380682625817,-0.4497192152430824,-0.29077675707885137,-0.15894245816423103,-14.695455664227975,2010,0.8360494798991843,0.6618763387865915
SVN,Slovenia,2010,0.721198558807373,33848.93823987143,33617.93475363541,2.044612,0.8660909716969577,0.5753633125471023,0.5638281814060665,-0.5527535898086273,-0.14376532778796042,-0.21897308353601008,0.07520775574804967,7.8108110776381245,2010,0.8360494798991843,0.6618763387865915
SWE,Sweden,2010,1.07725191116333,51263.74699410293,50647.42613533126,9.378232,1.2936772309206048,0.8713797483124733,0.8494408231812587,-0.13767740597226216,0.2574887298182245,0.12805114407892126,0.12943758573930325,13.818807007888223,2010,0.8360494798991843,0.6618763387865915
TUR,Türkiye,2010,0.524295628070831,20507.805190437222,20598.288044562672,73.346769,0.62962925317439,0.3485911033257106,0.3454672445929528,-1.0538556673759012,-0.46262411984778995,-0.6379192148625301,0.17529509501474017,19.159779930480703,2010,0.8360494798991843,0.6618763387865915
TWN,Taiwan,2010,0.395088821649551,48202.40078323498,48100.61692373191,23.140948,0.4744641503650872,0.8193430704038077,0.8067266345588002,-0.19925239345679327,-0.745569216230879,0.07657140781768024,-0.8221406240485593,-56.05101357163556,2010,0.8360494798991843,0.6618763387865915
USA,United States,2010,0.832705318927765,58830.5467201654,59624.43145321239,311.06279,1.0,1.0,1.0,0.0,0.0,0.24315626773589988,-0.24315626773589988,-21.585103298692975,2010,0.8360494798991843,0.6618763387865915
AUS,Australia,2011,1.27062022686005,53265.06270636606,53572.05532528684,22.479775,1.5004715925327945,0.9010512899615352,0.8914231849039971,-0.10419309739851083,0.4057794537182688,0.17353406055322715,0.23224539316504164,26.142923696412048,2011,0.8851795958463304,0.658299600187439
AUT,Austria,2011,1.00098741054535,53449.36329940536,53768.66674132967,8.39327,1.1820630132088157,0.9041689862273634,0.8946947408227159,-0.10073900439207026,0.1672612282303001,0.17659155320468384,-0.009330324974383741,-0.9286932552318938,2011,0.8851795958463304,0.658299600187439
BEL,Belgium,2011,1.03544354438782,50128.39114741674,50425.30862749194,11.038631,1.2227521577118083,0.847990206189655,0.839062248845036,-0.1648861925615798,0.20110418507434,0.1198097711061189,0.0812944139682211,8.4690197506464,2011,0.8851795958463304,0.658299600187439
BGR,Bulgaria,2011,0.404819786548615,18928.541485293077,18706.921301079605,7.380025,0.4780504646242259,0.320202133553019,0.3112776477344817,-1.1388028152530303,-0.7380389775356101,-0.7422813513559223,0.0042423738203122285,0.4251385427156418,2011,0.8851795958463304,0.658299600187439
CAN,Canada,2011,1.0727264881134,49906.67608688782,50060.60259318847,34.555452,1.2667794734774915,0.844239593102146,0.832993648103876,-0.1693189465888276,0.23647783210734732,0.11588598768779348,0.12059184441955384,12.81643518077058,2011,0.8851795958463304,0.658299600187439
CHE,Switzerland,2011,1.40549099445343,69843.7128050084,71469.03127626551,7.914372,1.6597400750887934,1.1815018010132616,1.1892235811273844,0.16678634198836245,0.5066610088365135,0.41339953119236483,0.09326147764414872,9.774873449746924,2011,0.8851795958463304,0.658299600187439
CYP,Cyprus,2011,0.862444758415222,39541.21338647825,39781.749923020965,0.850881,1.0184584132811718,0.6688936334298605,0.6619565742271399,-0.40213022487308053,0.018290124512045987,-0.09019380553232909,0.10848393004437507,11.458699703084063,2011,0.8851795958463304,0.658299600187439
CZE,Czechia,2011,0.610195934772492,35950.190991177085,35681.7131152547,10.495511,0.7205785384573161,0.6081465846672547,0.5937331721715263,-0.4973393328715443,-0.3277008639907691,-0.1744709652712989,-0.15322989871947018,-14.206753843698184,2011,0.8851795958463304,0.658299600187439
DEU,Germany,2011,0.926803410053253,51883.91423697339,51923.16211529381,80.857874,1.094459350835282,0.8776872771031419,0.8639860886810943,-0.130464925213019,0.090260497807568,0.15027877462623643,-0.060018276818668434,-5.825267871806639,2011,0.8851795958463304,0.658299600187439
DNK,Denmark,2011,1.2793140411377,52327.42015624549,52109.06811511136,5.570849,1.5107380915846835,0.885189785508486,0.8670795096343109,-0.12195321006241361,0.4125983337758304,0.1578131712032084,0.25478516257262196,29.018441119670445,2011,0.8851795958463304,0.658299600187439
ESP,Spain,2011,0.865976810455322,38718.48983158724,38757.56326704923,46.998043,1.0226294028793892,0.6549761407479701,0.6449144106353399,-0.42315647034931736,0.022377156310628542,-0.10880580900515013,0.13118296531577867,14.017637495919487,2011,0.8851795958463304,0.658299600187439
EST,Estonia,2011,0.57696133852005,30648.093571967773,30451.16513875684,1.327358,0.6813319040090998,0.5184543647328306,0.506698398021242,-0.6569032692017717,-0.38370571416285437,-0.3157137059437391,-0.06799200821911527,-6.573205998795739,2011,0.8851795958463304,0.658299600187439
FIN,Finland,2011,1.08229506015778,50081.88200936076,49817.81740089205,5.388241,1.2780789713370335,0.8472034405930131,0.828953774179863,-0.16581442356884643,0.24535814695471686,0.11898811995825459,0.12637002699646227,13.470196096941912,2011,0.8851795958463304,0.658299600187439
FRA,France,2011,0.994051456451416,45220.35400481571,45067.91237558701,65.836675,1.1738723659445438,0.7649640540775458,0.7499167568405204,-0.2679264343935053,0.16030799824238592,0.028600651485426953,0.13170734675695897,14.077441907781019,2011,0.8851795958463304,0.658299600187439
GBR,United Kingdom,2011,0.976764857769013,44833.66487278199,44932.88658500879,63.509285,1.15345867371287,0.7584226792338915,0.7476699675480326,-0.2765144244353153,0.14276497112630218,0.020998737931085226,0.12176623319521696,12.949003364014011,2011,0.8851795958463304,0.658299600187439
GRC,Greece,2011,0.836218178272247,31162.3868109049,30898.71176064764,11.108844,0.9874875239139644,0.5271543373380897,0.5141454416833994,-0.6402619130918803,-0.012591416297845163,-0.30098311706805064,0.2883917007702055,33.42798402188913,2011,0.8851795958463304,0.658299600187439
HKG,"China, Hong Kong SAR",2011,0.582118690013886,59281.23210653272,60463.12405763989,7.14297,0.6874222048288269,1.0028230127985271,1.0060885342076102,0.0028190355812953436,-0.37480661245671865,0.26825901717494577,-0.6430656296316644,-47.43215839971645,2011,0.8851795958463304,0.658299600187439
HRV,Croatia,2011,0.596231520175934,25932.11683661837,25467.388112662426,4.280824,0.7040880033898356,0.4386771767430132,0.4237698196331834,-0.8239914969113923,-0.35085192582143815,-0.4636167958184208,0.11276486999698265,11.936870483643958,2011,0.8851795958463304,0.658299600187439
HUN,Hungary,2011,0.501234471797943,28349.175392864912,27990.182976704986,9.946676,0.5919062755592595,0.4795650236610686,0.4657483813835063,-0.7348757866343933,-0.52440697494386,-0.3847333874118682,-0.13967358753199183,-13.035794891602526,2011,0.8851795958463304,0.658299600187439
ISL,Iceland,2011,0.957874536514282,49867.69923163876,49404.43203565397,0.319137,1.1311511503338454,0.8435802463574624,0.8220751637432144,-0.1701002465389871,0.12323583129370613,0.11519439691367656,0.008041434380029577,0.8073853554096955,2011,0.8851795958463304,0.658299600187439
ISR,Israel,2011,0.923923313617706,39762.96987708377,39700.78378155174,7.471023,1.09105825364358,0.6726449473637042,0.6606093215361681,-0.3965376556171836,0.0871481001492076,-0.08524337733865167,0.17239147748785927,18.814287336887524,2011,0.8851795958463304,0.658299600187439
ITA,Italy,2011,0.923445224761963,43677.8796936384,43892.19896408488,60.36788,1.0904936799561915,0.7388709942518087,0.7303532327708946,-0.30263194126754733,0.08663051109593127,-0.002119955062979628,0.0887504661589109,9.280792974020846,2011,0.8851795958463304,0.658299600187439
JPN,Japan,2011,1.16691100597382,43149.58202739012,43056.13680168703,128.096432,1.378001686471212,0.7299341176300566,0.7164414052134661,-0.3148009987343008,0.32063439644500813,-0.01289175643323126,0.3335261528782394,39.588155238442766,2011,0.8851795958463304,0.658299600187439
KOR,Republic of Korea,2011,0.656758785247803,41057.48570107465,41517.67722705525,49.127643,0.7755644681069718,0.6945434506943534,0.6908418920804131,-0.36450055475003434,-0.2541641687994952,-0.056884789340980346,-0.19727937945851487,-17.903875843665105,2011,0.8851795958463304,0.658299600187439
LTU,Lithuania,2011,0.493830025196075,28222.24294337198,27984.161816583142,3.028642,0.5831623869057755,0.4774177879019729,0.4656481910566645,-0.7393633058176818,-0.5392895946991981,-0.3887056478288841,-0.150583946870314,-13.979448458448495,2011,0.8851795958463304,0.658299600187439
LVA,Latvia,2011,0.552395462989807,23370.91170026229,23125.70026277452,2.059941,0.6523221357088459,0.3953508935338519,0.3848048251314181,-0.9279815703593653,-0.4272167658963702,-0.5556666870051277,0.12844992110875747,13.706447693709588,2011,0.8851795958463304,0.658299600187439
MYS,Malaysia,2011,0.396340161561966,25318.95146289325,25577.050270730386,29.162039,0.4680369010598868,0.4283046469292309,0.425594565568631,-0.8479205447133166,-0.7592081377543018,-0.48479830068071555,-0.2744098370735863,-23.997947316538813,2011,0.8851795958463304,0.658299600187439
NLD,Netherlands,2011,1.00550103187561,56264.11150350984,56087.65002100461,16.851057,1.1873931350204612,0.9517842967397478,0.9332819379790516,-0.049416848918570545,0.17176026131545877,0.22202087804467885,-0.05026061672922008,-4.901844949917877,2011,0.8851795958463304,0.658299600187439
NOR,Norway,2011,1.47054493427277,72813.27327372193,73016.82546707348,4.952968,1.7365620763585787,1.2317359724382269,1.2149784195178144,0.20842453405821393,0.551907340538043,0.45025680922052785,0.10165053131751517,10.699654349865039,2011,0.8851795958463304,0.658299600187439
NZL,New Zealand,2011,0.969197332859039,39276.733663038765,39191.5870924316,4.3827,1.1445222063773386,0.6644195976573403,0.6521364389558392,-0.408841404902973,0.13498726291106072,-0.09613440515884125,0.23112166806990198,26.001253341654483,2011,0.8851795958463304,0.658299600187439
PAN,Panama,2011,0.432434797286987,19808.543138563506,20192.84527840087,3.693505,0.5106609474927465,0.335088563504651,0.33600298403801,-1.0933604134257098,-0.6720494168391609,-0.7020566644721282,0.03000724763296736,3.0462002336832494,2011,0.8851795958463304,0.658299600187439
POL,Poland,2011,0.470854222774506,28018.24838427264,27803.20868762599,38.208643,0.556030331142423,0.4739669413004231,0.4626371844123629,-0.7466177038112272,-0.5869324338050538,-0.395127092912919,-0.1918053408921348,-17.453246237223397,2011,0.8851795958463304,0.658299600187439
PRT,Portugal,2011,0.742764890193939,32788.40887588694,32771.07153114335,10.557052,0.8771288179638745,0.5546607215365801,0.5453009555005738,-0.5893986647101047,-0.1311014126029975,-0.255960007422039,0.12485859481904149,13.29882313331261,2011,0.8851795958463304,0.658299600187439
ROU,Romania,2011,0.428180485963821,21722.009284483676,21672.64441874132,20.282011,0.505637044086159,0.3674574569495663,0.3606264048623708,-1.0011477304328862,-0.6819361712579545,-0.620431879008635,-0.061504292249319525,-5.965109048120054,2011,0.8851795958463304,0.658299600187439
SVK,Slovakia,2011,0.550449967384338,32436.451357317907,32081.723548931677,5.398109,0.6500247058177624,0.5487068793742881,0.5338304085880266,-0.6001908974082534,-0.4307449078643724,-0.2655130716000658,-0.1652318362643066,-15.230284563641172,2011,0.8851795958463304,0.658299600187439
SVN,Slovenia,2011,0.736130237579346,35218.27932906222,35087.71916444911,2.048804,0.8692939767075527,0.595765299190843,0.5838492881908628,-0.5179084827776868,-0.14007391782075213,-0.1926783570721206,0.052604439251368484,5.401263662108757,2011,0.8851795958463304,0.658299600187439
SWE,Sweden,2011,1.15012860298157,54389.45331586318,53897.09328001276,9.449259,1.3581833974089192,0.92007189291648,0.8968317205119204,-0.08330346751773672,0.3061480696565023,0.1920251346884702,0.11412293496803211,12.088991298011154,2011,0.8851795958463304,0.658299600187439
TUR,Türkiye,2011,0.490092426538467,23027.2596572969,23187.6513226003,74.215203,0.5787486679270619,0.389537549835772,0.3858356724775346,-0.9427950130913904,-0.5468869752222479,-0.5687792442557544,0.021892269033506495,2.2133663091393085,2011,0.8851795958463304,0.658299600187439
TWN,Taiwan,2011,0.425631701946259,48822.79501540042,48846.51392686526,23.193518,0.5026271927293108,0.8259042643142596,0.8127915711232894,-0.19127641494564399,-0.6879065512190081,0.09644968472189816,-0.7843562359409063,-54.3586570208084,2011,0.8851795958463304,0.658299600187439
USA,United States,2011,0.846813917160034,59114.35153557117,60097.22007741626,314.105078,1.0,1.0,1.0,0.0,0.0,0.2657636643984183,-0.2657636643984183,-23.337971424047733,2011,0.8851795958463304,0.658299600187439
AUS,Australia,2012,1.30656909942627,53025.74069766281,53331.61340105766,22.852644,1.4947191878984485,0.881781944521767,0.875239934950063,-0.12581048197470365,0.4019383550179607,0.09717988265237461,0.3047584723655861,35.62973801450413,2012,0.9238534499719409,0.6577921641691349
AUT,Austria,2012,0.938789963722229,54445.94686110028,54831.527547378006,8.431601,1.0739786918260026,0.9053990055178218,0.8998554430162425,-0.0993795423707409,0.07137015587682431,0.1215981973914956,-0.05022804151467129,-4.8987470566569264,2012,0.9238534499719409,0.6577921641691349
BEL,Belgium,2012,0.9827019572258,50174.789273355214,50576.57795377869,11.107518,1.1242141514717887,0.8343725645190119,0.8300262822610233,-0.1810752563263079,0.11708425954413663,0.046123330205724206,0.07096092933841243,7.353928115900388,2012,0.9238534499719409,0.6577921641691349
BGR,Bulgaria,2012,0.380504637956619,19241.440651200064,18924.79210098545,7.317014,0.4352985109534998,0.3199720499814386,0.3105800247003494,-1.1395216308110618,-0.8317232511660102,-0.8393406594751146,0.007617408309104401,0.7646494570850315,2012,0.9238534499719409,0.6577921641691349
CAN,Canada,2012,1.08033013343811,50047.03126200873,50187.85373310445,34.922516,1.2359010942658195,0.8322480358242471,0.8236468210011902,-0.1836247626087939,0.21180033501312798,0.04376796003092437,0.1680323749822036,18.297490881947652,2012,0.9238534499719409,0.6577921641691349
CHE,Switzerland,2012,1.31573176383972,71392.49850542436,73445.19595505697,7.998926,1.5052013050073494,1.187208614686172,1.2053295302861375,0.17160484971038997,0.4089266467360713,0.37194806290419746,0.03697858383187386,3.7670797667927802,2012,0.9238534499719409,0.6577921641691349
CYP,Cyprus,2012,0.812972366809845,38084.885141704624,38198.22786028046,0.863945,0.9300429624697878,0.6333256949416014,0.6268817374082392,-0.45677046318696884,-0.0725244976977743,-0.20857863779322533,0.13605414009545103,14.574392260105062,2012,0.9238534499719409,0.6577921641691349
CZE,Czechia,2012,0.563520312309265,35928.606659062454,35652.81717485928,10.507335,0.64466902205865,0.5974682527194229,0.5851082949665926,-0.5150541301120853,-0.43901823798496925,-0.26242420455900967,-0.17659403342595958,-16.188003584197453,2012,0.9238534499719409,0.6577921641691349
DEU,Germany,2012,0.878149211406708,52144.36778506802,52078.17600365018,80.91639,1.0046054791161596,0.8671253134122103,0.8546694253365448,-0.14257177583840883,0.004594906346566628,0.08169490349039707,-0.07709999714383044,-7.420272810533635,2012,0.9238534499719409,0.6577921641691349
DNK,Denmark,2012,1.21587777137756,52620.20385853367,52377.31979927456,5.591917,1.3909680213739033,0.8750381431551552,0.859578757335449,-0.13348780139731378,0.3299999230105429,0.09008716461725966,0.23991275839328322,27.113824934065356,2012,0.9238534499719409,0.6577921641691349
ESP,Spain,2012,0.793964862823486,38137.27310095683,38124.02826447043,47.018323,0.9082983177089844,0.6341968710151678,0.6256640272121924,-0.45539585064097915,-0.09618241060715593,-0.20730869725023804,0.1111262866430821,11.753602781690065,2012,0.9238534499719409,0.6577921641691349
EST,Estonia,2012,0.547605633735657,32371.73230457669,32182.34083532181,1.322616,0.6264625793656047,0.5383198552910716,0.5281533428855392,-0.6193023689179235,-0.46766623609374075,-0.35873429963328196,-0.10893193646045879,-10.320854577837125,2012,0.9238534499719409,0.6577921641691349
FIN,Finland,2012,1.03680264949799,49056.47698334549,48819.08768997839,5.413971,1.1861055147784372,0.8157757929757371,0.8011836209187464,-0.20361572528256525,0.17067526354775345,0.025299240196500428,0.14537602335125302,15.647434987993524,2012,0.9238534499719409,0.6577921641691349
FRA,France,2012,0.932949006557465,45376.44192907362,45150.62301673121,66.16917,1.0672966183300816,0.7545793170119954,0.7409794272478346,-0.2815948810350994,0.06512892649847209,-0.04674207187137758,0.11187099836984966,11.836857996909922,2012,0.9238534499719409,0.6577921641691349
GBR,United Kingdom,2012,0.988178193569183,45832.611272922826,45758.65545357662,63.960484,1.1304789831929092,0.7621651024391909,0.7509580166160226,-0.27159207689731196,0.12264142184473135,-0.037500946759289056,0.16014236860402042,17.367795398972042,2012,0.9238534499719409,0.6577921641691349
GRC,Greece,2012,0.764684438705444,29378.84640693073,28906.174620742488,11.048298,0.8748014197812284,0.4885502016882065,0.4743872682878947,-0.7163130457616449,-0.13375836720275674,-0.44835794811946716,0.3145995809167104,36.971074281573976,2012,0.9238534499719409,0.6577921641691349
HKG,"China, Hong Kong SAR",2012,0.595786690711975,60123.95256754525,61283.23919905692,7.201061,0.6815818611451557,0.9998203723287415,1.0057362766574018,-0.00017964380624081592,-0.38333891599080705,0.2132443659171756,-0.5965832819079826,-44.93100222050924,2012,0.9238534499719409,0.6577921641691349
HRV,Croatia,2012,0.544999718666077,26107.92463718845,25534.48149210328,4.259236,0.6234814042725726,0.434157000941667,0.419053474944916,-0.8343490569768758,-0.4724363390500801,-0.5574059243015849,0.08496958525150478,8.868395414619012,2012,0.9238534499719409,0.6577921641691349
HUN,Hungary,2012,0.466002732515335,28354.139559404448,27907.78045106686,9.916623,0.5331086019175256,0.4715100248856159,0.4580023439926157,-0.751814915447237,-0.6290301196288905,-0.4811564729089557,-0.14787364671993486,-13.745990717303979,2012,0.9238534499719409,0.6577921641691349
ISL,Iceland,2012,0.930224061012268,50906.42456563376,50167.84440638042,0.320841,1.0641792719959513,0.8465391610100358,0.8233184423772654,-0.16659881621080747,0.062203865444822114,0.05949743934974147,0.0027064260950806426,0.2710091772400336,2012,0.9238534499719409,0.6577921641691349
ISR,Israel,2012,0.871260344982147,41020.0602212472,40915.91108049917,7.60778,0.9967245941081014,0.682135656954352,0.6714823923142078,-0.38252673042849145,-0.0032807817757878033,-0.1399883091455112,0.1367075273697234,14.649278172052082,2012,0.9238534499719409,0.6577921641691349
ITA,Italy,2012,0.875003516674042,42467.10164118641,42611.35707573155,60.531515,1.0010067943789716,0.706198969984768,0.699306827915271,-0.3478582540208206,0.0010062879014281127,-0.10795971761101364,0.10896600551244175,11.512444161315116,2012,0.9238534499719409,0.6577921641691349
JPN,Japan,2012,1.16581499576569,43607.86201425275,43481.87345746095,127.928285,1.333696047515517,0.7251690378567318,0.713593114279574,-0.32135049563956236,0.28795407109343407,-0.08347043357946554,0.3714245046728996,44.97983889661135,2012,0.9238534499719409,0.6577921641691349
KOR,Republic of Korea,2012,0.66675591468811,41278.37960076234,41918.02968730844,49.599579,0.7627708781469907,0.686431332258074,0.6879284393827668,-0.3762490846210589,-0.27079758355808103,-0.1341886844086127,-0.13660889914946833,-12.768867887388868,2012,0.9238534499719409,0.6577921641691349
LTU,Lithuania,2012,0.466261714696884,30340.192315672077,29940.83399117032,2.988329,0.5334048783534638,0.5045367292428391,0.4913673508752849,-0.684114638582131,-0.6284745215065219,-0.41861133856307187,-0.20986318294345008,-18.930484469222197,2012,0.9238534499719409,0.6577921641691349
LVA,Latvia,2012,0.525465250015259,24908.574958604328,24603.86321820692,2.034633,0.60113391026663,0.4142126328323483,0.4037808397185413,-0.8813758311319385,-0.5089375568422537,-0.6008517718457909,0.09191421500353714,9.627077446242783,2012,0.9238534499719409,0.6577921641691349
MYS,Malaysia,2012,0.386945724487305,26507.057772064974,26775.20480091735,29.662831,0.4426671343447604,0.4407943130690203,0.4394153301157164,-0.819176922612726,-0.8149371811127079,-0.5433890956258273,-0.2715480854868806,-23.78013681054726,2012,0.9238534499719409,0.6577921641691349
NLD,Netherlands,2012,0.954294919967651,56318.94467187311,56085.297484616494,16.915194,1.091716410877934,0.9365456831490704,0.9204314100333814,-0.06555697756261952,0.08775114659737959,0.1528452905763781,-0.06509414397899851,-6.302075172966326,2012,0.9238534499719409,0.6577921641691349
NOR,Norway,2012,1.42555117607117,76353.2468539141,76821.13210870749,5.018458,1.6308350604192583,1.2697024802590338,1.260732957092236,0.23878260551300795,0.48909219063991943,0.4340104643638186,0.055081726276100806,5.66269653339917,2012,0.9238534499719409,0.6577921641691349
NZL,New Zealand,2012,1.00332200527191,40035.52164755526,39803.34656262156,4.411676,1.1478035517441836,0.6657634511813729,0.6532237866925814,-0.40682084993888445,0.1378501610802488,-0.16243251526921837,0.30028267634946715,35.02404346719607,2012,0.9238534499719409,0.6577921641691349
PAN,Panama,2012,0.444935142993927,21807.59803269583,22308.434750785796,3.759256,0.5090072127799404,0.3626454990654597,0.3661099249573474,-1.0143295084851978,-0.6752930920409727,-0.7236814853550557,0.04838839331408307,4.957822533594092,2012,0.9238534499719409,0.6577921641691349
POL,Poland,2012,0.441312044858933,28651.498954137787,28272.549727477624,38.247868,0.5048623770384609,0.4764549090467784,0.4639886740021107,-0.7413821898581283,-0.6834694075632144,-0.47151816338084707,-0.21195124418236733,-19.09958597367116,2012,0.9238534499719409,0.6577921641691349
PRT,Portugal,2012,0.676556348800659,32222.656863071486,32088.993902874023,10.51315,0.7739826058116002,0.5358408322550635,0.5266214004245265,-0.6239181167591428,-0.2562058787565618,-0.362998574200593,0.1067926954440312,11.270356205050014,2012,0.9238534499719409,0.6577921641691349
ROU,Romania,2012,0.384840399026871,22762.953536809277,22671.8317086054,20.158452,0.4402586353500545,0.3785324102720363,0.3720737334649066,-0.9714535815749137,-0.8203929171472959,-0.6840704123582451,-0.13632250478905084,-12.743881805333269,2012,0.9238534499719409,0.6577921641691349
SVK,Slovakia,2012,0.524699866771698,33107.19626795903,32650.302269008826,5.404871,0.6002583094118807,0.5505501199743059,0.5358331880779075,-0.5968372825053762,-0.5103952007248117,-0.33797985204713243,-0.17241534867767927,-15.837046915094511,2012,0.9238534499719409,0.6577921641691349
SVN,Slovenia,2012,0.681685328483582,34607.206143121315,34413.720047912626,2.053321,0.779850174813326,0.5754942623308267,0.5647731275185346,-0.5525260207555176,-0.24865346132157082,-0.2970427400069159,0.048389278685345066,4.95791546027502,2012,0.9238534499719409,0.6577921641691349
SWE,Sweden,2012,1.1251482963562,54349.9547297034,53832.489870515084,9.519487,1.2871732145918282,0.9038027217664162,0.883459957945603,-0.1011441705396801,0.25244850743029285,0.11996793956970346,0.13248056786058937,14.16568310389341,2012,0.9238534499719409,0.6577921641691349
TUR,Türkiye,2012,0.495224922895432,24143.454454247087,24339.533901249884,75.197198,0.5665388802646352,0.4014892000759372,0.3994428578082794,-0.9125746448962389,-0.5682095684514583,-0.6296749035769719,0.061465335125513554,6.33936334830425,2012,0.9238534499719409,0.6577921641691349
TWN,Taiwan,2012,0.418361961841583,50146.351366095776,50089.80949892195,23.270367,0.4786074093793002,0.8338996614943406,0.8220377898154506,-0.18164219382003816,-0.7368746222668546,0.04559956304622306,-0.7824741853130777,-54.272676818431854,2012,0.9238534499719409,0.6577921641691349
USA,United States,2012,0.874123454093933,60134.75443344583,60933.706600237,317.115355,1.0,1.0,1.0,0.0,0.0,0.21341033046733726,-0.21341033046733726,-19.2175405843216,2012,0.9238534499719409,0.6577921641691349
AUS,Australia,2013,1.25869047641754,54861.13950302695,54690.22674465393,23.23627,1.4255383422923422,0.8969821824662518,0.8887544266875572,-0.10871928059191345,0.35454952644298304,0.1615463592113344,0.19300316723164865,21.28866350059726,2013,0.8983449284600001,0.6541647112464266
AUT,Austria,2013,0.99044406414032,54244.55125718543,54143.00190911743,8.481406,1.1217340686857735,0.8869009359692217,0.8798616404636642,-0.1200219872736194,0.11487576357633376,0.15139262998595288,-0.03651686640961911,-3.5858167851886225,2013,0.8983449284600001,0.6541647112464266
BEL,Belgium,2013,1.03318572044373,50140.58344076795,50069.90866534125,11.160276,1.1701414182408525,0.8198008712952407,0.8136710271458814,-0.19869380809807002,0.15712461179676657,0.08071819873559385,0.07640641306117271,7.94011677589852,2013,0.8983449284600001,0.6541647112464266
BGR,Bulgaria,2013,0.403664320707321,18725.142729813066,18364.188582303224,7.2646,0.4571727341748718,0.3061569545388876,0.2984309056031207,-1.183657385200265,-0.7826939853777112,-0.8041188354719833,0.021424850094272085,2.1656010099558864,2013,0.8983449284600001,0.6541647112464266
CAN,Canada,2013,1.07405889034271,51135.88695098037,50855.09108734194,35.293433,1.2164326009848907,0.8360741299787829,0.8264307905414241,-0.17903799760516007,0.19592247766621038,0.09837589640667035,0.09754658125954002,10.24627944728378,2013,0.8983449284600001,0.6541647112464266
CHE,Switzerland,2013,1.35807120800018,70256.00924312606,71394.2594684943,8.091202,1.5380926564866773,1.1486890187323096,1.1602066387283154,0.1386213083884434,0.4305431140585849,0.3837435229241474,0.046799591134437546,4.79119771836749,2013,0.8983449284600001,0.6541647112464266
CYP,Cyprus,2013,0.867318153381348,33964.234878412404,33900.03937384707,0.86193,0.9822869925339438,0.5553168199387079,0.5508993443940001,-0.5882164813703102,-0.01787176023573073,-0.2692075193187048,0.25133575908297406,28.574171132373436,2013,0.8983449284600001,0.6541647112464266
CZE,Czechia,2013,0.57436203956604,35914.89471716878,35417.147108269564,10.511163,0.6504975806991112,0.5872101990275695,0.5755534059144477,-0.5323724329165085,-0.43001770017698315,-0.21904030160555749,-0.21097739857142567,-19.020763086116197,2013,0.8983449284600001,0.6541647112464266
DEU,Germany,2013,0.941085457801819,51735.05867642119,51374.30868513895,81.041582,1.0658326479823204,0.8458706155572191,0.8348684395680169,-0.16738886776551687,0.06375632278361107,0.10884083311908588,-0.04508451033547481,-4.408330642103353,2013,0.8983449284600001,0.6541647112464266
DNK,Denmark,2013,1.27997529506683,52457.318648778266,51883.92767623933,5.615333,1.4496446064309745,0.8576795996975708,0.8431501045239733,-0.15352467616128013,0.37131842737769,0.12129565933394967,0.25002276804374035,28.405465176740385,2013,0.8983449284600001,0.6541647112464266
ESP,Spain,2013,0.844273209571838,37465.59540937657,37223.78403644921,46.860389,0.9561872868382828,0.6125642274682607,0.6049125192864512,-0.490101480888133,-0.04480147838334876,-0.1810664062296904,0.13626492784634164,14.598545684092755,2013,0.8983449284600001,0.6541647112464266
EST,Estonia,2013,0.60211992263794,32595.382735016337,32162.097262805983,1.317919,0.6819349573705261,0.532936023728865,0.5226565698352812,-0.6293538925479907,-0.38282099611117154,-0.3061631040201478,-0.07665789209102375,-7.379333796350007,2013,0.8983449284600001,0.6541647112464266
FIN,Finland,2013,1.11410105228424,47480.70056956606,46904.62085035758,5.439053,1.2617826200923643,0.7763116626399296,0.7622328868280244,-0.25320121231618786,0.23252549895922306,0.031751748592728474,0.20077375036649459,22.234818470683425,2013,0.8983449284600001,0.6541647112464266
FRA,France,2013,0.987314760684967,44783.24627594348,44288.031211212015,66.513021,1.1181899550662204,0.7322081594805931,0.7197114755441931,-0.3116904345714318,0.11171126644201466,-0.020791747589839704,0.13250301403185438,14.168245715129245,2013,0.8983449284600001,0.6541647112464266
GBR,United Kingdom,2013,1.01574409008026,46169.9876693967,45844.76715324581,64.389388,1.1503877827752185,0.7548814457608997,0.7450095231483093,-0.28119456754515626,0.14009908794843576,0.006604059892205472,0.13349502805623029,14.281558410616068,2013,0.8983449284600001,0.6541647112464266
GRC,Greece,2013,0.79019296169281,28950.27907352059,28441.382479571537,10.96754,0.894938339335597,0.4733384093296273,0.4621923529015913,-0.747944693176609,-0.1110004576777218,-0.412698548326878,0.3016980906491562,35.21529374638217,2013,0.8983449284600001,0.6541647112464266
HKG,"China, Hong Kong SAR",2013,0.637554824352264,59751.93789245678,60380.94419516721,7.264335,0.7220669930024322,0.9769469636044772,0.9812325644869438,-0.023322913362193543,-0.32563735630184826,0.23826175262106103,-0.5638991089229093,-43.101380608668514,2013,0.8983449284600001,0.6541647112464266
HRV,Croatia,2013,0.575836420059204,25667.35988702616,25022.23351922663,4.242398,0.6521674002167063,0.4196625279418622,0.4066287914594595,-0.8683043955881374,-0.4274540012111871,-0.5208230765792294,0.09336907536804234,9.786685611740298,2013,0.8983449284600001,0.6541647112464266
HUN,Hungary,2013,0.487245857715607,28711.684397532452,28147.8768919603,9.889346,0.5518335645739043,0.4694373752801822,0.457422681869417,-0.7562203752152235,-0.5945087916224338,-0.4201329653158148,-0.17437582630661896,-16.001884868447146,2013,0.8983449284600001,0.6541647112464266
ISL,Iceland,2013,1.01289618015289,50861.16961846026,50006.66650103432,0.323885,1.1471623632833543,0.8315824888149752,0.8126432977538729,-0.1844247804410351,0.13729138286632056,0.09353670736534664,0.04375467550097392,4.472602655883473,2013,0.8983449284600001,0.6541647112464266
ISR,Israel,2013,0.996554255485535,42045.24404471635,41637.542021109046,7.749379,1.1286542068806205,0.6874416956555377,0.6766391728530765,-0.3747782593568878,0.1210259555967433,-0.07746637503342718,0.19849233063017047,21.9562674101206,2013,0.8983449284600001,0.6541647112464266
ITA,Italy,2013,0.933977425098419,41077.57810268588,40955.10446258761,60.653868,1.057782397863797,0.6716203124971937,0.6655490853333157,-0.39806210930283586,0.0561746391858956,-0.09838330354739327,0.15455794273328888,16.714190349029856,2013,0.8983449284600001,0.6541647112464266
JPN,Japan,2013,0.941954493522644,43945.24600358845,43518.770545579086,127.723645,1.066816880217384,0.7185068160521932,0.7072104518228988,-0.3305800870053494,0.06467933642643058,-0.037761171054221665,0.10244050748065224,10.787138988909017,2013,0.8983449284600001,0.6541647112464266
KOR,Republic of Korea,2013,0.754757404327393,40196.7562607492,40351.206434905325,50.071164,0.8548055611416476,0.6572188344145025,0.6557353201083803,-0.41973823465617577,-0.15688124977724988,-0.11785594082722939,-0.03902530895002049,-3.8273631446244516,2013,0.8983449284600001,0.6541647112464266
LTU,Lithuania,2013,0.498687714338303,31149.11798682378,30647.874265640425,2.95836,0.564792116043276,0.5092895278301389,0.4980493873124086,-0.674738607191571,-0.5712975517474214,-0.34693423224981235,-0.22436331949760902,-20.09752196548522,2013,0.8983449284600001,0.6541647112464266
LVA,Latvia,2013,0.569181382656097,25351.56075354817,24897.36684740761,2.01301,0.644630192964197,0.4144991974216784,0.4045996207295038,-0.8806842406651676,-0.4390784708525802,-0.5319444476192999,0.0928659767667197,9.731465975390808,2013,0.8983449284600001,0.6541647112464266
MYS,Malaysia,2013,0.396697252988815,26222.788690959,26301.69699245367,30.174265,0.4492821348955754,0.4287438147191595,0.4274209675629665,-0.8468957069170459,-0.800104225780741,-0.5015906896865753,-0.29851353609416575,-25.807976092008424,2013,0.8983449284600001,0.6541647112464266
NLD,Netherlands,2013,1.01725709438324,55740.57292649883,55188.96744239118,16.967063,1.1521013459477072,0.9113609598424682,0.8968593117697268,-0.09281623644125708,0.14158753231716203,0.175832778271152,-0.03424524595398998,-3.36655140481229,2013,0.8983449284600001,0.6541647112464266
NOR,Norway,2013,1.47503101825714,75673.0667401032,75376.97406598736,5.080124,1.6705562741530946,1.237258160755246,1.2249285358468187,0.21289777071030083,0.5131566692590093,0.45046940615493825,0.06268726310407102,6.469381812023167,2013,0.8983449284600001,0.6541647112464266
NZL,New Zealand,2013,1.06145370006561,41084.957994778,40634.968199430106,4.453851,1.2021565081816463,0.6717409740761386,0.6603466472020411,-0.3978824680097966,0.18411703411080407,-0.09822192370284943,0.2823389578136535,32.622817921266204,2013,0.8983449284600001,0.6541647112464266
PAN,Panama,2013,0.459305882453918,23545.34611598113,23769.299483782965,3.825329,0.5201899581714795,0.3849675040904093,0.3862677372706156,-0.9545963532166277,-0.6535612299380672,-0.5983430190816689,-0.05521821085639833,-5.372136284895035,2013,0.8983449284600001,0.6541647112464266
POL,Poland,2013,0.46567377448082,28451.27083214517,28004.87892317421,38.259262,0.5274019570020126,0.4651796013742644,0.4550988648854548,-0.765331708451514,-0.6397922944099705,-0.4283180853201455,-0.21147420908982506,-19.060984430766137,2013,0.8983449284600001,0.6541647112464266
PRT,Portugal,2013,0.730716228485107,31622.043089611718,31354.33102977177,10.458298,0.8275775661745971,0.5170218752564695,0.5095298037187361,-0.6596700934607667,-0.18925244056539653,-0.3333975093603144,0.1441450687949179,15.505165832363698,2013,0.8983449284600001,0.6541647112464266
ROU,Romania,2013,0.427784830331802,22171.961525442883,21944.97096160624,20.062921,0.4844905791491138,0.3625126021589875,0.3566211231253299,-1.0146960407151642,-0.7246572923210357,-0.65233326854801,-0.07232402377302571,-6.977056947697435,2013,0.8983449284600001,0.6541647112464266
SVK,Slovakia,2013,0.565715909004211,32360.091320048607,31794.57686017837,5.410422,0.6407053475335491,0.5290889981507381,0.5166841063043047,-0.6365986228041377,-0.44518560397968815,-0.3126713707038181,-0.13251423327587003,-12.410953277317082,2013,0.8983449284600001,0.6541647112464266
SVN,Slovenia,2013,0.722458839416504,34460.31350401008,34077.6210878406,2.056441,0.8182256047948445,0.5634277285398482,0.5537851714202329,-0.5737162083152985,-0.20061717992265657,-0.2561812725584498,0.05556409263579323,5.713676958313774,2013,0.8983449284600001,0.6541647112464266
SWE,Sweden,2013,1.20320415496826,54151.092585687176,53289.89820449096,9.60062,1.3626969367358042,0.8853728823434622,0.865998108731563,-0.12174638672997432,0.30946577783378415,0.1498435244796973,0.15962225335408686,17.30676649114258,2013,0.8983449284600001,0.6541647112464266
TUR,Türkiye,2013,0.51894623041153,25291.918719821468,25253.090090103888,76.403031,0.5877360343150074,0.4135240473962957,0.4103803721624437,-0.8830396104746768,-0.5314773531117947,-0.5340603821423204,0.002583029030525763,0.2586367924212851,2013,0.8983449284600001,0.6541647112464266
TWN,Taiwan,2013,0.431930929422379,50339.76171006058,50012.86160823862,23.34467,0.4891862714859487,0.823057445261957,0.8127439725778653,-0.19472928090869365,-0.7150119387559716,0.08427971162991188,-0.7992916503858835,-55.03526411303476,2013,0.8983449284600001,0.6541647112464266
USA,United States,2013,0.882957994937897,61161.90552658057,61535.81360881408,320.110759,1.0,1.0,1.0,0.0,0.0,0.25921377355689956,-0.25921377355689956,-22.834195467466444,2013,0.8983449284600001,0.6541647112464266
AUS,Australia,2014,1.19527304172516,54347.77334131053,54077.67002840911,23.595601,1.3421112584100507,0.8717566412966421,0.8632788478607809,-0.13724497510536204,0.2942439400385888,0.14666736591955282,0.14757657411903596,15.902203252290303,2014,0.9199722074426505,0.632298889910951
AUT,Austria,2014,1.00641596317291,54458.69249423566,54276.78566937032,8.547817,1.1300532578467886,0.8735358219744268,0.8664574670769889,-0.13520614054720995,0.12226476245149215,0.14854303704862637,-0.02627827459713422,-2.593600537461227,2014,0.9199722074426505,0.632298889910951
BEL,Belgium,2014,1.03567957878113,50800.9772242382,50656.34227433268,11.210119,1.162911882276977,0.8148648335869652,0.8086618519705809,-0.20473302785518627,0.15092710306238644,0.08458023305529097,0.06634687000709547,6.859731724626661,2014,0.9199722074426505,0.632298889910951
BGR,Bulgaria,2014,0.402850210666657,19351.199994628605,19034.875600976764,7.223449,0.4523399962306705,0.3103997841169005,0.3038667433221869,-1.1698941861729915,-0.7933211778634279,-0.8033412083002458,0.010020030436817873,1.0070399032849453,2014,0.9199722074426505,0.632298889910951
CAN,Canada,2014,1.01647174358368,52167.89029233212,51815.90813830194,35.634264,1.1413443818245492,0.8367905808977621,0.8271727952590066,-0.1781814418321495,0.13220684990146164,0.10900695426000753,0.02319989564145411,2.3471106513860196,2014,0.9199722074426505,0.632298889910951
CHE,Switzerland,2014,1.38523411750793,70832.6439961735,71652.46174255073,8.190235,1.5554088812693163,1.1361795346513082,1.1438372730741262,0.12767134887807832,0.4417384572208176,0.3903830212821908,0.05135543593862679,5.269699313884457,2014,0.9199722074426505,0.632298889910951
CYP,Cyprus,2014,0.858015060424805,33127.08979957865,33093.56035646167,0.852504,0.963421437849426,0.5313697096337482,0.5282951473524848,-0.6322972483466313,-0.037264332750611806,-0.3087669666937198,0.271502633943108,31.193432741231476,2014,0.9199722074426505,0.632298889910951
CZE,Czechia,2014,0.539312422275543,37551.14466495253,37061.90265855274,10.517226,0.6055664676346273,0.6023330439755227,0.5916445107526956,-0.5069447574529493,-0.501590948876333,-0.19344615893782452,-0.3081447899385085,-26.519108263157776,2014,0.9199722074426505,0.632298889910951
DEU,Germany,2014,0.955386281013489,53015.63432399299,52648.94180206272,81.37608,1.072754625192616,0.8503886815058364,0.840471081614592,-0.1620617616551123,0.07022975640909182,0.12383661201574597,-0.05360685560665415,-5.219534264911441,2014,0.9199722074426505,0.632298889910951
DNK,Denmark,2014,1.30942356586456,52289.016484301166,51743.45595356599,5.643794,1.4702850716333262,0.8387334859294154,0.8260161914605996,-0.1758622797968818,0.38545630827054866,0.11114051887700996,0.27431578939353873,31.563019870894426,2014,0.9199722074426505,0.632298889910951
ESP,Spain,2014,0.847756266593933,37737.583590203016,37500.95943535159,46.720188,0.9519023604357428,0.6053235873095176,0.5986534744935753,-0.5019921088782261,-0.049292812018168534,-0.18888985989584867,0.13959704787768012,14.98103869614027,2014,0.9199722074426505,0.632298889910951
EST,Estonia,2014,0.618285655975342,33801.90114397483,33363.19645943709,1.314452,0.6942414919692929,0.5421939115270855,0.5325995329555628,-0.6121315711818638,-0.36493540786593825,-0.2902151041578728,-0.07472030370806543,-7.199699096637724,2014,0.9199722074426505,0.632298889910951
FIN,Finland,2014,1.13203299045563,46734.21237845324,46189.81183276074,5.461684,1.2711022237975382,0.749632551840291,0.7373595704279461,-0.2881721233867405,0.23988441682331896,0.007818584152108843,0.23206583267121011,26.120275444166285,2014,0.9199722074426505,0.632298889910951
FRA,France,2014,1.00311195850372,44721.9131893348,44254.68224346017,66.841142,1.126343359179653,0.7173545931579169,0.7064677727333506,-0.33218500950581903,0.1189764203381169,-0.03267204784678185,0.15164846818489874,16.375106899303038,2014,0.9199722074426505,0.632298889910951
GBR,United Kingdom,2014,1.09816586971283,46800.12149986443,46484.99837726796,64.865916,1.2330745577730116,0.7506897564096741,0.7420718352114016,-0.28676281988102165,0.20951069094530592,0.00911510420922168,0.20039558673608424,22.188602447128392,2014,0.9199722074426505,0.632298889910951
GRC,Greece,2014,0.778368473052979,29235.394007582367,28805.485705441373,10.893166,0.8739903389505632,0.4689455946424504,0.4598416776980208,-0.7572685201592759,-0.13468595722000318,-0.42373706349011403,0.2890511062701109,33.51599618305694,2014,0.9199722074426505,0.632298889910951
HKG,"China, Hong Kong SAR",2014,0.675852954387665,59703.93763864504,60179.04260140138,7.319501,0.7588808811451053,0.9576713257631746,0.9606792329442188,-0.04325064363248737,-0.27591045574097195,0.2331395385317495,-0.5090499942727215,-39.89336758859295,2014,0.9199722074426505,0.632298889910951
HRV,Croatia,2014,0.570673942565918,25516.981406353723,24958.679732734778,4.219479,0.6407807224477513,0.4093010005604654,0.3984324818817524,-0.893304450921741,-0.4450679672514322,-0.5488863390051746,0.10381837175374237,10.939893843200622,2014,0.9199722074426505,0.632298889910951
HUN,Hungary,2014,0.487939208745956,29606.96762150301,29082.71773997799,9.862842,0.5478821010908562,0.4749057609151631,0.464267322353923,-0.7446388927043379,-0.6016951591756987,-0.4121181572412164,-0.1895770019344823,-17.26909899494761,2014,0.9199722074426505,0.632298889910951
ISL,Iceland,2014,1.0987651348114,51705.52433956618,50974.46811109211,0.327512,1.2337474420492287,0.8293740748432854,0.8137403123718546,-0.1870839893829062,0.2100562384497099,0.10081685793787473,0.10923938051183515,11.542933042929192,2014,0.9199722074426505,0.632298889910951
ISR,Israel,2014,1.04471743106842,41752.132312057256,41331.15920254562,7.897179,1.173060026578058,0.6697183047914425,0.6597975740888953,-0.40089809561684747,0.1596157419153484,-0.09588617735654159,0.25550191927189003,29.110949100569194,2014,0.9199722074426505,0.632298889910951
ITA,Italy,2014,0.954716920852661,40682.09388371927,40555.23976417645,60.664171,1.0720030347388718,0.6525545269768835,0.647411041192115,-0.4268605770286556,0.06952889355772991,-0.11977093869165151,0.1892998322493814,20.840321642552205,2014,0.9199722074426505,0.632298889910951
JPN,Japan,2014,0.904072999954224,43188.94130093118,42776.82349451537,127.486605,1.0151375537691694,0.692765206280109,0.6828757023386791,-0.3670641448771324,0.015024124266462291,-0.06475988300802005,0.07978400727448234,8.305311081609279,2014,0.9199722074426505,0.632298889910951
KOR,Republic of Korea,2014,0.793164491653442,41270.17133046569,41292.94579621748,50.539056,0.8906040351104504,0.6619874878560422,0.6591875473371794,-0.4125086237433196,-0.11585535532728901,-0.10656754054662715,-0.00928781478066186,-0.9244816252719334,2014,0.9199722074426505,0.632298889910951
LTU,Lithuania,2014,0.507163345813751,32058.4555461876,31624.19012480703,2.933168,0.5694679060837194,0.5142284552596226,0.5048385849673569,-0.6650876467868506,-0.5630528522329751,-0.3389332219296925,-0.22411963030328258,-20.078048222314283,2014,0.9199722074426505,0.632298889910951
LVA,Latvia,2014,0.578266441822052,26280.53213425877,25851.93452194395,1.994149,0.6493059533995178,0.4215486121385493,0.4126921192675628,-0.8638201769008094,-0.431851250559295,-0.5217616263492941,0.08991037578999911,9.407622359377555,2014,0.9199722074426505,0.632298889910951
MYS,Malaysia,2014,0.397297859191895,27101.14834645154,27159.406898659592,30.696137,0.4461055433778125,0.4347115733594641,0.4335641954200287,-0.8330725175565108,-0.8071997106130583,-0.4934746343086251,-0.3137250763044332,-26.928010723971763,2014,0.9199722074426505,0.632298889910951
NLD,Netherlands,2014,1.05725407600403,54257.07845684189,53759.17295558467,17.030089,1.1871367870532104,0.8703018647159966,0.858194461164193,-0.13891515657607625,0.17154434660672951,0.14513084538511004,0.02641350122161948,2.6765429465090085,2014,0.9199722074426505,0.632298889910951
NOR,Norway,2014,1.4071718454361,74166.1508410391,73699.35906232634,5.137395,1.5800416393158276,1.1896501103926422,1.176513295524371,0.17365923900951563,0.4574512006889742,0.43269060208203924,0.02476059860693497,2.506968803585674,2014,0.9199722074426505,0.632298889910951
NZL,New Zealand,2014,1.08315145969391,41638.29421313324,41205.05897324841,4.522983,1.2162156410055984,0.667892303233911,0.6577845498479196,-0.4036283411469945,0.19574410417503108,-0.09839792736377134,0.2941420315388024,34.197449283406556,2014,0.9199722074426505,0.632298889910951
PAN,Panama,2014,0.45438477396965,25859.10339621197,25985.549401852622,3.892101,0.5102055342221952,0.414788752835421,0.4148251050179478,-0.8799859176630794,-0.6729416261709762,-0.5366336585633054,-0.13630796760767083,-12.74261333809662,2014,0.9199722074426505,0.632298889910951
POL,Poland,2014,0.479514062404633,28877.80247767725,28499.33436757393,38.265113,0.5384219331093869,0.4632097057200378,0.4549543744157899,-0.7695753993158512,-0.6191127639082159,-0.43505905027451847,-0.18405371363369744,-16.810888126824462,2014,0.9199722074426505,0.632298889910951
PRT,Portugal,2014,0.744833767414093,31758.91841007461,31528.58695091262,10.406199,0.8363359249260855,0.509423778422513,0.5033124060885693,-0.6744750382515616,-0.17872492253284375,-0.347569361177611,0.16884443864476725,18.393594991711716,2014,0.9199722074426505,0.632298889910951
ROU,Romania,2014,0.435195773839951,22936.99808254876,22715.046453421328,19.968174,0.4886591827086279,0.3679171966125679,0.3626158286980945,-0.9998973753365539,-0.7160900003783047,-0.6469488669768375,-0.06914113340146721,-6.680503419597716,2014,0.9199722074426505,0.632298889910951
SVK,Slovakia,2014,0.570182621479034,33285.1744062579,32766.815767751323,5.41523,0.6402290430078389,0.5339054401206981,0.5230790999166683,-0.6275365341278368,-0.44592928695233625,-0.30438724192485195,-0.1415420450274843,-13.198132105156724,2014,0.9199722074426505,0.632298889910951
SVN,Slovenia,2014,0.732813119888306,34915.049047780296,34546.27068535237,2.058401,0.8228385516778338,0.5600491798891151,0.5514857563106998,-0.579730677878438,-0.19499526804982617,-0.26040718282240644,0.06541191477258027,6.759869349791359,2014,0.9199722074426505,0.632298889910951
SWE,Sweden,2014,1.17173099517822,53886.117193817554,53065.035616705645,9.696433,1.3156770926473405,0.8643515207584928,0.8471134718787849,-0.14577574019047448,0.27435143246613247,0.13881929913302724,0.13553213333310524,14.514599260086559,2014,0.9199722074426505,0.632298889910951
TUR,Türkiye,2014,0.493761837482452,26203.018026746937,26104.123160657047,78.036154,0.5544200345236343,0.4203052596723267,0.4167179790606614,-0.8667740229586536,-0.5898326944512376,-0.5244790826275749,-0.06535361182366273,-6.3263836178044315,2014,0.9199722074426505,0.632298889910951
TWN,Taiwan,2014,0.433917790651321,51820.806896022776,51504.45646584387,23.403635,0.4872242004362565,0.83122324598753,0.8222008791090933,-0.1848568728081898,-0.7190308913318757,0.1028657432893487,-0.8218966346212244,-56.0402891753385,2014,0.9199722074426505,0.632298889910951
USA,United States,2014,0.890591621398926,62342.826847265766,62642.18121689702,323.115377,1.0,1.0,1.0,0.0,0.0,0.27292892862764434,-0.27292892862764434,-23.88531185399203,2014,0.9199722074426505,0.632298889910951
AUS,Australia,2015,1.01767539978027,52560.68439446431,51974.622976898034,23.948002,1.1424302859488156,0.8201654606116723,0.8122379668417044,-0.19824917784518659,0.13315782306131502,-0.0411638299983568,0.17432165305967182,19.043841240287485,2015,1.0190710388315376,0.6992030328066545
AUT,Austria,2015,0.838562846183777,56498.83405199815,55963.10359080981,8.644039,0.94136066604207,0.8816169878328269,0.8745682965118438,-0.12599757144878074,-0.06042893329498317,0.03246568958927587,-0.09289462288425904,-8.871047570163903,2015,1.0190710388315376,0.6992030328066545
BEL,Belgium,2015,0.86878901720047,52205.25044266977,51724.51638909177,11.275335,0.975292205711,0.8146192114684382,0.8083294042636984,-0.20503450011707502,-0.025018154719685968,-0.0480785554147769,0.023060400695090934,2.3328347424069973,2015,1.0190710388315376,0.6992030328066545
BGR,Bulgaria,2015,0.338160187005997,20556.92187841561,20182.181822070223,7.177517,0.3796145993321433,0.3207735495724368,0.3153988117792457,-1.137019857846577,-0.9685987532068306,-0.9978378420919628,0.02923908888513216,2.9670747878850268,2015,1.0190710388315376,0.6992030328066545
CAN,Canada,2015,0.884187161922455,50825.06832028288,50194.8273013295,35.962234,0.992577979624388,0.7930826253456239,0.7844240542413186,-0.2318278694009888,-0.007449700616094217,-0.07538290208473192,0.0679332014686377,7.029381203610208,2015,1.0190710388315376,0.6992030328066545
CHE,Switzerland,2015,1.28761672973633,73145.29696880734,73317.1657934503,8.283934,1.44546320866434,1.1413711003032088,1.14577042156011,0.13223025928284968,0.368429829825436,0.29561819330817296,0.07281163651726302,7.552792764697647,2015,1.0190710388315376,0.6992030328066545
CYP,Cyprus,2015,0.703867197036743,35195.86546685148,35022.43662999882,0.8477,0.7901529341814667,0.5492020042129989,0.5473161918815025,-0.5992889557632266,-0.235528764685249,-0.44985185309406295,0.21432308840881395,23.90229040705798,2015,1.0190710388315376,0.6992030328066545
CZE,Czechia,2015,0.454365968704224,39901.60237869731,39225.78103146056,10.524416,0.510065826160536,0.6226310876864223,0.613004324185921,-0.47380109018389305,-0.6732154906896862,-0.32197080355737917,-0.35124468713230705,-29.61884808376348,2015,1.0190710388315376,0.6992030328066545
DEU,Germany,2015,0.805701613426209,53855.08583041282,53249.73150392525,82.07755,0.9044710374395072,0.840363510963599,0.8321648368827907,-0.1739207296074083,-0.10040499517962398,-0.01637141297952477,-0.08403358220009921,-8.059961991084997,2015,1.0190710388315376,0.6992030328066545
DNK,Denmark,2015,1.08492004871368,53842.41491591482,53059.936210578286,5.683701,1.2179183281340842,0.8401657919546982,0.8291987943344342,-0.1741560352453043,0.19714311296237358,-0.016611206140378365,0.21375431910275194,23.83183862462861,2015,1.0190710388315376,0.6992030328066545
ESP,Spain,2015,0.696802198886871,40202.81303408647,39762.88419042146,46.683686,0.7822218513840159,0.6273312277010453,0.6213979507835121,-0.46628060399135396,-0.24561688124931494,-0.31430689388063016,0.06869001263131522,7.110412893015439,2015,1.0190710388315376,0.6992030328066545
EST,Estonia,2015,0.517650127410889,34523.081848253736,33942.97560106833,1.314576,0.5811078691763105,0.5387037792983834,0.5304468202303975,-0.6185894337301645,-0.5428188781302471,-0.4695204112257756,-0.0732984669044715,-7.067658365487861,2015,1.0190710388315376,0.6992030328066545
FIN,Finland,2015,0.939686596393585,47632.88015147498,46886.864777870825,5.479717,1.0548809839089963,0.7432712024162603,0.7327285805553067,-0.2966942908828074,0.053427949103671386,-0.1414863936094932,0.19491434271316457,21.52068907063116,2015,1.0190710388315376,0.6992030328066545
FRA,France,2015,0.839465498924255,45651.53804944177,44981.69458519018,67.080971,0.9423739732603044,0.7123540182801551,0.7029553667221219,-0.339180274455807,-0.05935308397435119,-0.18478262902500955,0.12542954505065837,13.363529592948776,2015,1.0190710388315376,0.6992030328066545
GBR,United Kingdom,2015,1.01347076892853,48837.39221631117,48272.63145836071,65.38211,1.1377102174207765,0.7620666044139697,0.7543847705690058,-0.2717213197478779,0.129017661292106,-0.11603716197231054,0.24505482326441655,27.76913584960028,2015,1.0190710388315376,0.6992030328066545
GRC,Greece,2015,0.643875002861023,29559.856857602364,29071.50805713719,10.820903,0.7228064113494687,0.4612568100004405,0.454317535075665,-0.7738003195077929,-0.32461385014641836,-0.6276913298331465,0.3030774796867281,35.40193693747982,2015,1.0190710388315376,0.6992030328066545
HKG,"China, Hong Kong SAR",2015,0.704772472381592,60621.5830535611,60670.415361134576,7.366409,0.7911691855041395,0.94594903321634,0.9481322229556792,-0.05556658747429138,-0.23424344596374458,0.10423986559408613,-0.33848331155783073,-28.714932434310157,2015,1.0190710388315376,0.6992030328066545
HRV,Croatia,2015,0.466747164726257,27107.181550836587,26476.67158891028,4.183729,0.523964809387303,0.4229848659441662,0.4137665011956089,-0.8604188784856764,-0.64633075457409,-0.7159617947128291,0.06963104013873911,7.21125417764914,2015,1.0190710388315376,0.6992030328066545
HUN,Hungary,2015,0.413943558931351,31292.908674282928,30655.205102319687,9.839211,0.4646881102743758,0.4882996321757433,0.4790668991767573,-0.7168260611899582,-0.7663888290279183,-0.5696305132225342,-0.19675831580538405,-17.86108739051858,2015,1.0190710388315376,0.6992030328066545
ISL,Iceland,2015,1.01013791561127,55495.579561008846,54566.91982523145,0.330952,1.1339687959723606,0.8659620417225812,0.852749312589732,-0.14391420310946124,0.12572368814774332,0.014207369150464194,0.11151631899727912,11.797198803849929,2015,1.0190710388315376,0.6992030328066545
ISR,Israel,2015,0.959567964076996,42447.00718672062,41811.146048110815,8.052908,1.0771995705354558,0.6623499979492323,0.6534073421279859,-0.4119611649480659,0.07436468326924123,-0.25895152670604016,0.3333162099752814,39.558852771943535,2015,1.0190710388315376,0.6992030328066545
ITA,Italy,2015,0.79557192325592,41789.06800915409,41452.84194637961,60.575316,0.893099567872379,0.6520834081047486,0.6478079134369773,-0.4275827986963608,-0.11305720614374169,-0.27487108123816084,0.16181387509441914,17.564140481070154,2015,1.0190710388315376,0.6992030328066545
JPN,Japan,2015,0.796601116657257,44526.243748697314,43891.77942540437,127.275872,0.8942549281297262,0.6947947431465351,0.6859226222266424,-0.3641388106390094,-0.11176438994991852,-0.2102171504209401,0.09845276047102158,10.346227612497394,2015,1.0190710388315376,0.6992030328066545
KOR,Republic of Korea,2015,0.725277483463287,44030.08541204136,43710.7984181363,50.983912,0.8141878667835557,0.6870526078336506,0.683094325704978,-0.37534441351451836,-0.20556414503417464,-0.22163645578401872,0.016072310749844082,1.6202165089928222,2015,1.0190710388315376,0.6992030328066545
LTU,Lithuania,2015,0.424263387918472,33257.57227703282,32731.09445140761,2.905764,0.4762730274132249,0.5189565622987091,0.5115080415596657,-0.6559350943117231,-0.7417640021862918,-0.5075782923504745,-0.23418570983581732,-20.87851341318632,2015,1.0190710388315376,0.6992030328066545
LVA,Latvia,2015,0.481334179639816,27862.848114913693,27322.67300139494,1.977867,0.5403400186361804,0.4347764098088502,0.4269874622697697,-0.8329233804763868,-0.6155566734380309,-0.6879419289933117,0.07238525555528086,7.506944076653221,2015,1.0190710388315376,0.6992030328066545
MYS,Malaysia,2015,0.342179656028748,27655.57139645318,27563.694821706336,31.232798,0.3841268073957511,0.4315420302107005,0.4307540518490963,-0.8403903683106606,-0.9567825533144392,-0.6955513200425276,-0.26123123327191156,-22.989717437083346,2015,1.0190710388315376,0.6992030328066545
NLD,Netherlands,2015,0.882272303104401,57098.857262805,56326.572344313725,17.107433,0.9904283819161862,0.8909798475204174,0.8802484362501873,-0.11543346958931727,-0.009617720438797162,0.043231259845521494,-0.052848980284318656,-5.147675262248452,2015,1.0190710388315376,0.6992030328066545
NOR,Norway,2015,1.14781022071838,69856.92986260858,68971.99799374577,5.189771,1.2885180863695809,1.090058885605338,1.0778659316942232,0.0862317182729718,0.2534927877751217,0.2487424123365016,0.004750375438620086,0.4761676359476885,2015,1.0190710388315376,0.6992030328066545
NZL,New Zealand,2015,0.914987862110138,42328.0519855857,41717.32963750336,4.614029,1.027154478899536,0.6604938016600292,0.6519412179650063,-0.4147675393786587,0.026792337258520846,-0.2618114216123746,0.28860375887089545,33.456281507009145,2015,1.0190710388315376,0.6992030328066545
PAN,Panama,2015,0.442908763885498,28871.629685722477,28730.65476378365,3.960035,0.4972041044562897,0.4505176013707715,0.4489908204190174,-0.7973581319516554,-0.6987546642382834,-0.651698414232912,-0.04705625000537139,-4.596626832150008,2015,1.0190710388315376,0.6992030328066545
POL,Poland,2015,0.39641061425209,31020.91306729987,30543.90736458181,38.266314,0.4450058353488174,0.4840553685240107,0.4773275840449385,-0.7255559810315504,-0.8096678837584635,-0.5785269217044217,-0.2311409620540419,-20.637241322471333,2015,1.0190710388315376,0.6992030328066545
PRT,Portugal,2015,0.618609130382538,33069.23956249149,32709.40372123495,10.370267,0.6944432437553869,0.5160177880161904,0.5111690677765833,-0.6616140411951573,-0.3646448425816468,-0.5133655426504449,0.14872070006879806,16.034885858998837,2015,1.0190710388315376,0.6992030328066545
ROU,Romania,2015,0.365492403507233,24451.613113046693,24110.79484650485,19.871019,0.4102974201214284,0.38154694450045,0.3767935554581553,-0.9635213834021349,-0.8908729673397059,-0.821030571504178,-0.06984239583552787,-6.74592193645992,2015,1.0190710388315376,0.6992030328066545
SVK,Slovakia,2015,0.478566259145737,34657.12459766824,34008.63387449869,5.420278,0.5372327840481999,0.5407954041427278,0.5314729006416228,-0.6147142525462835,-0.6213237885551803,-0.4655713263110576,-0.15575246224412276,-14.422900021264473,2015,1.0190710388315376,0.6992030328066545
SVN,Slovenia,2015,0.607798397541046,36293.55360841808,35772.37439239941,2.059947,0.6823072437949983,0.5663305083526968,0.5590359098611947,-0.5685774341849344,-0.38227521848694135,-0.41855463089517553,0.03627941240823418,3.69455414678026,2015,1.0190710388315376,0.6992030328066545
SWE,Sweden,2015,0.960193157196045,56529.97719981293,55446.88412580217,9.799481,1.07790140488649,0.8821029505722142,0.866501031668224,-0.1254465057822843,0.07501600715972213,0.033027264650496796,0.04198874250922534,4.288273844187307,2015,1.0190710388315376,0.6992030328066545
TUR,Türkiye,2015,0.424814462661743,27350.564510865857,27045.97804895345,80.014226,0.4768916573581663,0.4267826532031628,0.4226633876977168,-0.8514804042344055,-0.7404659473135329,-0.7068528544720174,-0.03361309284151548,-3.305444957233117,2015,1.0190710388315376,0.6992030328066545
TWN,Taiwan,2015,0.418453186750412,53523.6000524061,52990.79645435345,23.462914,0.4697505647662157,0.8351909530158237,0.8281183067463097,-0.1800948940294999,-0.7555534384195337,-0.022663325131062395,-0.7328901132884713,-51.94817707895842,2015,1.0190710388315376,0.6992030328066545
USA,United States,2015,0.890798687934876,64085.46435894168,63989.40347370794,326.126497,1.0,1.0,1.0,0.0,0.0,0.16086616561583575,-0.16086616561583575,-14.85939891184086,2015,1.0190710388315376,0.6992030328066545
AUS,Australia,2016,1.00495779514313,54903.094180620006,54155.79033145262,24.329963,1.1194816934161904,0.8467856146233573,0.8392314869320202,-0.16630772779279318,0.11286580445864648,-0.01913883527084323,0.13200463972948973,14.111361371343744,2016,1.0752863817793221,0.7227127316653192
AUT,Austria,2016,0.838263988494873,58260.91307251216,57538.704885547646,8.737915,0.9337916417041144,0.8985741845864775,0.8916552147369541,-0.10694601124030004,-0.06850194732695887,0.044692010137096824,-0.1131939574640557,-10.702255632218671,2016,1.0752863817793221,0.7227127316653192
BEL,Belgium,2016,0.86876904964447,53989.01594597792,53321.88681233185,11.332701,0.9677730264732642,0.8326875330618914,0.8263088043153266,-0.18309681755666607,-0.03275769598335693,-0.037191914856406355,0.004434218873049428,0.4444064568834172,2016,1.0752863817793221,0.7227127316653192
BGR,Bulgaria,2016,0.338632702827454,22021.93533114442,21617.871610596463,7.127434,0.3772229176583359,0.3396504026390807,0.3350038550823184,-1.0798384178926193,-0.974918972755824,-1.0014459456726525,0.026526972916828595,2.6881944889429965,2016,1.0752863817793221,0.7227127316653192
CAN,Canada,2016,0.84796941280365,51181.86104645176,50438.70036931679,36.353343,0.9446030856204878,0.7893920062356948,0.7816291711521026,-0.2364922421845778,-0.05699045493590682,-0.09460728780812405,0.03761683287221723,3.8333301457445845,2016,1.0752863817793221,0.7227127316653192
CHE,Switzerland,2016,1.26218664646149,74080.33838250746,73879.18675098369,8.374901,1.4060240651069005,1.1425615587778786,1.1448773874572569,0.13327272310309013,0.3407659092497488,0.302995943824809,0.03776996542493982,3.8492316261335535,2016,1.0752863817793221,0.7227127316653192
CYP,Cyprus,2016,0.685989201068878,38937.39083049554,38653.096010450914,0.8516,0.7641637849760966,0.6005421537402085,0.5989921860772288,-0.5099224421902767,-0.2689731345503839,-0.3886230582414485,0.11964992369106459,12.71022107244757,2016,1.0752863817793221,0.7227127316653192
CZE,Czechia,2016,0.456627905368805,41662.953757462536,40903.14654990701,10.531948,0.5086647252589872,0.6425792649950612,0.6338603552673151,-0.442265100180052,-0.6759661724730482,-0.3158720397504678,-0.36009413272258045,-30.238934501007463,2016,1.0752863817793221,0.7227127316653192
DEU,Germany,2016,0.80156672000885,55340.386119872106,54622.23209923061,82.760102,0.8929123923793896,0.8535300892121892,0.846459755893542,-0.15837448345904132,-0.11326680775654197,-0.010608325675431879,-0.10265848208111009,-9.756488137637687,2016,1.0752863817793221,0.7227127316653192
DNK,Denmark,2016,1.08740830421448,55720.04631122406,54816.233971189205,5.728201,1.2113281729044916,0.8593856934049938,0.8494661284065261,-0.15153745496971543,0.19171742117392107,-0.003256562049022499,0.19497398322294357,21.527936842604277,2016,1.0752863817793221,0.7227127316653192
ESP,Spain,2016,0.69392317533493,41979.75709593596,41430.35943663602,46.732771,0.7730019063278648,0.6474654105518384,0.6420303709230989,-0.4346899068325039,-0.2574737642556282,-0.307726537504504,0.05025277324887584,5.153686317445771,2016,1.0752863817793221,0.7227127316653192
EST,Estonia,2016,0.522353768348694,36086.84274373427,35443.49028649944,1.315849,0.5818806361614816,0.5565773617792917,0.5492541586624036,-0.5859491030507767,-0.5414899447910887,-0.4703734913168991,-0.0711164534741896,-6.8646573530097506,2016,1.0752863817793221,0.7227127316653192
FIN,Finland,2016,0.929412484169006,49073.609549976536,48231.10866424686,5.495469,1.0353273208965763,0.7568758599990124,0.7474189702142976,-0.2785560284256985,0.034717628794172874,-0.13983790431927756,0.17455553311345043,19.071686476374495,2016,1.0752863817793221,0.7227127316653192
FRA,France,2016,0.83119148015976,46413.93380319196,45659.64866118123,67.260373,0.9259131580046422,0.7158549449567634,0.7075700419879537,-0.3342777233882975,-0.07697483058618873,-0.1997546840822217,0.12277985349603296,13.063548809768054,2016,1.0752863817793221,0.7227127316653192
GBR,United Kingdom,2016,0.898336887359619,49599.41486059945,48921.25090968956,65.893358,1.0007103828438328,0.7649855008083862,0.7581138395771606,-0.2678983985268672,0.0007101306413735724,-0.12837790002702015,0.12908803066839372,13.779028019612326,2016,1.0752863817793221,0.7227127316653192
GRC,Greece,2016,0.637342274188995,29520.46372958518,29026.30760937029,10.775504,0.7099731071723302,0.4553022811608142,0.4498095429143862,-0.7867937264171536,-0.3425281868862062,-0.6863389796763611,0.343810792790155,41.03117691071068,2016,1.0752863817793221,0.7227127316653192
HKG,"China, Hong Kong SAR",2016,0.731126487255096,60924.58112907515,60746.04127829201,7.40801,0.8144448672465833,0.9396566741272124,0.9413580751974864,-0.06224071072476733,-0.20524854230829204,0.09276301097480125,-0.29801155328309326,-25.770723622020387,2016,1.0752863817793221,0.7227127316653192
HRV,Croatia,2016,0.466599404811859,28456.452797983,27797.802819885877,4.136444,0.519772565942803,0.438891746123961,0.4307718759378352,-0.8235024882885194,-0.654363936269132,-0.7258114114086208,0.07144747513948879,7.40617342769212,2016,1.0752863817793221,0.7227127316653192
HUN,Hungary,2016,0.420674264431,31968.45619585156,31303.27183072233,9.810532,0.4686138464697947,0.4930583463895102,0.4850947830979547,-0.7071277622677543,-0.7579762047538816,-0.6006752533351924,-0.15730095141868916,-14.555312687923417,2016,1.0752863817793221,0.7227127316653192
ISL,Iceland,2016,1.16120362281799,58130.06222174543,57084.49482267697,0.335574,1.2935331258246077,0.8965560357053604,0.8846164958094037,-0.1091944829205766,0.25737733176682875,0.042274259159478966,0.2151030726073498,23.99896993508852,2016,1.0752863817793221,0.7227127316653192
ISR,Israel,2016,0.937544584274292,44832.02202678317,44076.00086723455,8.210005,1.0443861462929194,0.6914566818741867,0.683028860246237,-0.368954773550027,0.0434292930027712,-0.23704244388140788,0.2804717368841791,32.37541287174277,2016,1.0752863817793221,0.7227127316653192
ITA,Italy,2016,0.778889238834381,44117.69617722988,43656.84759279916,60.478107,0.867650610093306,0.6804394366244856,0.6765334029072544,-0.385016459198764,-0.14196616828986844,-0.2543133557279152,0.11234718743804675,11.890126167963345,2016,1.0752863817793221,0.7227127316653192
JPN,Japan,2016,0.923292458057404,43896.15170581498,43187.11950431626,127.159951,1.028509863259769,0.6770224949348915,0.6692542070957164,-0.3900507792439005,0.02811102001119093,-0.25972669151396915,0.2878377115251601,33.354086824769084,2016,1.0752863817793221,0.7227127316653192
KOR,Republic of Korea,2016,0.714398860931397,45671.81182817467,45164.07114147635,51.297839,0.7958109788045112,0.7044089923721395,0.6998902674669556,-0.3503961364391012,-0.2283935851501777,-0.2170865941316451,-0.011306991018532608,-1.1243307245527578,2016,1.0752863817793221,0.7227127316653192
LTU,Lithuania,2016,0.428571105003357,34697.372399454885,34129.7366604975,2.86911,0.4774106024124866,0.5351471761578617,0.5288954232019112,-0.6252134742958217,-0.7393783566677808,-0.5125939350058236,-0.22678442166195723,-20.29074003326756,2016,1.0752863817793221,0.7227127316653192
LVA,Latvia,2016,0.484797924757004,29095.739887175787,28511.158608407837,1.959863,0.5400449694450392,0.448751647807498,0.4418264766637922,-0.8012856671919657,-0.6161028661410605,-0.7019219662370692,0.08581910009600868,8.960920027572762,2016,1.0752863817793221,0.7227127316653192
MYS,Malaysia,2016,0.329139322042465,28224.21997890196,28049.098316010368,31.789685,0.3666476815152991,0.4353099550905756,0.4346661057437549,-0.8316969611917617,-1.0033538878898434,-0.734622816527337,-0.2687310713625064,-23.565121671231438,2016,1.0752863817793221,0.7227127316653192
NLD,Netherlands,2016,0.884577333927155,57295.9911286996,56410.80750467329,17.204693,0.9853828056543532,0.8836919264287343,0.8741766221383678,-0.1236467765995684,-0.014725078127055634,0.02673390458098371,-0.04145898270803934,-4.061131393972328,2016,1.0752863817793221,0.7227127316653192
NOR,Norway,2016,1.1242733001709,67575.76609778909,66534.52775725207,5.235983,1.2523942637398746,1.0422397404508974,1.0310600273819452,0.04137199407562826,0.22505713024553511,0.20417634142598762,0.020880788819547497,2.110031780740984,2016,1.0752863817793221,0.7227127316653192
NZL,New Zealand,2016,0.905737042427063,44120.47472623267,43419.92689993361,4.71477,1.008953851541207,0.6804822909546504,0.6728619339075113,-0.3849534808080005,0.008914003498164538,-0.25424563592198085,0.26315963942014536,30.103439875134775,2016,1.0752863817793221,0.7227127316653192
PAN,Panama,2016,0.43033829331398,31605.623071212674,31299.88724489872,4.029086,0.4793791775826307,0.4874622707030964,0.4850423334711278,-0.7185423849688071,-0.7352633922542482,-0.6129492416787836,-0.12231415057546458,-11.512965769337825,2016,1.0752863817793221,0.7227127316653192
POL,Poland,2016,0.381151616573334,31846.17151725029,31340.425340074875,38.263265,0.4245872406105007,0.4911723159521775,0.485670536765436,-0.7109602637697027,-0.8566377805401489,-0.6047962900083863,-0.25184149053176264,-22.26320515161816,2016,1.0752863817793221,0.7227127316653192
PRT,Portugal,2016,0.6268031001091,34230.18112049325,33804.75421722706,10.346372,0.6982329002669362,0.5279415557787858,0.5238592950718735,-0.6387696912153508,-0.3592025638703467,-0.5271707504478396,0.16796818657749285,18.289897798423226,2016,1.0752863817793221,0.7227127316653192
ROU,Romania,2016,0.363179922103882,25666.223884946245,25270.03235972845,19.777051,0.4045675113686821,0.3958572734712393,0.3915999877811465,-0.926701553221919,-0.9049366556221357,-0.8367799605438655,-0.06815669507827016,-6.5885908971806355,2016,1.0752863817793221,0.7227127316653192
SVK,Slovakia,2016,0.516009747982025,33277.10233195062,32622.009332887927,5.427259,0.5748136581277087,0.5132419578820713,0.505530751773546,-0.6670078922130218,-0.5537093635291074,-0.5575349034265825,0.0038255398974751387,0.3832866615133046,2016,1.0752863817793221,0.7227127316653192
SVN,Slovenia,2016,0.608468532562256,37801.81870893817,37209.68075646668,2.061373,0.6778089453261507,0.5830279106678838,0.5766241341579863,-0.5395202195616541,-0.38888982230679187,-0.4204491451798267,0.03155932287303481,3.20625986981693,2016,1.0752863817793221,0.7227127316653192
SWE,Sweden,2016,0.960018992424011,57364.84685507212,56191.08550801751,9.92328,1.0694217135730266,0.8847539073506997,0.8707716747294846,-0.12244574343322816,0.06711804777093493,0.028025359188814658,0.03909268858212027,3.986686296858011,2016,1.0752863817793221,0.7227127316653192
TUR,Türkiye,2016,0.414123177528381,27344.68958099393,26951.29792639228,81.652088,0.4613162048226487,0.4217447143753197,0.4176539146614162,-0.8633550902360876,-0.7736715604365088,-0.7686643715613131,-0.0050071888751956894,-0.49946738021376946,2016,1.0752863817793221,0.7227127316653192
TWN,Taiwan,2016,0.425269454717636,53260.410117475614,52647.23042174151,23.515945,0.4737326996480221,0.8214500437452279,0.8158539132985392,-0.19668415437612183,-0.7471120411456524,-0.0518021931030159,-0.6953098480426365,-50.10801653011531,2016,1.0752863817793221,0.7227127316653192
USA,United States,2016,0.897699177265167,64837.06528840881,64530.21743670513,329.179427,1.0,1.0,1.0,0.0,0.0,0.15968959960940976,-0.15968959960940976,-14.75916642132603,2016,1.0752863817793221,0.7227127316653192
AUS,Australia,2017,1.06146895885468,54582.42897042978,54073.6351219872,24.731038,1.1670564720261265,0.8282565641953714,0.8228890643063629,-0.18843231245427827,0.15448474290151254,-0.04150854406965068,0.19599328697116322,21.651873878153125,2017,1.0931109427568206,0.7145289956840793
AUT,Austria,2017,0.864391207695007,59305.57203511669,58792.595971849725,8.798778,0.9503748036036972,0.8999275088702612,0.8947019037702068,-0.10544106460151516,-0.0508988420849351,0.04921009711124817,-0.10010893919618327,-9.52611488560413,2017,1.0931109427568206,0.7145289956840793
BEL,Belgium,2017,0.899176299571991,54950.373490946,54473.15959865271,11.376581,0.988620073299441,0.8338399079586616,0.8289690018217362,-0.18171385193356984,-0.011445173541554207,-0.034164521355984606,0.0227193478144304,2.297939785183023,2017,1.0931109427568206,0.7145289956840793
BGR,Bulgaria,2017,0.357648462057114,23109.311745968844,22838.753028703,7.075636,0.3932248313736028,0.350670344077309,0.3475586589900201,-1.0479086874951007,-0.9333737406848118,-0.9810115746677388,0.04763783398292698,4.879075016552337,2017,1.0931109427568206,0.7145289956840793
CAN,Canada,2017,0.865199387073517,52873.32500971175,52368.28876767231,36.808497,0.9512633750182262,0.8023219071810433,0.7969372143400226,-0.2202453711222453,-0.04996430943914805,-0.07628374662217016,0.026319437183022112,2.666885230439253,2017,1.0931109427568206,0.7145289956840793
CHE,Switzerland,2017,1.25076603889465,75750.8935808389,75542.7728781063,8.453628,1.375183502546799,1.1494756835754798,1.1496050071081017,0.13930591108302384,0.3185871786116939,0.31674569443865525,0.0018414841730386433,0.18431807462628846,2017,1.0931109427568206,0.7145289956840793
CYP,Cyprus,2017,0.707272946834564,41226.86460392382,41015.83632822544,0.859519,0.7776275162892192,0.6255936548351972,0.6241763310666064,-0.46905423232933013,-0.2515076402875762,-0.3482594354624976,0.09675179517492138,10.158692049731123,2017,1.0931109427568206,0.7145289956840793
CZE,Czechia,2017,0.485209822654724,43830.89636499793,43300.08752680636,10.541342,0.5334751045672069,0.6651083199053669,0.6589379173220982,-0.40780536451520255,-0.6283428736830202,-0.28130762782340873,-0.3470352458596115,-29.32195832646064,2017,1.0931109427568206,0.7145289956840793
DEU,Germany,2017,0.821139812469482,57228.21524117363,56734.61088344393,83.104007,0.9028210618752788,0.8684048296268856,0.8633836204712523,-0.14109727947010575,-0.10223090480791786,0.010233898461103341,-0.1124648032690212,-10.637120063254969,2017,1.0931109427568206,0.7145289956840793
DNK,Denmark,2017,1.09244465827942,58470.17922981603,57840.12386976407,5.765168,1.201113417533214,0.887250909683979,0.8802072452347668,-0.11962746217121148,0.18324897455347264,0.033702790689514345,0.1495461838639583,16.13071032227811,2017,1.0931109427568206,0.7145289956840793
ESP,Spain,2017,0.709949314594269,43510.63503161051,43124.755646616766,46.868596,0.780570110407898,0.6602485407302812,0.6562697281665734,-0.41513893798487495,-0.2477307155043399,-0.28932403723261874,0.04159332172827884,4.24704424555753,2017,1.0931109427568206,0.7145289956840793
EST,Estonia,2017,0.551155149936676,38511.32713911608,38065.841034594,1.317425,0.6059802120998141,0.584386955665324,0.5792834944483877,-0.537191920255933,-0.50090794674659,-0.4227414877492165,-0.07816645899737351,-7.518952929348666,2017,1.0931109427568206,0.7145289956840793
FIN,Finland,2017,0.948575854301453,50594.36767073391,50015.77364808194,5.508396,1.04293355046832,0.7677400571033892,0.7611367921720086,-0.2643040704407495,0.04203746398745623,-0.12444479297085959,0.1664822569583158,18.114257862244408,2017,1.0931109427568206,0.7145289956840793
FRA,France,2017,0.854917526245117,47269.84966969735,46766.40758681702,67.469032,0.9399587465369528,0.7172924330404156,0.711688150672116,-0.3322716651310776,-0.06191929134395144,-0.1987409144797176,0.13682162313576615,14.662359915542943,2017,1.0931109427568206,0.7145289956840793
GBR,United Kingdom,2017,0.867831170558929,50696.35398042733,50231.57369455933,66.354471,0.9541569499306152,0.7692876399437828,0.7644208232515252,-0.2622903352734036,-0.04692710331843489,-0.12224355702361955,0.07531645370518467,7.822530529488048,2017,1.0931109427568206,0.7145289956840793
GRC,Greece,2017,0.649960517883301,30005.65314208828,29693.2964961376,10.753533,0.7146140474758876,0.4553183074972342,0.4518706559075534,-0.7867585277040535,-0.33601267576923666,-0.6955454772974529,0.3595328015282162,43.26599216535041,2017,1.0931109427568206,0.7145289956840793
HKG,"China, Hong Kong SAR",2017,0.74441796541214,63140.66586065531,63001.451263692106,7.444891,0.8184674616996489,0.9581228236487286,0.958751990010789,-0.04277930082767563,-0.20032163653518095,0.1177063567848751,-0.31802799332005605,-27.241757931805278,2017,1.0931109427568206,0.7145289956840793
HRV,Croatia,2017,0.478077113628387,30269.616668096685,29814.02603451657,4.0792,0.5256328834991055,0.4593238002400188,0.453707910174752,-0.777999870486458,-0.6431522500337851,-0.6859712932490433,0.0428190432152582,4.374900429671946,2017,1.0931109427568206,0.7145289956840793
HUN,Hungary,2017,0.446802079677582,33368.778897041004,32917.20993921275,9.785604,0.4912468277594192,0.5063517817360442,0.5009319611183455,-0.6805236304264964,-0.7108085733067031,-0.5794189485807085,-0.13138962472599458,-12.31239447685012,2017,1.0931109427568206,0.7145289956840793
ISL,Iceland,2017,1.3041045665741,60309.32024693551,59567.13718157896,0.343531,1.4338277741643255,0.9151588032798356,0.9064888215519123,-0.08865767326854061,0.36034763326612435,0.06755620583389263,0.29279142743223174,34.01632399912246,2017,1.0931109427568206,0.7145289956840793
ISR,Israel,2017,1.00339531898499,45284.9616236797,44764.19288222377,8.361797,1.103206072352484,0.687172913181787,0.681218577448746,-0.37516932529704033,0.09822055178971419,-0.24563281622579486,0.34385336801550903,41.03718147267148,2017,1.0931109427568206,0.7145289956840793
ITA,Italy,2017,0.79719740152359,45055.02438321322,44741.66289371088,60.390318,0.8764970272276127,0.6836837495010627,0.6808757175480868,-0.3802598228090102,-0.13182196626651654,-0.25119729476020547,0.11937532849368893,12.679275635974507,2017,1.0931109427568206,0.7145289956840793
JPN,Japan,2017,0.905785381793976,43816.61813364516,43338.91657863408,127.06469,0.995886580828444,0.6648916560619633,0.6595288153087849,-0.4081311748148044,-0.004121902551988344,-0.28166377462716635,0.277541872075178,31.988138415926382,2017,1.0931109427568206,0.7145289956840793
KOR,Republic of Korea,2017,0.757535219192505,46781.56428888712,46376.66993549931,51.48627,0.8328895282065226,0.7098829868232855,0.705757148428707,-0.342655129820137,-0.1828542648098508,-0.2100911933550575,0.02723692854520668,2.7611244360383314,2017,1.0931109427568206,0.7145289956840793
LTU,Lithuania,2017,0.449526309967041,37216.25344650804,36842.051520104,2.829313,0.4942420454377894,0.5647349667880891,0.5606599451675823,-0.5713987432214538,-0.704729911268735,-0.4601333402497726,-0.24459657101896237,-21.697963236073292,2017,1.0931109427568206,0.7145289956840793
LVA,Latvia,2017,0.502338826656342,30644.83703877393,30241.2630193185,1.942594,0.5523079821682809,0.4650175507911644,0.4602095748375329,-0.7656801304701412,-0.5936494495843199,-0.6725044506252882,0.07885500104096832,8.20474149461148,2017,1.0931109427568206,0.7145289956840793
MYS,Malaysia,2017,0.337582916021347,28982.883944451856,28867.253036286344,32.355644,0.3711633050610034,0.4397983807080081,0.4392999802313218,-0.8214388827509099,-0.9911131378568733,-0.7334549528978633,-0.25765818495900994,-22.71406380829414,2017,1.0931109427568206,0.7145289956840793
NLD,Netherlands,2017,0.901580035686493,59270.55341583806,58657.00891751085,17.31537,0.9912629162823384,0.8993961217218018,0.8926385487909222,-0.10603171672754015,-0.008775475820531866,0.04856444880892767,-0.05733992462945954,-5.572696685534506,2017,1.0931109427568206,0.7145289956840793
NOR,Norway,2017,1.15721023082733,70476.78925606835,69729.28987102416,5.276802,1.272321416576419,1.0694442227255248,1.0611358006035518,0.0671390955160198,0.24084311898595395,0.23785935863844987,0.002983760347504083,0.2988216191030624,2017,1.0931109427568206,0.7145289956840793
NZL,New Zealand,2017,0.939046084880829,45124.20206775666,44646.39591859294,4.812752,1.032455826191525,0.6847334805665304,0.6794259509134368,-0.37872559589588495,0.03194026158820466,-0.24952021453279627,0.28146047612100095,32.50636236322162,2017,1.0931109427568206,0.7145289956840793
PAN,Panama,2017,0.424866765737534,34227.19271589797,33961.30474805835,4.098707,0.4671295420996671,0.5193777113928112,0.516820928049454,-0.6551238928944773,-0.7611486677029334,-0.5516542175413072,-0.20949445016162627,-18.900585969299655,2017,1.0931109427568206,0.7145289956840793
POL,Poland,2017,0.412776261568069,33010.83462146699,32687.477850910785,38.254959,0.4538363590787921,0.5009201858643957,0.497435913131975,-0.6913085002403075,-0.7900185884735481,-0.5912080077903931,-0.19881058068315505,-18.02948533826375,2017,1.0931109427568206,0.7145289956840793
PRT,Portugal,2017,0.656839728355408,35047.348261187566,34768.09953765636,10.330844,0.722177553725345,0.5318230940344549,0.5290986787130043,-0.6314443749512794,-0.3254842510353208,-0.5257698773583911,0.2002856263230703,22.1751672766197,2017,1.0931109427568206,0.7145289956840793
ROU,Romania,2017,0.38107568025589,28191.3159775658,27911.047801809716,19.689401,0.4189824255004726,0.4277867979157628,0.4247485111298229,-0.8491303432219858,-0.869926303852623,-0.7637247913597143,-0.10620151249290877,-10.075657896672352,2017,1.0931109427568206,0.7145289956840793
SVK,Slovakia,2017,0.54249507188797,33661.20911290174,33235.58833268944,5.4357,0.5964586900141386,0.5107892399148831,0.5057770228145373,-0.6717982202083456,-0.5167452938001887,-0.5698811071912055,0.053135813391016806,5.45728605101119,2017,1.0931109427568206,0.7145289956840793
SVN,Slovenia,2017,0.619663596153259,40350.49938542773,39932.772824026266,2.06241,0.6813033997244302,0.6122953231459802,0.607694341062712,-0.4905405587015292,-0.38374755116002546,-0.37174637393959287,-0.01200117722043259,-1.1929450315594003,2017,1.0931109427568206,0.7145289956840793
SWE,Sweden,2017,0.960729777812958,58685.04285503221,57884.55588275122,10.057862,1.0562964613441286,0.8905113400339828,0.8808834087201652,-0.11595944187647593,0.05476888579320803,0.03771234381194388,0.017056541981264148,1.7202835362933877,2017,1.0931109427568206,0.7145289956840793
TUR,Türkiye,2017,0.382848292589188,28138.00202980942,27851.251910393647,83.083662,0.4209313649194839,0.4269777898150733,0.4238385411412004,-0.8510232815909186,-0.8652854872851904,-0.765793983004759,-0.09949150428043141,-9.470235900927893,2017,1.0931109427568206,0.7145289956840793
TWN,Taiwan,2017,0.458028882741928,53407.43457096812,53017.32965204507,23.555522,0.5035903947258475,0.8104267086428792,0.8068142763284241,-0.21019436923279947,-0.685992050214954,-0.06529688647114745,-0.6206951637438065,-46.24293919231056,2017,1.0931109427568206,0.7145289956840793
USA,United States,2017,0.909526646137238,65900.38803188372,65711.93793609037,332.20466,1.0,1.0,1.0,0.0,0.0,0.16446887864309323,-0.16446887864309323,-15.165584184515769,2017,1.0931109427568206,0.7145289956840793
AUS,Australia,2018,1.053382396698,55838.47697102824,55432.64519099069,25.119706,1.1275633771832465,0.8288729256396954,0.8267510390832064,-0.18768842191762689,0.12005900117703432,-0.014929414872023428,0.13498841604905776,14.452352617014409,2018,1.0678014895146521,0.6827225623580357
AUT,Austria,2018,0.920799314975739,61137.87443520158,60768.30257926971,8.84165,0.9856435692837274,0.9075378054596804,0.9063297832465576,-0.09702005480210067,-0.014460481331993692,0.08188640258579677,-0.09634688391779046,-9.185106083764417,2018,1.0678014895146521,0.6827225623580357
BEL,Belgium,2018,0.960537314414978,56160.05846732826,55821.56024291679,11.428605,1.0281799862493703,0.8336465192283615,0.8325515186054656,-0.18194580432372315,0.02779023560774182,-0.008797439251539974,0.03658767485928179,3.7265242115339436,2018,1.0678014895146521,0.6827225623580357
BGR,Bulgaria,2018,0.386729389429092,23959.03027440853,23755.324036673217,7.024745,0.4139635309718383,0.3556506659259861,0.3542991456281765,-1.0338063053848914,-0.8819773984769294,-0.9184153511433533,0.03643795266642391,3.710995211418444,2018,1.0678014895146521,0.6827225623580357
CAN,Canada,2018,0.882549583911896,53444.09392088833,53050.34481159072,37.295005,0.9447002270844532,0.7933304217690884,0.7912201834422536,-0.23151547103042516,-0.056887621829758324,-0.061728003195701237,0.004840381365942913,0.4852114935838925,2018,1.0678014895146521,0.6827225623580357
CHE,Switzerland,2018,1.2870237827301,76478.73899880043,76254.75057137194,8.516344,1.3776581871116658,1.1352594050167386,1.13730264995831,0.12686117549517978,0.32038509183044506,0.3209471137716057,-0.0005620219411606175,-0.05618640364127847,2018,1.0678014895146521,0.6827225623580357
CYP,Cyprus,2018,0.765976548194885,41735.80039146366,41492.64859901755,0.870068,0.8199179198676181,0.6195311342810395,0.618842745558306,-0.47879232206353534,-0.19855104145636657,-0.32577059305134903,0.12721955159498247,13.56663277659116,2018,1.0678014895146521,0.6827225623580357
CZE,Czechia,2018,0.546466588973999,44863.17258791099,44517.66680377369,10.548937,0.5849496958681246,0.6659542153292295,0.6639594260885403,-0.4065343565567531,-0.5362294254166476,-0.24861342985390858,-0.2876159955627391,-24.995044069587436,2018,1.0678014895146521,0.6827225623580357
DEU,Germany,2018,0.870728015899658,58059.83326677143,57660.85765841669,83.368505,0.9320461641408688,0.8618469999987817,0.859983748191629,-0.14867751827335315,-0.0703729331832437,0.026726486146644635,-0.09709941932988833,-9.253421799160789,2018,1.0678014895146521,0.6827225623580357
DNK,Denmark,2018,1.14765393733978,59517.5623646835,59122.32469436421,5.793824,1.2284736801003246,0.8834857023366589,0.8817808207720991,-0.1238801703339103,0.20577248832983044,0.05320513121239481,0.15256735711743563,16.482091843168266,2018,1.0678014895146521,0.6827225623580357
ESP,Spain,2018,0.76785272359848,43552.04957885194,43255.48102119429,47.092821,0.8219262187350541,0.6464917510332181,0.6451345368257567,-0.43619484027433686,-0.1961046461843293,-0.28028493854726966,0.08418029236294036,8.78250026700269,2018,1.0678014895146521,0.6827225623580357
EST,Estonia,2018,0.607072055339813,40285.64958225066,39992.194384874034,1.321965,0.6498231022829412,0.5980049249527514,0.59646419810913,-0.5141562893584765,-0.43105510346601345,-0.36353229000403464,-0.0675228134619788,-6.529360351604774,2018,1.0678014895146521,0.6827225623580357
FIN,Finland,2018,1.01166689395905,51423.2427458457,51028.9164039033,5.515736,1.0829101977712188,0.763332669025777,0.7610715583724995,-0.2700613413742479,0.07965204470197265,-0.10288734096347382,0.18253938566544647,20.026142311750796,2018,1.0678014895146521,0.6827225623580357
FRA,France,2018,0.914530277252197,47872.66732190747,47516.65964960538,67.706406,0.9789330552582376,0.7106275094478923,0.7086879510029066,-0.3416068831584813,-0.02129201952694041,-0.17928377704881102,0.1579917575218706,17.115654143570723,2018,1.0678014895146521,0.6827225623580357
GBR,United Kingdom,2018,0.93375438451767,50098.535672272825,49716.27643769013,66.752475,0.9995109568631416,0.7436685612769633,0.7414941694120813,-0.2961598255603185,-0.0004891627574545787,-0.1307553412514346,0.13026617849398,13.913155529573618,2018,1.0678014895146521,0.6827225623580357
GRC,Greece,2018,0.693071126937866,30189.32213067304,29919.80698349543,10.730844,0.7418783748123577,0.4481338516899985,0.4462394213291869,-0.8026633150980941,-0.2985699645975721,-0.6716005218242405,0.37303055722666834,45.21287121810336,2018,1.0678014895146521,0.6827225623580357
HKG,"China, Hong Kong SAR",2018,0.776979863643646,63763.00929945066,63454.84654126235,7.471194,0.83169610751012,0.9465056164237556,0.9463982844784116,-0.054978374463671195,-0.1842881602794187,0.12677857147287064,-0.3110667317522893,-26.733501778013334,2018,1.0678014895146521,0.6827225623580357
HRV,Croatia,2018,0.524600446224213,31215.98490931877,30918.08694098788,4.024868,0.5615437021452313,0.4633737548381984,0.4611282831056579,-0.7692213046727719,-0.5770656767633414,-0.6358910932797169,0.05882541651637552,6.0590063068239886,2018,1.0678014895146521,0.6827225623580357
HUN,Hungary,2018,0.483264416456223,34786.897658310074,34498.32478105548,9.774394,0.5172967188363726,0.5163808040633451,0.5145257954243012,-0.660910793312216,-0.6591386448569387,-0.5202369679188217,-0.13890167693811706,-12.968640385088426,2018,1.0678014895146521,0.6827225623580357
ISL,Iceland,2018,1.35738444328308,61515.55534477432,61011.44612927726,0.352854,1.4529737650847303,0.9131441453431668,0.909956151461939,-0.09086152985983054,0.37361232873672306,0.08846248469236596,0.2851498440443571,32.99612999712771,2018,1.0678014895146521,0.6827225623580357
ISR,Israel,2018,1.04623687267303,44277.328398237056,43934.6423477042,8.510067,1.1199146531998236,0.6572578752102826,0.6552638988733838,-0.4196788333818805,0.11325247990328768,-0.26264912178667044,0.3759016016899581,45.63038288850525,2018,1.0678014895146521,0.6827225623580357
ITA,Italy,2018,0.84914356470108,45231.048819726246,44957.74617324452,60.277499,0.9089416991674588,0.6714150134218463,0.6705229966115689,-0.3983678333191509,-0.09547432419107295,-0.23989320417664092,0.14441887998556796,15.536796769601157,2018,1.0678014895146521,0.6827225623580357
JPN,Japan,2018,0.931203246116638,43518.40788609357,43185.66138846517,126.913432,0.9967801629556808,0.6459923697855066,0.6440932108398089,-0.4369675867468353,-0.0032250318736148672,-0.2811100783816206,0.2778850465080057,32.03344114339155,2018,1.0678014895146521,0.6827225623580357
KOR,Republic of Korea,2018,0.779030978679657,48442.383665937305,48154.404530641936,51.640894,0.8338916655565101,0.7190844459274773,0.7181996068376647,-0.32977647902351725,-0.1816517824750466,-0.1666512538919361,-0.01500052858311049,-1.4888581110332977,2018,1.0678014895146521,0.6827225623580357
LTU,Lithuania,2018,0.493171364068985,39195.10307038985,38898.71358936627,2.802478,0.5279013305546241,0.581816724148112,0.5801554619701859,-0.5415997878063152,-0.6388458866885633,-0.39283649852412994,-0.2460093881644334,-21.80851158544862,2018,1.0678014895146521,0.6827225623580357
LVA,Latvia,2018,0.549687385559082,32125.043140053785,31836.204592215763,1.927588,0.5883973064282407,0.4768679222324332,0.4748215629326984,-0.7405157190301078,-0.5303528680555422,-0.6052392261730898,0.07488635811754762,7.776166506055104,2018,1.0678014895146521,0.6827225623580357
MYS,Malaysia,2018,0.34301695227623,31109.548148494086,30964.567981244672,32.910967,0.3671727896271049,0.4617937950304454,0.4618215252953021,-0.772636818638705,-1.0019227253042133,-0.6395381841799984,-0.3623845411242149,-30.398532988903803,2018,1.0678014895146521,0.6827225623580357
NLD,Netherlands,2018,0.954039037227631,60555.9623058696,60142.96882892647,17.42128,1.021224089327031,0.8988998333073439,0.8970032334113694,-0.10658367084351272,0.02100199534221392,0.07167435913163077,-0.05067236378941685,-4.940993275532801,2018,1.0678014895146521,0.6827225623580357
NOR,Norway,2018,1.2068932056427,74228.886721368,73755.40829089913,5.311752,1.291884678460358,1.1018623329508204,1.1000261710840649,0.09700177819995584,0.256102143219046,0.2890632048637558,-0.0329610616447098,-3.242376531727942,2018,1.0678014895146521,0.6827225623580357
NZL,New Zealand,2018,0.958529055118561,44422.455189888606,44062.96375912164,4.900847,1.0260303019166666,0.6594121543903422,0.6571777505371545,-0.41640651601462214,0.025697280344295605,-0.25915493642774734,0.2848522167720429,32.956552611675114,2018,1.0678014895146521,0.6827225623580357
PAN,Panama,2018,0.455641567707062,33590.71711861723,33389.793413166466,4.16786,0.4877286220837974,0.4986245593139958,0.4979925872921458,-0.695901852559422,-0.7179961300985159,-0.5576004731026837,-0.16039565699583225,-14.819330099494998,2018,1.0678014895146521,0.6827225623580357
POL,Poland,2018,0.448502719402313,34208.567275743924,33951.62494272192,38.241071,0.4800870439361711,0.5077959997816551,0.5063720322789272,-0.6776754872895442,-0.733787849986899,-0.53813833311907,-0.19564951686782905,-17.769961340587727,2018,1.0678014895146521,0.6827225623580357
PRT,Portugal,2018,0.700228154659271,35798.379605036265,35557.19838343542,10.325353,0.7495394126020896,0.531395361155396,0.530318382049189,-0.6322489751725163,-0.28829637762912275,-0.4896318358170523,0.20133545818792953,22.303498011381873,2018,1.0678014895146521,0.6827225623580357
ROU,Romania,2018,0.42338639497757,29631.460114649184,29403.176400988843,19.597872,0.4532019852152662,0.439852882250863,0.4385341265622162,-0.8213149665008694,-0.7914173693981927,-0.691516782974032,-0.09990058642416078,-9.50726243693314,2018,1.0678014895146521,0.6827225623580357
SVK,Slovakia,2018,0.606524467468262,33711.90762675557,33443.340165364985,5.443232,0.6492369523418694,0.5004235254837305,0.4987912111511935,-0.6923004881376986,-0.4319575251496967,-0.5537549308088824,0.12179740565918568,12.952524317629809,2018,1.0678014895146521,0.6827225623580357
SVN,Slovenia,2018,0.6680708527565,41965.09218374075,41666.05132518733,2.069481,0.7151175387904037,0.6229347686385541,0.6214289631841613,-0.4733134709117253,-0.3353083598820225,-0.3199202676306172,-0.015388092251405305,-1.5270300530449532,2018,1.0678014895146521,0.6827225623580357
SWE,Sweden,2018,0.978110611438751,58923.01706909946,58445.61592388706,10.175405,1.0469908247468458,0.8746602019772607,0.8716880374091354,-0.13391980864567615,0.04592016847545087,0.042484790468902855,0.003435378006548015,0.34412856806660397,2018,1.0678014895146521,0.6827225623580357
TUR,Türkiye,2018,0.333074450492859,27796.115211329263,27600.40875678392,84.415969,0.3565301199530621,0.4126088064433872,0.4116467208117462,-0.8852553347933444,-1.0313365547498137,-0.7597924034768522,-0.2715441512729615,-23.77983694471072,2018,1.0678014895146521,0.6827225623580357
TWN,Taiwan,2018,0.473583161830902,53293.35714721918,52985.093774066925,23.58008,0.5069336937897071,0.7910928673555349,0.7902469958397464,-0.2343399131052347,-0.6793750654234649,-0.06474394665023073,-0.6146311187732342,-45.91596356260472,2018,1.0678014895146521,0.6827225623580357
USA,United States,2018,0.934211254119873,67366.7521809016,67048.77595613376,335.056497,1.0,1.0,1.0,0.0,0.0,0.18548456161627305,-0.18548456161627305,-16.929833982708075,2018,1.0678014895146521,0.6827225623580357
AUS,Australia,2019,0.993851006031036,55989.518031713575,55499.21507575684,25.482714,1.0488546831363708,0.8151899275041649,0.8117043012077316,-0.204334153008439,0.04769879087283045,-0.12896894392424377,0.1766677347970742,19.323455693100033,2019,1.0757792576771936,0.6724030018134476
AUT,Austria,2019,0.84833174943924,64319.30251024786,63848.698596850125,8.880876,0.8952818107071787,0.9364689926558863,0.9338197523484986,-0.06563886746366254,-0.11061673797063666,0.020236567402442243,-0.1308533053730789,-12.265353303578985,2019,1.0757792576771936,0.6724030018134476
BEL,Belgium,2019,0.881881475448608,59420.04707666725,58985.605691530254,11.490618,0.9306883123148944,0.8651373609125522,0.8626945405228408,-0.1448669859146085,-0.07183084582044212,-0.06499539905187718,-0.006835446768564943,-0.6812138240607002,2019,1.0757792576771936,0.6724030018134476
BGR,Bulgaria,2019,0.366618722677231,26319.38395468462,26043.21524832237,6.975469,0.3869088644797125,0.3832020251687277,0.3808952938431044,-0.95919294801232,-0.9495661059855055,-0.9410303780646199,-0.008535727920885638,-0.8499402024780833,2019,1.0757792576771936,0.6724030018134476
CAN,Canada,2019,0.906117022037506,52559.485519057744,52101.37857209875,37.782935,0.9562651506778688,0.7652497234512374,0.7620092109068118,-0.2675530625402317,-0.04472005012076659,-0.1969785354915174,0.15225848537075082,16.446119371729196,2019,1.0757792576771936,0.6724030018134476
CHE,Switzerland,2019,1.2112945318222,79409.68017110766,79183.64611978934,8.577524,1.278332400580694,1.1561801868904742,1.1581011740978648,0.14512162911608256,0.24555641648776197,0.24696833796067713,-0.001411921472915162,-0.1410925180742928,2019,1.0757792576771936,0.6724030018134476
CYP,Cyprus,2019,0.706646621227264,45764.48472512242,45490.40917531588,0.875899,0.7457552626088136,0.6663166302700931,0.6653204147284063,-0.4059903005924569,-0.2933577988118918,-0.3459064446782211,0.05254864586632935,5.395383132870468,2019,1.0757792576771936,0.6724030018134476
CZE,Czechia,2019,0.513689279556274,48448.88321747061,47973.2943308187,10.554875,0.5421188923390002,0.7054006354428134,0.7016338753309658,-0.3489893603543743,-0.6122699430390207,-0.2845860155019945,-0.3276839275370262,-27.940925739425193,2019,1.0757792576771936,0.6724030018134476
DEU,Germany,2019,0.810887932777405,60282.677957154825,59799.36185591851,83.559186,0.8557657039447544,0.87769699760257,0.8745961390925977,-0.1304538501457892,-0.15575865065082115,-0.049490046553696126,-0.10626860409712502,-10.08169086265921,2019,1.0757792576771936,0.6724030018134476
DNK,Denmark,2019,1.06307375431061,61917.400463796585,61388.03421824099,5.814618,1.121908494293185,0.9014980476656176,0.8978312819310464,-0.10369740199211668,0.11503124788621531,-0.020706014620859983,0.1357372625070753,14.538091954676435,2019,1.0757792576771936,0.6724030018134476
ESP,Spain,2019,0.701144516468048,46107.80569560709,45737.86881403207,47.435119,0.739948649435621,0.671315276568165,0.668939638042593,-0.39851639160313124,-0.3011744878462695,-0.3378661684137375,0.03669168056746802,3.737312923176317,2019,1.0757792576771936,0.6724030018134476
EST,Estonia,2019,0.57757043838501,43262.34097810408,42862.66945566172,1.326822,0.6095354891881317,0.6298861973704646,0.6268883823116201,-0.4622161150082656,-0.49505810503216074,-0.4063930095727555,-0.08866509545940526,-8.48479891782663,2019,1.0757792576771936,0.6724030018134476
FIN,Finland,2019,0.938620448112488,53751.29329259027,53233.65366905727,5.521759,0.990567445941287,0.7826020730812981,0.7785693111730424,-0.2451309202426862,-0.00947732233863598,-0.1728572598951315,0.16337993755649552,17.748397509713488,2019,1.0757792576771936,0.6724030018134476
FRA,France,2019,0.829970955848694,52236.09041329821,51757.573453520185,67.917133,0.8759048575958156,0.7605411915315665,0.7569808858548894,-0.2737250049999981,-0.13249780399468306,-0.20361818316931118,0.07112037917462813,7.371047046924684,2019,1.0757792576771936,0.6724030018134476
GBR,United Kingdom,2019,0.881690859794617,52217.586433500175,51765.09699056896,67.110958,0.930487147230637,0.7602717793544237,0.7570909214179952,-0.27407930521326374,-0.07204701575112653,-0.20399933198973302,0.13195231623860648,14.10539082276867,2019,1.0757792576771936,0.6724030018134476
GRC,Greece,2019,0.633623123168945,32037.350973674114,31709.25235311108,10.718576,0.6686903530271094,0.4664538423578136,0.4637639737421216,-0.7625962081606786,-0.40243417648490354,-0.7295356832052646,0.3271015067203611,38.694225399481816,2019,1.0757792576771936,0.6724030018134476
HKG,"China, Hong Kong SAR",2019,0.782279491424561,63105.64981385455,62839.9806073168,7.485813,0.8255739573870962,0.9187985877592466,0.919066737739334,-0.084688345217519,-0.19167642861488574,-0.000256465634739661,-0.19141996298014607,-17.42142841106694,2019,1.0757792576771936,0.6724030018134476
HRV,Croatia,2019,0.483716279268265,34251.82213156248,33832.22843344286,3.986334,0.5104870667142806,0.4986958520432082,0.4948135807215035,-0.6957588840038366,-0.6723899762443153,-0.6576334762386872,-0.014756500005628115,-1.4648156438067383,2019,1.0757792576771936,0.6724030018134476
HUN,Hungary,2019,0.457202941179276,37555.93072138898,37153.21340718128,9.770346,0.4825063747881654,0.5468026430372103,0.5433846782361283,-0.6036673404987973,-0.7287611462941764,-0.5585633039284891,-0.17019784236568736,-15.650207953667161,2019,1.0757792576771936,0.6724030018134476
ISL,Iceland,2019,1.18694889545441,64211.15300977266,63558.29918387857,0.3607,1.2526393796315416,0.934894369645164,0.9295725129550142,-0.06732172971698835,0.22525282892854312,0.01842617909678644,0.2068266498317567,22.976937257459127,2019,1.0757792576771936,0.6724030018134476
ISR,Israel,2019,1.06770062446594,45161.84512942228,44723.97924614039,8.657474,1.1267914338899985,0.6575423856328795,0.6541109864646572,-0.41924605216710464,0.11937415483463307,-0.360166707267149,0.47954086210178204,61.53325715028306,2019,1.0757792576771936,0.6724030018134476
ITA,Italy,2019,0.769522905349731,47472.30240756482,47151.85161064661,60.130136,0.8121113709790487,0.6911819233049784,0.6896198569660336,-0.36935221446017635,-0.20811779184739634,-0.3064919515761233,0.09837415972872696,10.337554657952452,2019,1.0757792576771936,0.6724030018134476
JPN,Japan,2019,0.957270443439484,43533.1418712685,43120.19997817828,126.699424,1.0102496063662272,0.6338289739512833,0.6306548974332056,-0.45597611811055433,0.0101974353364069,-0.39968015034222765,0.4098775856786345,50.66333403258396,2019,1.0757792576771936,0.6724030018134476
KOR,Republic of Korea,2019,0.740011692047119,49199.801552492645,48840.80940899106,51.767846,0.7809668894726183,0.7163337722978482,0.7143217254087348,-0.33360905821427833,-0.24722252508260814,-0.26804020548287116,0.020817680400263022,2.103587981373334,2019,1.0757792576771936,0.6724030018134476
LTU,Lithuania,2019,0.457183659076691,43090.80974348296,42697.85893083435,2.795058,0.4824860255371466,0.6273887560701791,0.6244779444035511,-0.4661889048554222,-0.7288033212398339,-0.41066685448543705,-0.3181364667543969,-27.249649840160075,2019,1.0757792576771936,0.6724030018134476
LVA,Latvia,2019,0.513387203216553,34397.421324812734,34011.51889134356,1.914263,0.5418000978902766,0.5008157309055894,0.4974357950293068,-0.6915170481368863,-0.6128581686551221,-0.6530701971985509,0.04021202854342876,4.103147918187711,2019,1.0757792576771936,0.6724030018134476
MYS,Malaysia,2019,0.354571908712387,30528.07432020649,30387.25371401873,33.440596,0.3741953318000417,0.4444792448085526,0.4444290699947933,-0.8108519184624345,-0.9829773403668318,-0.7814481754123733,-0.2015291649544585,-18.25202645468318,2019,1.0757792576771936,0.6724030018134476
NLD,Netherlands,2019,0.895470678806305,63473.31750174069,62927.03119092126,17.537507,0.945029596365844,0.924151714672462,0.920339896882899,-0.07887902745024326,-0.056539033073165906,0.0059930779205511625,-0.06253211099371707,-6.061710218916527,2019,1.0757792576771936,0.6724030018134476
NOR,Norway,2019,1.10958349704742,75265.3579182195,74642.58199273337,5.34773,1.1709922716249432,1.095840146903486,1.091685797250462,0.09152132652304655,0.15785148478589645,0.1893062442258679,-0.03145475943997145,-3.096520486109189,2019,1.0757792576771936,0.6724030018134476
NZL,New Zealand,2019,0.899880290031433,46530.73912349834,46077.41898179,4.989403,0.949683253057058,0.6774730554264591,0.6739057322705693,-0.3893854976074042,-0.051626767818310694,-0.32804334204908514,0.2764165742307744,31.839695984918247,2019,1.0757792576771936,0.6724030018134476
PAN,Panama,2019,0.463272094726563,34605.7202989586,34370.57967506553,4.2347,0.4889114194901545,0.503848499030812,0.5026872419577778,-0.6854796532602383,-0.7155739521531291,-0.6465752930198464,-0.06899865913328274,-6.667206845427732,2019,1.0757792576771936,0.6724030018134476
POL,Poland,2019,0.415903657674789,37453.5115406746,37115.66782561084,38.225885,0.4389214242764735,0.5453114516957469,0.5428355549735655,-0.6063981765448917,-0.8234348699079241,-0.5615010807029945,-0.2619337892049296,-23.04380246689739,2019,1.0757792576771936,0.6724030018134476
PRT,Portugal,2019,0.648001968860626,38133.393607963015,37842.03709234258,10.343213,0.6838649813670681,0.5552103226385241,0.5534590756353704,-0.5884082773137449,-0.3799947765068557,-0.542147920262424,0.16215314375556827,17.604033076381388,2019,1.0757792576771936,0.6724030018134476
ROU,Romania,2019,0.393883466720581,32836.92899771721,32536.337382961818,19.501542,0.4156825481615189,0.4780954491150716,0.4758605137612546,-0.7379448820837914,-0.8778334154149604,-0.7030162979375124,-0.174817117477448,-16.03894431741576,2019,1.0757792576771936,0.6724030018134476
SVK,Slovakia,2019,0.616528928279877,33379.55183955017,33030.53802902639,5.450626,0.6506500972392265,0.4859958685265294,0.4830884500396811,-0.7215551560919962,-0.42978326631002123,-0.6853845706765264,0.25560130436650513,29.123781442122578,2019,1.0757792576771936,0.6724030018134476
SVN,Slovenia,2019,0.612105190753937,45299.27367083942,44904.63618685261,2.083439,0.6459815324413926,0.6595433023518159,0.6567531862798973,-0.4162076496143422,-0.43698436316019096,-0.3568980568244137,-0.08008630633577724,-7.696332096476888,2019,1.0757792576771936,0.6724030018134476
SWE,Sweden,2019,0.880735397338867,62185.953327739466,61521.24451254362,10.279125,0.9294788056732072,0.9054080936418062,0.8997795503651675,-0.09936950472069118,-0.07313127393836993,-0.016050152506902712,-0.05708112143146722,-5.54825543485844,2019,1.0757792576771936,0.6724030018134476
TUR,Türkiye,2019,0.314157456159592,27804.73558369774,27562.768464444533,85.357672,0.3315441823126829,0.404828281820688,0.403119533947343,-0.9042922972915816,-1.1039941982592798,-0.8819693967862688,-0.22202480147301096,-19.910449929980867,2019,1.0757792576771936,0.6724030018134476
TWN,Taiwan,2019,0.458100199699402,55130.870124873145,54751.41535479681,23.596027,0.4834532911721176,0.8026882816687358,0.8007673492325253,-0.21978883259482496,-0.7268005743973627,-0.14559476765732493,-0.5812058067400377,-44.077635578460786,2019,1.0757792576771936,0.6724030018134476
USA,United States,2019,0.947558343410492,68682.78930179436,68373.68607407867,337.790067,1.0,1.0,1.0,0.0,0.0,0.09084949951727284,-0.09084949951727284,-8.684486915388067,2019,1.0757792576771936,0.6724030018134476
AUS,Australia,2020,0.973726391792297,58611.7978894406,58231.98786068454,25.743791,1.0168887858636158,0.8773245194583844,0.8742027457127794,-0.1308783214655506,0.016747755987028514,-0.057410854026367475,0.07415861001339599,7.697761138346859,2020,1.018566897218929,0.6425465929075534
AUT,Austria,2020,0.861244857311249,61309.7936928096,60930.90858446623,8.921405,0.899421279596303,0.9177091852923236,0.914720062635495,-0.08587473017127448,-0.10600374515634632,-0.011571685678047852,-0.09443205947829847,-9.011044910312993,2020,1.018566897218929,0.6425465929075534
BEL,Belgium,2020,0.892533719539642,57397.26893346829,57043.50813211697,11.540107,0.932097084001604,0.859144970783276,0.8563607952641119,-0.15181760431858482,-0.07031830233789581,-0.07873891439197209,0.008420612054076279,0.845616513058145,2020,1.018566897218929,0.6425465929075534
BGR,Bulgaria,2020,0.385664403438568,26038.616175862306,25852.65717474716,6.933652,0.4027597590752325,0.3897562819509637,0.3881108084478413,-0.9422336532755833,-0.909415026119348,-0.8838305368901471,-0.02558448922920087,-2.5259979546412903,2020,1.018566897218929,0.6425465929075534
CAN,Canada,2020,0.887929558753967,49628.30382410601,49314.77150391929,38.171902,0.9272888344658712,0.7428560353352107,0.7403337965391895,-0.2972530143639517,-0.07549018215660049,-0.22687460874764404,0.15138442659104356,16.344383086952984,2020,1.018566897218929,0.6425465929075534
CHE,Switzerland,2020,1.32020032405853,77112.45608224075,76835.32631250996,8.640582,1.378720876772738,1.1542496717848647,1.1534837758043175,0.1434504980513273,0.3211561684415315,0.22201140048667042,0.09914476795486107,10.422614454903712,2020,1.018566897218929,0.6425465929075534
CYP,Cyprus,2020,0.721360683441162,42791.56648892743,42598.60850304897,0.888005,0.7533364564598363,0.6405210530751059,0.639507972937529,-0.4454732884351861,-0.2832433296493633,-0.37784687341332057,0.0946035437639573,9.922297492488985,2020,1.018566897218929,0.6425465929075534
CZE,Czechia,2020,0.527812778949738,46343.78463524001,45989.49394362856,10.550129,0.5512091491754367,0.6936920560206834,0.6904133510888651,-0.36572714026278946,-0.5956409607712485,-0.2966200867042016,-0.2990208740670469,-25.84560697642638,2020,1.018566897218929,0.6425465929075534
DEU,Germany,2020,0.829186677932739,58369.66296310592,58023.71118778972,83.628708,0.8659420565003713,0.873700148332773,0.8710760099443188,-0.13501804190269567,-0.14393728201115252,-0.06162743622738412,-0.0823098457837684,-7.90134493172393,2020,1.018566897218929,0.6425465929075534
DNK,Denmark,2020,1.0804740190506,62786.37424483798,62354.68007538331,5.83153,1.1283682178596133,0.9398112256646988,0.9360943105764212,-0.06207624764683787,0.12077253408049879,0.012668660825386452,0.10810387325511234,11.416347116243397,2020,1.018566897218929,0.6425465929075534
ESP,Spain,2020,0.733232080936432,40223.28657926682,39973.18689803912,47.679489,0.7657340776881664,0.6020780259250457,0.6000940552597702,-0.507368230900946,-0.2669203265795665,-0.4408910129142137,0.17397068633464718,19.002068144105188,2020,1.018566897218929,0.6425465929075534
EST,Estonia,2020,0.591141700744629,42439.20385449311,42120.823984202085,1.329669,0.6173452536672982,0.6352467501179897,0.632335273643212,-0.45374177270523763,-0.48232684323427466,-0.38626887778097047,-0.0960579654533042,-9.158864193360861,2020,1.018566897218929,0.6425465929075534
FIN,Finland,2020,0.952396214008331,53760.620998363,53361.18632735896,5.529612,0.9946131047566594,0.8047101894424298,0.8010802535793778,-0.21727307949884714,-0.005401456881745552,-0.14540969465232248,0.14000823777057692,15.028327458791235,2020,1.018566897218929,0.6425465929075534
FRA,France,2020,0.844143688678742,49250.40772474432,48902.38565026214,68.104157,0.8815620670350106,0.7371995373993672,0.7341428891220724,-0.30489668069701953,-0.12605986891957074,-0.23466019424789375,0.108600325328323,11.471673725127317,2020,1.018566897218929,0.6425465929075534
GBR,United Kingdom,2020,0.874882161617279,49074.486598076335,48765.76090451309,67.351861,0.9136630850306674,0.7345662805556222,0.7320918217920015,-0.3084750484257188,-0.09029339142373174,-0.23830500116242337,0.14801160973869162,15.952635808285365,2020,1.018566897218929,0.6425465929075534
GRC,Greece,2020,0.646513223648071,28980.450272347836,28788.30401119916,10.699369,0.6751712314484479,0.4337908155766664,0.4321819559245368,-0.8351928528359315,-0.3927889440600562,-0.7748023209105004,0.3820133768504442,46.52316851869849,2020,1.018566897218929,0.6425465929075534
HKG,"China, Hong Kong SAR",2020,0.80335283279419,58453.09342764279,58300.54480934176,7.490235,0.8389630738636026,0.8749489684482396,0.8752319510508698,-0.1335897160987439,-0.1755885855650135,-0.060172590845035234,-0.11541599471997827,-10.900458258712298,2020,1.018566897218929,0.6425465929075534
HRV,Croatia,2020,0.497076451778412,30906.31352811537,30624.420359295676,3.953958,0.5191103720624677,0.462617896748889,0.4597464958264591,-0.7708538426246828,-0.6556387554923409,-0.7092687349094919,0.053629979417151086,5.509412337445085,2020,1.018566897218929,0.6425465929075534
HUN,Hungary,2020,0.450833141803741,36323.00368112809,36017.935409120735,9.749457,0.4708172337324052,0.5436970524252072,0.5407161799952461,-0.6093630761706754,-0.7532852990569527,-0.5447795859929268,-0.208505713064026,-18.820360315549568,2020,1.018566897218929,0.6425465929075534
ISL,Iceland,2020,1.07921016216278,59262.75234306383,58794.377183836405,0.366614,1.1270483379559837,0.887068262591662,0.8826455674078781,-0.11983334068035012,0.11960212495949019,-0.04616080221814314,0.16576292717763333,18.029325309960242,2020,1.018566897218929,0.6425465929075534
ISR,Israel,2020,1.09611296653748,43790.06433929641,43468.32382502747,8.800376,1.1447003933620623,0.6554669629140706,0.6525644999494705,-0.4224073768744757,0.1351429375799233,-0.3543526994434016,0.4894956370233249,63.14931476688492,2020,1.018566897218929,0.6425465929075534
ITA,Italy,2020,0.78509509563446,43933.91081624019,43714.863187178016,59.912769,0.8198960255331151,0.6576201137438494,0.656265651073384,-0.4191278491144822,-0.1985777448937482,-0.35101228102856163,0.15243453613481345,16.466621604680643,2020,1.018566897218929,0.6425465929075534
JPN,Japan,2020,0.970232009887695,42243.8209526636,41937.66015209762,126.304543,1.0132395084051151,0.6323221817438665,0.6295855422528964,-0.4583562334892978,0.01315263207357687,-0.3909690147841291,0.40412164685770596,49.798616118441515,2020,1.018566897218929,0.6425465929075534
KOR,Republic of Korea,2020,0.722757697105408,49920.05936463778,49587.91022845597,51.858482,0.7547953955836441,0.7472231473947858,0.7444342683197804,-0.2913914136999274,-0.28130856568699986,-0.2209041763465524,-0.06040438934044745,-5.861622896099805,2020,1.018566897218929,0.6425465929075534
LTU,Lithuania,2020,0.479265838861465,42836.0981922658,42574.44406986997,2.795765,0.5005102676622325,0.6411876211832145,0.6391452064476709,-0.4444331641361308,-0.6921271656276322,-0.3767874372333098,-0.3153397283943224,-27.045901362373094,2020,1.018566897218929,0.6425465929075534
LVA,Latvia,2020,0.517998039722443,34447.596072163666,34164.10409137126,1.901123,0.5409593517574564,0.5156252112845051,0.5128856956239732,-0.6623751121293868,-0.6144111383420895,-0.5987758909746499,-0.015635247367439598,-1.5513651439634457,2020,1.018566897218929,0.6425465929075534
MYS,Malaysia,2020,0.343571424484253,28588.717504076038,28504.49170803585,33.889558,0.3588009235922497,0.4279272049205245,0.4279212479561601,-0.8488021798273087,-1.0249875746864008,-0.7886643308773453,-0.23632324380905545,-21.047457652427013,2020,1.018566897218929,0.6425465929075534
NLD,Netherlands,2020,0.907415449619293,62605.84798849628,62184.46179170051,17.636731,0.947638476901915,0.9371090374227792,0.933538923126451,-0.0649556348664442,-0.053782202939837875,0.009735812319220188,-0.06351801525905806,-6.1542787401424714,2020,1.018566897218929,0.6425465929075534
NOR,Norway,2020,1.05494844913483,70864.34317158784,70352.73254346219,5.379274,1.1017111753691178,1.0607254521866147,1.0561643903524554,0.05895306289201845,0.09686458506220123,0.13594511013349556,-0.03908052507129432,-3.8326732780004535,2020,1.018566897218929,0.6425465929075534
NZL,New Zealand,2020,0.88511848449707,45924.65980557783,45612.17490697539,5.069895,0.92435315365023,0.6874184301805402,0.6847488812678959,-0.37481210349064736,-0.07866107944045729,-0.30587372951054886,0.22721265007009156,25.50967359733971,2020,1.018566897218929,0.6425465929075534
PAN,Panama,2020,0.470332682132721,28205.63582088301,28045.39559206859,4.293261,0.4911811306722189,0.4221930871196238,0.421029106714394,-0.8622925171751427,-0.7109423176423246,-0.8024051419321652,0.09146282428984054,9.577603968288129,2020,1.018566897218929,0.6425465929075534
POL,Poland,2020,0.41814512014389,37352.382745314695,37126.288399165314,38.171012,0.4366802493206076,0.5591052044585495,0.5573552346233316,-0.5814176223565729,-0.8285540466244412,-0.5163152718101216,-0.3122387748143196,-26.8193229660454,2020,1.018566897218929,0.6425465929075534
PRT,Portugal,2020,0.673215568065643,35119.15604223858,34924.96674949441,10.370519,0.7030572113534569,0.5256773859191209,0.5243080813139981,-0.6430675891656541,-0.35231700875667293,-0.5791098872164973,0.22679287845982432,25.456999255919666,2020,1.018566897218929,0.6425465929075534
ROU,Romania,2020,0.400834411382675,32278.348620797075,32068.7795092002,19.392469,0.4186022083400922,0.4831550594313509,0.48142981424009,-0.7274176428305988,-0.8708341934464271,-0.6650260596582502,-0.20580813378817686,-18.601076166704512,2020,1.018566897218929,0.6425465929075534
SVK,Slovakia,2020,0.564975321292877,35806.83146398623,35536.50439943069,5.455024,0.5900189964605258,0.5359707829936506,0.5334887380684961,-0.6236756287372272,-0.5276005452099751,-0.5593578782519222,0.031757333041947056,3.2266977821570286,2020,1.018566897218929,0.6425465929075534
SVN,Slovenia,2020,0.620748817920685,43613.284715130525,43321.36279685448,2.102419,0.6482647662653541,0.6528208557410076,0.6503582600620574,-0.4264525277098996,-0.4334560761643215,-0.35847295617862185,-0.07498311998569968,-7.224085321595686,2020,1.018566897218929,0.6425465929075534
SWE,Sweden,2020,0.912182986736298,60948.10099514318,60441.66903458344,10.353686,0.9526173447556942,0.9122952262670372,0.907375395665821,-0.09179162827945603,-0.04854198297545357,-0.017598442225258887,-0.030943540750194683,-3.0469689515211673,2020,1.018566897218929,0.6425465929075534
TUR,Türkiye,2020,0.29839301109314,27286.294361597636,27110.223365107056,86.091692,0.3116198855431823,0.4084320213780964,0.4069899135053284,-0.8954297888649528,-1.1659711494891185,-0.8361576699395559,-0.32981347954956264,-28.094216008307182,2020,1.018566897218929,0.6425465929075534
TWN,Taiwan,2020,0.473436921834946,58774.5729518888,58476.28096623302,23.582179,0.4944229720852003,0.8797610008253535,0.8778701751012474,-0.12810499836830933,-0.7043639093444757,-0.05458603892422484,-0.6497778704202508,-47.78382485497546,2020,1.018566897218929,0.6425465929075534
USA,United States,2020,0.957554459571838,66807.43167377169,66611.53622116023,339.436159,1.0,1.0,1.0,0.0,0.0,0.07589747178201994,-0.07589747178201994,-7.308876375503526,2020,1.018566897218929,0.6425465929075534
AUS,Australia,2021,1.09347748756409,62288.11357129915,62288.11357129915,25.956417,1.098354782539562,0.8767102611767562,0.8767102611767562,-0.1315787161367626,0.09381340796325809,-0.025886592421754617,0.1197000003850127,12.715865369015722,2021,1.022438449613458,0.6447748759178507
AUT,Austria,2021,0.892258822917938,63820.24921889088,63820.24921889088,8.967057,0.8962386117323675,0.8982751949457136,0.8982751949457136,-0.10727880445817255,-0.10954859372380042,-0.0010414283993530477,-0.10850716532444737,-10.282753373786635,2021,1.022438449613458,0.6447748759178507
BEL,Belgium,2021,0.94481098651886,60506.2333828025,60506.2333828025,11.570844,0.9490251765042288,0.8516301526957955,0.8516301526957955,-0.16060293947854992,-0.0523199512149125,-0.055562074336566375,0.003242123121653874,0.32473844872837887,2021,1.022438449613458,0.6447748759178507
BGR,Bulgaria,2021,0.419175148010254,28562.871925086063,28562.871925086063,6.877225,0.4210448169028321,0.4020247438820958,0.4020247438820958,-0.9112416403118473,-0.8650159975146146,-0.8230439438364232,-0.041972053678191346,-4.110342216961427,2021,1.022438449613458,0.6447748759178507
CAN,Canada,2021,0.973719477653503,53905.64511827712,53905.64511827712,38.454057,0.9780626096977282,0.7587263363892008,0.7587263363892008,-0.2761141247202086,-0.02218159290055398,-0.17366515148806083,0.15148355858750684,16.355917109611575,2021,1.022438449613458,0.6447748759178507
CHE,Switzerland,2021,1.36588859558105,80899.091457551,80899.091457551,8.707023,1.3719809401057848,1.1386612875910302,1.1386612875910302,0.1298532632344943,0.31625563715602073,0.24141151524597082,0.07484412191004991,7.771614545652694,2021,1.022438449613458,0.6447748759178507
CYP,Cyprus,2021,0.77000617980957,46902.37841333829,46902.37841333829,0.896007,0.773440678749492,0.6601547883048406,0.6601547883048406,-0.4152809437243888,-0.2569063038951398,-0.3159546581483315,0.059048354253191715,6.082653497486645,2021,1.022438449613458,0.6447748759178507
CZE,Czechia,2021,0.580019593238831,48293.407227242526,48293.407227242526,10.530683,0.5826066850445168,0.6797336319207485,0.6797336319207485,-0.38605427531703423,-0.5402429600212323,-0.2860721886145493,-0.254170771406683,-22.444065262365488,2021,1.022438449613458,0.6447748759178507
DEU,Germany,2021,0.889575242996216,59757.64412243614,59757.64412243614,83.697083,0.8935430620984043,0.8410936980122118,0.8410936980122118,-0.1730522125965505,-0.11256075069406793,-0.0682906898421494,-0.044270060851918536,-4.330444343440021,2021,1.022438449613458,0.6447748759178507
DNK,Denmark,2021,1.14402318000793,67494.1672261326,67494.1672261326,5.856776,1.1491259265858278,0.9499858895067866,0.9499858895067866,-0.05130814764861057,0.13900158954178315,0.056185123172862436,0.08281646636892072,8.634240988353593,2021,1.022438449613458,0.6447748759178507
ESP,Spain,2021,0.770360469818115,43146.878086790624,43146.878086790624,47.735664,0.7737965490163398,0.607295815968679,0.607295815968679,-0.4987392656648649,-0.2564462965132892,-0.4012856554404927,0.1448393589272035,15.585387774658077,2021,1.022438449613458,0.6447748759178507
EST,Estonia,2021,0.654094934463501,44986.640922951694,44986.640922951694,1.331749,0.6570124283978729,0.6331906274201092,0.6331906274201092,-0.45698375301137845,-0.4200523437847091,-0.35859321382024695,-0.06145912996446218,-5.960862121688626,2021,1.022438449613458,0.6447748759178507
FIN,Finland,2021,1.0121283531189,55314.667054678015,55314.667054678015,5.541075,1.016642802284375,0.7785584346666964,0.7785584346666964,-0.2503112299383526,0.016505828512801708,-0.1472832797517608,0.16378910826456253,17.796586562998495,2021,1.022438449613458,0.6447748759178507
FRA,France,2021,0.894620060920715,51127.27292588657,51127.27292588657,68.291492,0.8986103816888225,0.7196205219604377,0.7196205219604377,-0.3290312587459274,-0.1069057292313967,-0.22776966395930437,0.12086393472790767,12.847135615862303,2021,1.022438449613458,0.6447748759178507
GBR,United Kingdom,2021,0.967277348041534,51205.210667865926,51205.210667865926,67.668792,0.9715917459172508,0.7207175020134301,0.7207175020134301,-0.32750803260479067,-0.028819577240914624,-0.2262122589851498,0.19739268174423516,21.82223204595628,2021,1.022438449613458,0.6447748759178507
GRC,Greece,2021,0.679873049259186,31802.249994116013,31802.249994116013,10.579561,0.6829055226706847,0.4476192534942493,0.4476192534942493,-0.8038122885136093,-0.3813987559622985,-0.713204043940854,0.3318052879785555,39.348149449679056,2021,1.022438449613458,0.6447748759178507
HKG,"China, Hong Kong SAR",2021,0.8138867020607,61823.88680438677,61823.88680438677,7.484601,0.817516923594942,0.8701762317009859,0.8701762317009859,-0.13905952267351523,-0.2014836747798157,-0.03353525665905022,-0.1679484181207655,-15.46025592512984,2021,1.022438449613458,0.6447748759178507
HRV,Croatia,2021,0.531032145023346,34590.41551262418,34590.41551262418,3.92461,0.5334007355450457,0.4868629097841012,0.4868629097841012,-0.7197726949445752,-0.6284822882605849,-0.6272787321859856,-0.0012035560745993212,-0.12028320914675428,2021,1.022438449613458,0.6447748759178507
HUN,Hungary,2021,0.496738612651825,38009.94169666816,38009.94169666816,9.70785,0.4989542419328691,0.534993018757177,0.534993018757177,-0.6255015812232758,-0.6952408869686061,-0.5308923208294463,-0.16434856613915982,-15.155376929511387,2021,1.022438449613458,0.6447748759178507
ISL,Iceland,2021,1.21398770809174,62877.984123251685,62877.984123251685,0.372644,1.2194025211229167,0.8850127371390571,0.8850127371390571,-0.12215324183025274,0.19836100200044407,-0.016249625084935188,0.21461062708537926,23.937922230183162,2021,1.022438449613458,0.6447748759178507
ISR,Israel,2021,1.18148279190063,47382.17472271933,47382.17472271933,8.942924,1.1867526215496886,0.6669079603563204,0.6669079603563204,-0.4051032330583585,0.17122068746280888,-0.30554857543434116,0.47676926289715005,61.086171560476664,2021,1.022438449613458,0.6447748759178507
ITA,Italy,2021,0.832348823547363,48211.381841590446,48211.381841590446,59.72935,0.8360613926501534,0.6785791179508265,0.6785791179508265,-0.38775419935595945,-0.17905323240934595,-0.28781025631336865,0.1087570239040227,11.489142546264851,2021,1.022438449613458,0.6447748759178507
JPN,Japan,2021,0.960648238658905,42469.24422851432,42469.24422851432,125.679338,0.964933068370438,0.5977580643366345,0.5977580643366345,-0.514569181581827,-0.03569653925023041,-0.4174707701281429,0.38177423087791246,46.48813228261901,2021,1.022438449613458,0.6447748759178507
KOR,Republic of Korea,2021,0.764079809188843,51902.91128962001,51902.91128962001,51.848397,0.7674878744271296,0.7305376949724132,0.7305376949724132,-0.3139744475177537,-0.26463259843760056,-0.2123750012310479,-0.05225759720655265,-5.091564612702781,2021,1.022438449613458,0.6447748759178507
LTU,Lithuania,2021,0.52306854724884,45894.9233276364,45894.9233276364,2.794488,0.5254016173178062,0.645974776089532,0.645974776089532,-0.4369948222628959,-0.6435923234754312,-0.33815576245633766,-0.3054365610190935,-26.31983547075929,2021,1.022438449613458,0.6447748759178507
LVA,Latvia,2021,0.566854953765869,35875.673265142366,35875.673265142366,1.885587,0.5693833266398113,0.5049530171141274,0.5049530171141274,-0.6832898894524095,-0.5632013868995468,-0.5899773091010265,0.02677592220147973,2.7137618238559424,2021,1.022438449613458,0.6447748759178507
MYS,Malaysia,2021,0.358942955732346,29839.698134894235,29839.698134894235,34.282399,0.360543967819366,0.4199961765631788,0.4199961765631788,-0.8675096711671624,-1.0201413662561603,-0.7783306971055881,-0.24181066915057214,-21.479517302370922,2021,1.022438449613458,0.6447748759178507
NLD,Netherlands,2021,0.958859205245972,66516.02425055401,66516.02425055401,17.730564,0.9631360552379632,0.9362184476238966,0.9362184476238966,-0.06590644552083923,-0.03756059446569081,0.041259262129385535,-0.07881985659507634,-7.579360086242948,2021,1.022438449613458,0.6447748759178507
NOR,Norway,2021,1.17589116096497,86305.62753104561,86305.62753104561,5.408091,1.181136049969363,1.2147587222585503,1.2147587222585503,0.19454547456914495,0.16647672953830525,0.30755531950503723,-0.14107858996673198,-13.157894016645455,2021,1.022438449613458,0.6447748759178507
NZL,New Zealand,2021,1.00666999816895,47331.43430395343,47331.43430395343,5.107697,1.0111601011476268,0.6661937848381045,0.6661937848381045,-0.40617468253941025,0.011098286697306068,-0.30664406658058685,0.3177423532778929,37.402220330180484,2021,1.022438449613458,0.6447748759178507
PAN,Panama,2021,0.504594266414642,31383.40600588437,31383.40600588437,4.345405,0.5068449346800843,0.4417239903170373,0.4417239903170373,-0.8170700482547737,-0.6795501709294541,-0.7267592872559578,0.04720911632650371,4.834121142251768,2021,1.022438449613458,0.6447748759178507
POL,Poland,2021,0.449426740407944,39622.099346109295,39622.099346109295,38.040302,0.4514313420643689,0.5576842687062026,0.5576842687062026,-0.5839623034325523,-0.7953319839909653,-0.4884209660470363,-0.306911017943929,-26.428393647727223,2021,1.022438449613458,0.6447748759178507
PRT,Portugal,2021,0.713602721691132,36282.27879128735,36282.27879128735,10.390956,0.7167856413292313,0.5106760229427505,0.5106760229427505,-0.6720198958280911,-0.3329784491497986,-0.5784544342926248,0.24547598514282615,27.82295867212241,2021,1.022438449613458,0.6447748759178507
ROU,Romania,2021,0.434739410877228,33753.922647467465,33753.922647467465,19.248161,0.4366785018676009,0.4750892047184535,0.4750892047184535,-0.7442526931723265,-0.8285580483087533,-0.6523080236205079,-0.17625002468824547,-16.159166565296303,2021,1.022438449613458,0.6447748759178507
SVK,Slovakia,2021,0.61053591966629,37035.57389276285,37035.57389276285,5.442759,0.6132591250428971,0.5212787127224272,0.5212787127224272,-0.6514704230266409,-0.48896771614519613,-0.5574438631811363,0.06847614703594013,7.08750811015102,2021,1.022438449613458,0.6447748759178507
SVN,Slovenia,2021,0.670425593852997,46019.47429824736,46019.47429824736,2.113494,0.6734159282837598,0.6477278411241498,0.6477278411241498,-0.4342846691190381,-0.39539211900986626,-0.33538479767771673,-0.06000732133214953,-5.824236136146821,2021,1.022438449613458,0.6447748759178507
SWE,Sweden,2021,0.988694310188294,63522.09256008781,63522.09256008781,10.416131,0.993104235263296,0.8940786157394479,0.8940786157394479,-0.1119615706061266,-0.006919650392263273,-0.00582926855956957,-0.0010903818326937036,-0.10897875824293912,2021,1.022438449613458,0.6447748759178507
TUR,Türkiye,2021,0.302385628223419,29102.2701142706,29102.2701142706,86.686253,0.3037343746969055,0.4096168172361385,0.4096168172361385,-0.8925331483942672,-1.1916017269775894,-0.8039156623656067,-0.38768606461198263,-32.137464565956954,2021,1.022438449613458,0.6447748759178507
TWN,Taiwan,2021,0.514151036739349,62205.44543644559,62205.44543644559,23.468275,0.5164443315685903,0.8755467004595818,0.8755467004595818,-0.13290678720587018,-0.6607877763500342,-0.02724446334662947,-0.6335433130034047,-46.92919990295989,2021,1.022438449613458,0.6447748759178507
USA,United States,2021,0.995559453964233,71047.5470969092,71047.5470969092,340.161441,1.0,1.0,1.0,0.0,0.0,0.10864454610724622,-0.10864454610724622,-10.295077952759168,2021,1.022438449613458,0.6447748759178507
AUS,Australia,2022,1.06907713413239,63801.368108922936,64097.821669598365,26.200984,1.0099158605119676,0.8764821887666184,0.8763108132032406,-0.13183889568685334,0.009867020959200756,-0.13027396572561972,0.14014098668482047,15.043598357943843,2022,0.981364056471983,0.6462684849729037
AUT,Austria,2022,0.847198069095612,64537.28991115734,64918.143249891866,9.064677,0.8003152809634583,0.8865920401867681,0.8875258069797938,-0.12037033461948457,-0.2227495277473692,-0.11901913211465004,-0.10373039563271916,-9.853169554629982,2022,0.981364056471983,0.6462684849729037
BEL,Belgium,2022,0.914021849632263,60772.25253439755,61130.57816561328,11.64182,0.8634411244304064,0.8348691963264806,0.8357442619504936,-0.18048021750835888,-0.14682956619774992,-0.1780088106205316,0.031179244422781666,3.1670408481338175,2022,0.981364056471983,0.6462684849729037
BGR,Bulgaria,2022,0.423291474580765,30076.5198918408,30193.281667346437,6.825864,0.3998671004646841,0.4131813277150803,0.4127862464277194,-0.8838687322178433,-0.9166230359193187,-0.8682890166916344,-0.04833401922768432,-4.718452476983659,2022,0.981364056471983,0.6462684849729037
CAN,Canada,2022,0.986048877239227,56255.14360572387,56526.663650965056,38.821259,0.9314822743562624,0.7728146411021791,0.7728020282339437,-0.25771605073769893,-0.0709781182613652,-0.2538052812234703,0.1828271629621051,20.06068808101926,2022,0.981364056471983,0.6462684849729037
CHE,Switzerland,2022,1.33620035648346,83426.88709128178,83951.52932457495,8.792182,1.2622568472849605,1.1460911069323243,1.147739985787491,0.13635711507354115,0.2329012674084138,0.1329239593238046,0.0999773080846092,10.51458399152192,2022,0.981364056471983,0.6462684849729037
CYP,Cyprus,2022,0.724971294403076,50060.74580249916,50305.89650079308,0.904705,0.68485236963537,0.6877180435591208,0.6877550581790973,-0.3743763454563821,-0.37855198272790325,-0.3682915012778143,-0.010260481450088954,-1.020802228237283,2022,0.981364056471983,0.6462684849729037
CZE,Czechia,2022,0.598296403884888,47834.54441038513,48096.87755224223,10.673213,0.5651874951576669,0.6571352218010635,0.6575545437035157,-0.41986546462614666,-0.5705977530490961,-0.4129328877915919,-0.15766486525750423,-14.586401534915582,2022,0.981364056471983,0.6462684849729037
DEU,Germany,2022,0.841523587703705,59514.80615249868,59791.39722846645,84.086227,0.7949548176489775,0.8175948119405249,0.817435703165039,-0.2013884050267474,-0.22946999908880988,-0.19852735433705423,-0.03094264475175565,-3.046882081717761,2022,0.981364056471983,0.6462684849729037
DNK,Denmark,2022,1.07808816432953,69544.96994191332,69926.36060996418,5.902904,1.0184282325617444,0.9553858996931452,0.9559954509269164,-0.045639936672817065,0.018260490345126387,-0.04568140564394287,0.06394189598906926,6.603045631668403,2022,0.981364056471983,0.6462684849729037
ESP,Spain,2022,0.728400528430939,44727.72045686179,44964.04979787943,47.828382,0.6880918345192175,0.6144546972353864,0.6147242139740194,-0.48702007566298466,-0.3738329695506707,-0.47883600928950143,0.10500303973883074,11.071398663100872,2022,0.981364056471983,0.6462684849729037
EST,Estonia,2022,0.677530109882355,44321.9660748794,44587.497944583,1.350091,0.6400365156999721,0.6088805771285193,0.6095762003258132,-0.4961331271708038,-0.4462300484748323,-0.487779230484053,0.0415491820092207,4.24244291186342,2022,0.981364056471983,0.6462684849729037
FIN,Finland,2022,0.953328311443329,55575.27302807768,55880.27662906948,5.569299,0.9005724201397838,0.7634748029508086,0.7639649738372887,-0.26987515689709424,-0.10472469545679981,-0.26573779096712796,0.16101309551032816,17.470035201373825,2022,0.981364056471983,0.6462684849729037
FRA,France,2022,0.826515018939972,51603.08179634346,51869.6336280281,68.48668,0.7807768026544099,0.7089061476353582,0.7091336279636828,-0.34403213408180566,-0.24746595403974797,-0.33851278291281667,0.0910468288730687,9.532029667263897,2022,0.981364056471983,0.6462684849729037
GBR,United Kingdom,2022,0.924448311328888,52455.97216692482,52696.39332692034,68.179315,0.8732905999268473,0.7206228747360828,0.7204366402219536,-0.3276393371585376,-0.13548690347375583,-0.3224254812272769,0.18693857775352105,20.55532349878446,2022,0.981364056471983,0.6462684849729037
GRC,Greece,2022,0.638363242149353,34125.737816543224,34282.00762450444,10.41248,0.6030370891223621,0.4688081503778352,0.4686851003224961,-0.7575616552522132,-0.5057765764808617,-0.7443357912795245,0.23855921479866282,26.94188721938464,2022,0.981364056471983,0.6462684849729037
HKG,"China, Hong Kong SAR",2022,0.826274573802948,59315.661576645325,59549.54951938242,7.465915,0.78054966342403,0.8148590293249083,0.8141292918534159,-0.20474015085582334,-0.24775691078315443,-0.20181663722013923,-0.045940273563015194,-4.490099485224341,2022,0.981364056471983,0.6462684849729037
HRV,Croatia,2022,0.514254689216614,36149.741382642096,36327.82995868726,3.907027,0.4857965346008389,0.496613244974822,0.4966544787918336,-0.6999437349491608,-0.7219653958260065,-0.6877916352854417,-0.03417376054056476,-3.3596432758764783,2022,0.981364056471983,0.6462684849729037
HUN,Hungary,2022,0.465495765209198,37809.25938317109,38021.84237569528,9.684306,0.4397358630885351,0.5194111568772445,0.5198141020061241,-0.6550594996660428,-0.8215810434911409,-0.6437438600763581,-0.17783718341478283,-16.292129730986005,2022,0.981364056471983,0.6462684849729037
ISL,Iceland,2022,1.22220933437347,68281.56960189927,68663.49489852927,0.380356,1.1545739332001166,0.9380297217909171,0.9387302327068888,-0.06397364413365263,0.14373138691324275,-0.06367344716787911,0.20740483408112187,23.04806114499094,2022,0.981364056471983,0.6462684849729037
ISR,Israel,2022,1.18715381622314,49607.20469208958,49860.279836069945,9.103151,1.121458339714699,0.6814874451106867,0.681662827715271,-0.3834774504500406,0.11462992735521381,-0.3772229985927684,0.49185292594798224,63.53435849100229,2022,0.981364056471983,0.6462684849729037
ITA,Italy,2022,0.782797634601593,49345.9983429811,49626.63820152312,59.619115,0.7394786788672454,0.6778990782876513,0.6784686054244848,-0.3887568542044225,-0.301809829069449,-0.38240401567692206,0.08059418660747308,8.393093361193472,2022,0.981364056471983,0.6462684849729037
JPN,Japan,2022,0.820679187774658,41946.75276028148,42160.91690992605,124.997578,0.7752639184433902,0.5762506786408842,0.5764012944648178,-0.5512125069871406,-0.25455176767239546,-0.5418321540885743,0.28728038641617887,33.279785950591,2022,0.981364056471983,0.6462684849729037
KOR,Republic of Korea,2022,0.705641984939575,51544.35149843639,51873.95601820167,51.782512,0.6665927178509587,0.7080993301393975,0.7091927213485956,-0.3451708983220353,-0.405576037484162,-0.33963032520697367,-0.06594571227718832,-6.381831391601778,2022,0.981364056471983,0.6462684849729037
LTU,Lithuania,2022,0.546269953250885,43592.97616030138,43788.904428916845,2.816919,0.5160401174952839,0.5988659536987002,0.5986582609184563,-0.5127174893845697,-0.6615707694388387,-0.5040545274601549,-0.15751624197868386,-14.573706142463793,2022,0.981364056471983,0.6462684849729037
LVA,Latvia,2022,0.563915848731995,35676.93506278099,35845.79320974364,1.881063,0.5327095131360128,0.4901179874219265,0.4900643325987536,-0.7131091262058893,-0.6297790068818429,-0.7007116770541855,0.07093267017234262,7.350894426282473,2022,0.981364056471983,0.6462684849729037
MYS,Malaysia,2022,0.347547888755798,32265.99561505006,32405.487796354417,34.695493,0.3283150615944833,0.4432596243254854,0.4430303343138394,-0.813599621177284,-1.1137815779927154,-0.7993294368361908,-0.31445214115652453,-26.98111948994868,2022,0.981364056471983,0.6462684849729037
NLD,Netherlands,2022,0.908885359764099,68609.6886350025,68948.36895312057,17.904421,0.8585888809209353,0.942537313035972,0.9426248769855388,-0.059179771015524955,-0.1524650735190268,-0.05896891239846135,-0.09349616112056544,-8.925848635364463,2022,0.981364056471983,0.6462684849729037
NOR,Norway,2022,1.10450601577759,107528.74028208102,108058.12553912084,5.456801,1.0433841560645858,1.4771944306406608,1.4773123547397795,0.3901446337756929,0.04246942658055648,0.3819819081593075,-0.339512481578751,-28.788259149487306,2022,0.981364056471983,0.6462684849729037
NZL,New Zealand,2022,0.960662543773651,47588.498473420485,47797.85753217139,5.131734,0.9075007860346198,0.6537551237285624,0.6534665034218502,-0.42502242619040936,-0.09706084668965528,-0.41799374451136684,0.3209328978217115,37.841308326992376,2022,0.981364056471983,0.6462684849729037
PAN,Panama,2022,0.524236440658569,34609.94238966654,34846.360372370946,4.400773,0.4952259095028655,0.4754599933812234,0.47640062641269,-0.7434725364327959,-0.7027412376903456,-0.7305092364827854,0.027767998792439852,2.81571230551223,2022,0.981364056471983,0.6462684849729037
POL,Poland,2022,0.443658709526062,40469.39476663456,40640.014772152754,38.385739,0.4191072403473148,0.5559552209376437,0.5556083415307121,-0.5870675258568399,-0.8696284482582847,-0.5770189808514218,-0.2926094674068629,-25.3686456444181,2022,0.981364056471983,0.6462684849729037
PRT,Portugal,2022,0.676702558994293,38016.344058450966,38203.35376357639,10.417073,0.6392547603517831,0.5222560179645407,0.5222956277081932,-0.6495973554628999,-0.4474522180622161,-0.6383835080841268,0.19093129002191073,21.037628429613008,2022,0.981364056471983,0.6462684849729037
ROU,Romania,2022,0.437758237123489,34817.7956100276,34992.24791216799,19.166772,0.4135332920571311,0.4783154124878048,0.4783951220960965,-0.7374849053406524,-0.8830172549247174,-0.7246331905455418,-0.15838406437917563,-14.64780883522534,2022,0.981364056471983,0.6462684849729037
SVK,Slovakia,2022,0.609580993652344,35357.97382224685,35524.68968319613,5.473197,0.5758476110853857,0.4857362029160237,0.4856743785388211,-0.7220895948006019,-0.55191221737737,-0.7095247861433118,0.15761256876594187,17.07125362299733,2022,0.981364056471983,0.6462684849729037
SVN,Slovenia,2022,0.64449268579483,46044.71125571333,46275.40077830853,2.115228,0.6088273376984904,0.632547083216706,0.6326522966158628,-0.4580006212826613,-0.49622056920746066,-0.45035735982222364,-0.045863209385237025,-4.482738809652931,2022,0.981364056471983,0.6462684849729037
SWE,Sweden,2022,0.890523433685303,63296.09692183088,63613.41409993652,10.487338,0.8412430788412998,0.8695409395566157,0.8696882544292422,-0.1397898622748074,-0.17287462528878209,-0.13807675854924753,-0.034797866739534555,-3.4199383043710063,2022,0.981364056471983,0.6462684849729037
TUR,Türkiye,2022,0.294195532798767,30871.104872239142,31025.050255590857,87.058473,0.2779151524051307,0.4240970745622583,0.4241577375170507,-0.857792900515814,-1.280439419052478,-0.8426991327166501,-0.43774028633582784,-35.45065954531754,2022,0.981364056471983,0.6462684849729037
TWN,Taiwan,2022,0.49578794836998,63860.90132078603,64169.515475937216,23.319977,0.4683517180599677,0.8773000364301512,0.8772909722179771,-0.13090622832249346,-0.758535731008824,-0.12935867949759247,-0.6291770515112315,-46.696972297849314,2022,0.981364056471983,0.6462684849729037
USA,United States,2022,1.05858039855957,72792.54379225198,73145.07672830955,341.534046,1.0,1.0,1.0,0.0,0.0,-0.0008920122535826991,0.0008920122535826991,0.08924102148328839,2022,0.981364056471983,0.6462684849729037
AUS,Australia,2023,1.07595205307007,62890.569413987854,62714.51829419423,26.451124,0.9808722233132016,0.8424309692425833,0.8419019963431197,-0.1714635557296381,-0.019313079364858987,-0.11595881106770356,0.09664573170284457,10.14700885596389,2023,1.0126583149543453,0.6222224281428821
AUT,Austria,2023,0.937089800834656,62978.99583907832,62802.68292979443,9.130429,0.8542809633255607,0.8436154577865693,0.8430855497648406,-0.17005850694822647,-0.15749514243283166,-0.1145359767362906,-0.04295916569654107,-4.204949348993969,2023,1.0126583149543453,0.6222224281428821
BEL,Belgium,2023,0.992524325847626,61771.63596559791,61569.422900046986,11.712893,0.9048168451454192,0.8274426459020822,0.8265298285491575,-0.18941548422109247,-0.10002273681880552,-0.13413798072404065,0.034115243905235126,3.4703843168997883,2023,1.0126583149543453,0.6222224281428821
BGR,Bulgaria,2023,0.47368511557579,30684.214212801635,30610.55661854824,6.795803,0.4318264658164445,0.4110208026513469,0.4109269978832893,-0.8891114510433126,-0.8397314709398545,-0.8426909194665816,0.0029594485267271375,0.2963832017690349,2023,1.0126583149543453,0.6222224281428821
CAN,Canada,2023,0.988880336284638,55111.91030940782,54964.845891528574,39.299105,0.901494867986512,0.7382343720430433,0.73786763804345,-0.3034939275045629,-0.10370092910426223,-0.24966046487209465,0.1459595357678324,15.714936394293666,2023,1.0126583149543453,0.6222224281428821
CHE,Switzerland,2023,1.45367074012756,82203.39023653633,81977.53783554389,8.870561,1.325212630772692,1.1011298253023796,1.1004956210502737,0.09633676659499671,0.28157292261814265,0.15523141208179167,0.12634151053635098,13.466960374756987,2023,1.0126583149543453,0.6222224281428821
CYP,Cyprus,2023,0.780706524848938,50630.62906271781,50500.3268432881,0.913951,0.7117169790221414,0.678206769506215,0.6779343466515986,-0.3883030677623918,-0.34007494796817145,-0.3355431459383144,-0.004531802029857035,-0.452154890925649,2023,1.0126583149543453,0.6222224281428821
CZE,Czechia,2023,0.67473030090332,48067.73485075834,47913.08520501371,10.809716,0.6151056717587066,0.6438763209959648,0.6432022948152554,-0.4402486194643012,-0.48596120193777476,-0.38814624079414384,-0.09781496114363092,-9.31833154472953,2023,1.0126583149543453,0.6222224281428821
DEU,Germany,2023,0.918093264102936,59853.64732231949,59698.42231234856,84.548231,0.8369631142949036,0.8017508284037033,0.8014128512879564,-0.22095740716499962,-0.1779752784064937,-0.16607917126283747,-0.011896107143656215,-1.1825628212875583,2023,1.0126583149543453,0.6222224281428821
DNK,Denmark,2023,1.13806092739105,65313.9225044619,65132.11134547024,5.948136,1.0374926549289702,0.8748922382666637,0.8743566252165581,-0.13365455647554836,0.03680689351112122,-0.07767121359294696,0.11447810710406818,12.128809255172479,2023,1.0126583149543453,0.6222224281428821
ESP,Spain,2023,0.782122552394867,46732.89415070207,46607.277334775375,47.911579,0.7130078749159547,0.6259958795369192,0.6256726655890992,-0.4684114901130957,-0.33826281386592416,-0.41666560592962926,0.0784027920637051,8.155821401011565,2023,1.0126583149543453,0.6222224281428821
EST,Estonia,2023,0.762785255908966,42526.932746840976,42390.78502186226,1.367196,0.6953793784203426,0.5696562379170816,0.5690689732964391,-0.5627221914598364,-0.36329771411850315,-0.5121701218375821,0.148872407719079,16.052490574234348,2023,1.0126583149543453,0.6222224281428821
FIN,Finland,2023,1.03113067150116,53615.417987443725,53457.03074438713,5.601185,0.9400116217036584,0.718188576798965,0.7176261912935944,-0.33102310263693935,-0.061863040279984904,-0.2775381129737301,0.2156750726937452,24.06991764571822,2023,1.0126583149543453,0.6222224281428821
FRA,France,2023,0.900349915027618,51998.447585683454,51843.22363256356,68.655641,0.8207877111188328,0.6965289550864527,0.6959618707166034,-0.3616459143558085,-0.19749077651149174,-0.3085485578881243,0.11105778137663255,11.745947333577057,2023,1.0126583149543453,0.6222224281428821
GBR,United Kingdom,2023,0.994784712791443,52507.47994822937,52376.33388612448,68.682962,0.906877486008368,0.7033475390260031,0.7031185323469851,-0.3519041437168017,-0.09774791405634019,-0.29868347284815594,0.20093555879181574,22.254598694439842,2023,1.0126583149543453,0.6222224281428821
GRC,Greece,2023,0.685301244258881,36969.094250382805,36868.51856425929,10.242908,0.6247424810218157,0.4952079491658014,0.4949361045213793,-0.702777505305611,-0.47041574451866514,-0.6539982999570463,0.18358255543838115,20.151415284501418,2023,1.0126583149543453,0.6222224281428821
HKG,"China, Hong Kong SAR",2023,0.864149928092957,61070.115497880215,60954.20547073159,7.442734,0.7877866479513858,0.8180456477023571,0.8182709309921995,-0.20083713989926597,-0.23852797711474547,-0.14570421531708855,-0.09282376179765692,-8.864589844775795,2023,1.0126583149543453,0.6222224281428821
HRV,Croatia,2023,0.573763608932495,38423.833900621226,38303.10181048726,3.896023,0.5230612136888332,0.5146944595435147,0.5141944601903812,-0.6641818368198446,-0.6480567783841662,-0.6149140753437135,-0.03314270304045275,-3.259950125409128,2023,1.0126583149543453,0.6222224281428821
HUN,Hungary,2023,0.555215358734131,39646.20199860362,39536.257971563,9.686463,0.5061520369660168,0.5310683094092384,0.5307487870360774,-0.6328646230587424,-0.6809181865139484,-0.5832004384273307,-0.0977177480866177,-9.309515674022006,2023,1.0126583149543453,0.6222224281428821
ISL,Iceland,2023,1.3027845621109,68678.59637299449,68446.85182604926,0.387558,1.1876599763805784,0.9199626756098924,0.9188548802277452,-0.0834221797512827,0.17198496480521155,-0.02680297962320021,0.19878794442841177,21.9923246948019,2023,1.0126583149543453,0.6222224281428821
ISR,Israel,2023,1.14407098293304,49405.14793469625,49256.38123879549,9.256314,1.0429716133313327,0.6617912200194254,0.6612351784804937,-0.4128051504012683,0.042073959283289976,-0.36035538365627123,0.40242934293956123,49.54532571607151,2023,1.0126583149543453,0.6222224281428821
ITA,Italy,2023,0.837074637413025,50967.52318042319,50818.92937738436,59.499453,0.7631039490427323,0.6827195293803138,0.6822113803718823,-0.38167114887313686,-0.27036101969963544,-0.3288272781310076,0.05846625843137215,6.020921196918438,2023,1.0126583149543453,0.6222224281428821
JPN,Japan,2023,0.790653467178345,43363.66836541013,43230.26904346077,124.370947,0.7207849290390351,0.5808644684152178,0.5803385053426953,-0.5432378222940252,-0.32741448156498426,-0.4924391133901834,0.16502463182519916,17.942216967431946,2023,1.0126583149543453,0.6222224281428821
KOR,Republic of Korea,2023,0.720638930797577,52388.78864275321,52210.22390516607,51.748739,0.6569574436338147,0.7017576467346047,0.7008886128899724,-0.3541671671345975,-0.4201360363643651,-0.30097514232912326,-0.11916089403524183,-11.233503072695827,2023,1.0126583149543453,0.6222224281428821
LTU,Lithuania,2023,0.618329703807831,45135.17499305385,45015.96048788076,2.854099,0.5636890878027656,0.604594131848884,0.6043102623265831,-0.5031979025242982,-0.5732524422463122,-0.45189235570526454,-0.12136008654104768,-11.428503187517103,2023,1.0126583149543453,0.6222224281428821
LVA,Latvia,2023,0.610461294651032,37523.01006934779,37408.25854389831,1.882396,0.556515994948353,0.5026277554197051,0.5021817659523202,-0.687905431721123,-0.5860593666340242,-0.6389379709811016,0.05287860434707736,5.430164971332574,2023,1.0126583149543453,0.6222224281428821
MYS,Malaysia,2023,0.342239916324616,32524.068576768324,32457.320153692257,35.126298,0.3119968279943311,0.4356659968282169,0.4357186083317325,-0.8308793915293868,-1.164762257909172,-0.7837217402028884,-0.38104051770628367,-31.684979062039776,2023,1.0126583149543453,0.6222224281428821
NLD,Netherlands,2023,0.998109757900238,68498.18880991949,68320.20783833145,18.092524,0.9099087032258774,0.917546082476198,0.9171547662990324,-0.0860524741826058,-0.09441101062965318,-0.029466569149857645,-0.06494444147979553,-6.288047309472667,2023,1.0126583149543453,0.6222224281428821
NOR,Norway,2023,1.06900906562805,89075.0531284884,88831.05118036833,5.519167,0.974542774422558,1.1931770381725484,1.192499621462186,0.1766195295682854,-0.025786867285602758,0.2365304195542013,-0.26231728683980404,-23.073309328372847,2023,1.0126583149543453,0.6222224281428821
NZL,New Zealand,2023,0.982093334197998,47667.03409889662,47543.8545702976,5.172836,0.8953076203230509,0.6385088592936381,0.6382456114677041,-0.44861972843957193,-0.11058790990382616,-0.39662331390334066,0.2860354039995145,33.113958208316554,2023,1.0126583149543453,0.6222224281428821
PAN,Panama,2023,0.541409373283386,36592.23760467879,36403.50796039885,4.458759,0.4935660601044437,0.490159883736212,0.4886936368064185,-0.7130236477603512,-0.7060985686730943,-0.6643741413100457,-0.0417244273630486,-4.086594474182648,2023,1.0126583149543453,0.6222224281428821
POL,Poland,2023,0.516174077987671,40578.98202722174,40488.97960118716,38.762844,0.4705607596990537,0.543563072788247,0.543538461002434,-0.6096095298656677,-0.7538301897203988,-0.5596509749403256,-0.19417921478007327,-17.648969417528594,2023,1.0126583149543453,0.6222224281428821
PRT,Portugal,2023,0.728435039520264,39920.31172674455,39819.9053604836,10.430738,0.6640646251055112,0.5347400606130879,0.534556570456649,-0.6259745181711599,-0.4093758072755337,-0.5762231164220127,0.16684730914647905,18.157383601624133,2023,1.0126583149543453,0.6222224281428821
ROU,Romania,2023,0.494503229856491,36418.05462139535,36318.94893416992,19.118479,0.4508049230640833,0.4878266700159305,0.4875584863671372,-0.7177951206154919,-0.7967205761483663,-0.6692060129713828,-0.1275145631769835,-11.971940394124259,2023,1.0126583149543453,0.6222224281428821
SVK,Slovakia,2023,0.691889047622681,35553.73564598396,35462.382125585915,5.518055,0.6307481327734555,0.4762489552810305,0.4760596289133459,-0.7418145461792638,-0.4608486517928102,-0.6935294839889634,0.2326808321961532,26.197863209424078,2023,1.0126583149543453,0.6222224281428821
SVN,Slovenia,2023,0.715030074119568,48143.38670036197,48005.90797825335,2.118396,0.6518442309174061,0.6448896917060797,0.6444483807331917,-0.43867599742278596,-0.4279496552348177,-0.3865537120075229,-0.041395943227294785,-4.055083266878789,2023,1.0126583149543453,0.6222224281428821
SWE,Sweden,2023,0.909481883049011,62536.04347403316,62340.15296791146,10.551494,0.8291127045521466,0.8376820278034993,0.8368763830699603,-0.1771166922682287,-0.18739918067239955,-0.12168350678907958,-0.06571567388331997,-6.360293141240936,2023,1.0126583149543453,0.6222224281428821
TUR,Türkiye,2023,0.344816654920578,34474.363794473924,34386.61650401205,87.270501,0.3143458651175993,0.4617905669485103,0.4616181686417108,-0.772643808973466,-1.15726141799304,-0.7247489933014248,-0.4325124246916152,-35.112320900965564,2023,1.0126583149543453,0.6222224281428821
TWN,Taiwan,2023,0.485919386148453,65004.35192552516,64851.75499959495,23.342541,0.4429796172445052,0.8707454823175172,0.8705930219281991,-0.13840555801532853,-0.814231520730279,-0.08248235480656624,-0.7317491659237128,-51.89332119033481,2023,1.0126583149543453,0.6222224281428821
USA,United States,2023,1.09693396091461,74653.67693038611,74491.4711766935,343.477335,1.0,1.0,1.0,0.0,0.0,0.05767518435355224,-0.05767518435355224,-5.604349051012402,2023,1.0126583149543453,0.6222224281428821
