countrycode,country,year,pl_con,rgdpe_pc,cgdpe_pc,pop,relp,reli,reli_c,log_x,log_y,fitted,resid,resid_pct
AUS,Australia,2005,0.810801327228546,47589.55201633547,48272.588397146224,20.29449,1.0708418801457509,0.8004987146721559,0.7927304966454436,-0.22252035220292665,0.06844514298044378,0.16258283241749547,-0.09413768943705168,-8.98425654519761
AUS,Australia,2006,0.841427445411682,48582.69632213482,48921.701810038285,20.590559,1.076799319113777,0.8031302302144747,0.7960223153918311,-0.21923839859045052,0.07399304758436805,0.12974931595740247,-0.05575626837303442,-5.423037823044541
AUS,Australia,2007,0.979489266872406,49296.12479371424,49446.05643862819,20.954549,1.220544820222369,0.8077744947420537,0.8005886877254946,-0.2134723500798645,0.19929733301345556,0.15799255008290897,0.041304782930546596,4.2169692678514
AUS,Australia,2008,1.0233895778656,49067.9386515739,49506.67246466628,21.370589,1.2417243462653362,0.8215832969981921,0.8144269334339831,-0.19652195042084958,0.21650101545254488,0.15805250293535697,0.05844851251718791,6.019039775442958
AUS,Australia,2009,0.960882008075714,49148.34776514597,49302.44721448288,21.783011,1.167339018739857,0.8491593710610323,0.8416120316284542,-0.16350839407875398,0.154726815606183,0.12400323313683823,0.030723582469344785,3.120042261317768
AUS,Australia,2010,1.12857532501221,51694.59782478948,51867.942492453454,22.141581,1.3553117763981892,0.8787033387719662,0.8699108943815171,-0.12930793681535374,0.3040315211470612,0.15418044813391724,0.149851073013144,16.166122713895238
AUS,Australia,2011,1.27062022686005,53265.06270636606,53572.05532528684,22.479775,1.5004715925327945,0.9010512899615352,0.8914231849039971,-0.10419309739851083,0.4057794537182688,0.1879125265933918,0.21786692712487699,24.34215909229822
AUS,Australia,2012,1.30656909942627,53025.74069766281,53331.61340105766,22.852644,1.4947191878984485,0.881781944521767,0.875239934950063,-0.12581048197470365,0.4019383550179607,0.09063664951979335,0.3113017054981674,36.52010477200738
AUS,Australia,2013,1.25869047641754,54861.13950302695,54690.22674465393,23.23627,1.4255383422923422,0.8969821824662518,0.8887544266875572,-0.10871928059191345,0.35454952644298304,0.16498046490594065,0.1895690615370424,20.872859776181475
AUS,Australia,2014,1.19527304172516,54347.77334131053,54077.67002840911,23.595601,1.3421112584100507,0.8717566412966421,0.8632788478607809,-0.13724497510536204,0.2942439400385888,0.15094158242368536,0.14330235761490343,15.407869339946334
AUS,Australia,2015,1.01767539978027,52560.68439446431,51974.622976898034,23.948002,1.1424302859488156,0.8201654606116723,0.8122379668417044,-0.19824917784518659,0.13315782306131502,-0.05671465660424113,0.18987247966555615,20.909540357578148
AUS,Australia,2016,1.00495779514313,54903.094180620006,54155.79033145262,24.329963,1.1194816934161904,0.8467856146233573,0.8392314869320202,-0.16630772779279318,0.11286580445864648,-0.05052305316539757,0.16338885762404404,17.7494478380575
AUS,Australia,2017,1.06146895885468,54582.42897042978,54073.6351219872,24.731038,1.1670564720261265,0.8282565641953714,0.8228890643063629,-0.18843231245427827,0.15448474290151254,-0.058826020912146476,0.21331076381365902,23.77692453726583
AUS,Australia,2018,1.053382396698,55838.47697102824,55432.64519099069,25.119706,1.1275633771832465,0.8288729256396954,0.8267510390832064,-0.18768842191762689,0.12005900117703432,-0.033288731598718146,0.15334773277575248,16.5730271094918
AUS,Australia,2019,0.993851006031036,55989.518031713575,55499.21507575684,25.482714,1.0488546831363708,0.8151899275041649,0.8117043012077316,-0.204334153008439,0.04769879087283045,-0.14675246819107224,0.1944512590639027,21.464427854305622
AUS,Australia,2020,0.973726391792297,58611.7978894406,58231.98786068454,25.743791,1.0168887858636158,0.8773245194583844,0.8742027457127794,-0.1308783214655506,0.016747755987028514,-0.07383708423622988,0.0905848402232584,9.481438799870002
AUS,Australia,2021,1.09347748756409,62288.11357129915,62288.11357129915,25.956417,1.098354782539562,0.8767102611767562,0.8767102611767562,-0.1315787161367626,0.09381340796325809,-0.03144121198093719,0.1252546199441953,13.343701199758161
AUS,Australia,2022,1.06907713413239,63801.368108922936,64097.821669598365,26.200984,1.0099158605119676,0.8764821887666184,0.8763108132032406,-0.13183889568685334,0.009867020959200756,-0.14749608602649567,0.15736310698569642,17.042052462091185
AUS,Australia,2023,1.07595205307007,62890.569413987854,62714.51829419423,26.451124,0.9808722233132016,0.8424309692425833,0.8419019963431197,-0.1714635557296381,-0.019313079364858987,-0.1387702880584064,0.11945720869354742,12.688502215315411
AUT,Austria,2005,0.868426322937012,45038.71592562294,45662.09031274471,8.229204,1.1469483894416472,0.7575913762871715,0.7498610025567045,-0.2776111201117343,0.13710484100728138,0.112189092003535,0.02491574900374638,2.5228740342910116
AUT,Austria,2006,0.878479421138763,47201.06962020572,47537.28522407411,8.269898,1.1242158164627796,0.780290283995079,0.7734959834071999,-0.24808926956442148,0.11708574056957625,0.10335826428454101,0.013727476285035248,1.382213071382976
AUT,Austria,2007,0.981091380119324,49212.2965758992,49394.34008416585,8.296952,1.2225412188467042,0.8064008716312304,0.7997513402940702,-0.21517430077371424,0.2009316586465097,0.15643570735373888,0.04449595129277081,4.550074377546709
AUT,Austria,2008,1.05557680130005,50478.73484682011,50947.26034400253,8.323253,1.280778544042683,0.8452053732731591,0.8381258311885708,-0.16817563586200637,0.2474681305633957,0.1839820165688461,0.06348611399454959,6.554468953937009
AUT,Austria,2009,1.00041306018829,49990.96546989563,50181.18640403803,8.345066,1.215363790975172,0.8637176777538471,0.8566124528322074,-0.1465093254353436,0.19504344841682572,0.13955296469827033,0.05549048371855539,5.705895775401371
AUT,Austria,2010,0.957409858703613,50825.69250284396,51026.138594769785,8.365092,1.1497583081808869,0.8639337102305457,0.855792455393227,-0.1462592373917406,0.13955175348779328,0.13867441194397903,0.0008773415438142473,0.08777265204835683
AUT,Austria,2011,1.00098741054535,53449.36329940536,53768.66674132967,8.39327,1.1820630132088157,0.9041689862273634,0.8946947408227159,-0.10073900439207026,0.1672612282303001,0.19107212434342452,-0.023810896113124425,-2.3529653362448832
AUT,Austria,2012,0.938789963722229,54445.94686110028,54831.527547378006,8.431601,1.0739786918260026,0.9053990055178218,0.8998554430162425,-0.0993795423707409,0.07137015587682431,0.11481409267150192,-0.043443936794677604,-4.251376766649761
AUT,Austria,2013,0.99044406414032,54244.55125718543,54143.00190911743,8.481406,1.1217340686857735,0.8869009359692217,0.8798616404636642,-0.1200219872736194,0.11487576357633376,0.15464142466174097,-0.0397656610854072,-3.898538411054797
AUT,Austria,2014,1.00641596317291,54458.69249423566,54276.78566937032,8.547817,1.1300532578467886,0.8735358219744268,0.8664574670769889,-0.13520614054720995,0.12226476245149215,0.1528065863684589,-0.030541823916966748,-3.0080134629026256
AUT,Austria,2015,0.838562846183777,56498.83405199815,55963.10359080981,8.644039,0.94136066604207,0.8816169878328269,0.8745682965118438,-0.12599757144878074,-0.06042893329498317,0.00937679275183173,-0.0698057260468149,-6.742502266421802
AUT,Austria,2016,0.838263988494873,58260.91307251216,57538.704885547646,8.737915,0.9337916417041144,0.8985741845864775,0.8916552147369541,-0.10694601124030004,-0.06850194732695887,0.003777495692901825,-0.0722794430198607,-6.972909822394236
AUT,Austria,2017,0.864391207695007,59305.57203511669,58792.595971849725,8.798778,0.9503748036036972,0.8999275088702612,0.8947019037702068,-0.10544106460151516,-0.0508988420849351,0.017089410287609297,-0.0679882523725444,-6.572855101432895
AUT,Austria,2018,0.920799314975739,61137.87443520158,60768.30257926971,8.84165,0.9856435692837274,0.9075378054596804,0.9063297832465576,-0.09702005480210067,-0.014460481331993692,0.04964926926089615,-0.06410975059288984,-6.209794142508384
AUT,Austria,2019,0.84833174943924,64319.30251024786,63848.698596850125,8.880876,0.8952818107071787,0.9364689926558863,0.9338197523484986,-0.06563886746366254,-0.11061673797063666,-0.019882314049217094,-0.09073442392141956,-8.67397812366807
AUT,Austria,2020,0.861244857311249,61309.7936928096,60930.90858446623,8.921405,0.899421279596303,0.9177091852923236,0.914720062635495,-0.08587473017127448,-0.10600374515634632,-0.032670489841797004,-0.07333325531454932,-7.070891277663871
AUT,Austria,2021,0.892258822917938,63820.24921889088,63820.24921889088,8.967057,0.8962386117323675,0.8982751949457136,0.8982751949457136,-0.10727880445817255,-0.10954859372380042,-0.009213105753772766,-0.10033548797002766,-9.546609311760523
AUT,Austria,2022,0.847198069095612,64537.28991115734,64918.143249891866,9.064677,0.8003152809634583,0.8865920401867681,0.8875258069797938,-0.12037033461948457,-0.2227495277473692,-0.13700533210730337,-0.08574419564006583,-8.217101415050376
AUT,Austria,2023,0.937089800834656,62978.99583907832,62802.68292979443,9.130429,0.8542809633255607,0.8436154577865693,0.8430855497648406,-0.17005850694822647,-0.15749514243283166,-0.13748503344593466,-0.020010108986897007,-1.9811235458705778
BEL,Belgium,2005,0.908676326274872,42959.69831621415,43602.08232058255,10.478886,1.2001073912867903,0.7226204456185816,0.7160316345252021,-0.3248711661510527,0.18241104552871032,0.06895842772963084,0.11345261779907947,12.013881299266792
BEL,Belgium,2006,0.937272131443024,44039.936774549264,44395.54023712697,10.548442,1.199454567907959,0.7280329672492833,0.7223755393843965,-0.31740894712768986,0.18186692672199523,0.03994876811477899,0.14191815860721624,15.248232391868033
BEL,Belgium,2007,1.03759658336639,46053.57781987151,46252.22448501919,10.625493,1.2929525397987314,0.754641581061034,0.7488768644433036,-0.28151236952316183,0.25692839362397024,0.09575360864607757,0.16117478497789267,17.489030404441074
BEL,Belgium,2008,1.11633968353271,46765.84669722088,47236.25226290017,10.709708,1.3545048666957915,0.7830375510421471,0.7770765870973217,-0.2445746262330438,0.3034359755197928,0.11409678833932269,0.1893391871804701,20.84507739866379
BEL,Belgium,2009,1.05114591121674,46522.61099784656,46718.34878781756,10.812935,1.2769972028193866,0.8037932685717644,0.7975004621290231,-0.21841317150849188,0.24451138661682592,0.07377962569211174,0.17073176092471418,18.617252852185338
BEL,Belgium,2010,0.998717308044434,48379.42593081266,48577.18459056751,10.936626,1.1993646315727091,0.8223521389480748,0.8147194599027126,-0.1955865827791199,0.18179194288385403,0.09355270583750183,0.0882392370463522,9.22493972932783
BEL,Belgium,2011,1.03544354438782,50128.39114741674,50425.30862749194,11.038631,1.2227521577118083,0.847990206189655,0.839062248845036,-0.1648861925615798,0.20110418507434,0.1323941121899049,0.06871007288443509,7.112561576561349
BEL,Belgium,2012,0.9827019572258,50174.789273355214,50576.57795377869,11.107518,1.1242141514717887,0.8343725645190119,0.8300262822610233,-0.1810752563263079,0.11708425954413663,0.04008373841641419,0.07700052112772245,8.004263923261433
BEL,Belgium,2013,1.03318572044373,50140.58344076795,50069.90866534125,11.160276,1.1701414182408525,0.8198008712952407,0.8136710271458814,-0.19869380809807002,0.15712461179676657,0.08267714703388926,0.07444746476287731,7.728874641585426
BEL,Belgium,2014,1.03567957878113,50800.9772242382,50656.34227433268,11.210119,1.162911882276977,0.8148648335869652,0.8086618519705809,-0.20473302785518627,0.15092710306238644,0.08920754711403081,0.061719555948355626,6.366400465308608
BEL,Belgium,2015,0.86878901720047,52205.25044266977,51724.51638909177,11.275335,0.975292205711,0.8146192114684382,0.8083294042636984,-0.20503450011707502,-0.025018154719685968,-0.0629214637004977,0.037903308980811734,3.863080175240019
BEL,Belgium,2016,0.86876904964447,53989.01594597792,53321.88681233185,11.332701,0.9677730264732642,0.8326875330618914,0.8263088043153266,-0.18309681755666607,-0.03275769598335693,-0.06588070860319781,0.03312301261984088,3.367768682109351
BEL,Belgium,2017,0.899176299571991,54950.373490946,54473.15959865271,11.376581,0.988620073299441,0.8338399079586616,0.8289690018217362,-0.18171385193356984,-0.011445173541554207,-0.05268037494797226,0.04123520140641805,4.209717944571678
BEL,Belgium,2018,0.960537314414978,56160.05846732826,55821.56024291679,11.428605,1.0281799862493703,0.8336465192283615,0.8325515186054656,-0.18194580432372315,0.02779023560774182,-0.028035728394935233,0.05582596400267705,5.741363968456525
BEL,Belgium,2019,0.881881475448608,59420.04707666725,58985.605691530254,11.490618,0.9306883123148944,0.8651373609125522,0.8626945405228408,-0.1448669859146085,-0.07183084582044212,-0.09235545948281282,0.020524613662370697,2.0736692002304657
BEL,Belgium,2020,0.892533719539642,57397.26893346829,57043.50813211697,11.540107,0.932097084001604,0.859144970783276,0.8563607952641119,-0.15181760431858482,-0.07031830233789581,-0.0929910881574858,0.022672785819589994,2.2931766999287895
BEL,Belgium,2021,0.94481098651886,60506.2333828025,60506.2333828025,11.570844,0.9490251765042288,0.8516301526957955,0.8516301526957955,-0.16060293947854992,-0.0523199512149125,-0.05799083603453481,0.0056708848196223086,0.5686994725017103
BEL,Belgium,2022,0.914021849632263,60772.25253439755,61130.57816561328,11.64182,0.8634411244304064,0.8348691963264806,0.8357442619504936,-0.18048021750835888,-0.14682956619774992,-0.19199025879465148,0.04516069259690156,4.619596234800416
BEL,Belgium,2023,0.992524325847626,61771.63596559791,61569.422900046986,11.712893,0.9048168451454192,0.8274426459020822,0.8265298285491575,-0.18941548422109247,-0.10002273681880552,-0.155191638834018,0.05516890201521246,5.671908158575301
BGR,Bulgaria,2022,0.423291474580765,30076.5198918408,30193.28166734644,6.825864,0.3998671004646841,0.4131813277150803,0.4127862464277194,-0.8838687322178433,-0.9166230359193187,-0.8354080140001293,-0.08121502191918939,-7.800457909577075
BGR,Bulgaria,2023,0.47368511557579,30684.214212801635,30610.55661854824,6.795803,0.4318264658164445,0.4110208026513469,0.4109269978832893,-0.8891114510433126,-0.8397314709398545,-0.795231672022534,-0.04449979891732048,-4.352420757568332
CAN,Canada,2005,0.772285163402557,48725.46071193887,49114.51150399228,32.440173,1.0199727955718452,0.8196057121598256,0.8065565238958656,-0.1989318931933802,0.019775955932507125,0.1841601442832534,-0.16438418835074625,-15.158399228795572
CAN,Canada,2006,0.857506036758423,49045.38793121474,49120.18759571175,32.759171,1.0973755628634785,0.8107790773689163,0.799251947821579,-0.209759669659647,0.09292147718218462,0.1384198904170633,-0.045498413234878674,-4.447888124166455
CAN,Canada,2007,0.93935614824295,49387.75775696312,49302.91895929101,33.092171,1.1705348081484608,0.80927600770884,0.7982711268318544,-0.21161524865223613,0.15746074535242632,0.15969131542633663,-0.0022305700739103096,-0.22280842011309643
CAN,Canada,2008,0.977400481700897,49445.1641950744,49650.79014866924,33.449085,1.1859237190110017,0.8278994825616779,0.8167977920999521,-0.1888635298385652,0.17052198064111657,0.16505796816037283,0.005464012480743741,0.5478967422527958
CAN,Canada,2009,0.917777419090271,46010.29832642403,45977.7756229829,33.82637,1.1149728924240785,0.7949417989774953,0.7848585889352941,-0.22948637584104184,0.10883009288926339,0.06365052047417466,0.04517957241508873,4.621571452401962
CAN,Canada,2010,1.01714026927948,48045.93539314778,48067.37374052541,34.196899,1.221488858254446,0.8166834760466204,0.8061690915785779,-0.2025036814090703,0.20007049031052657,0.08722535760825792,0.11284513270226865,11.94585520025424
CAN,Canada,2011,1.0727264881134,49906.67608688782,50060.60259318847,34.555452,1.2667794734774915,0.844239593102146,0.832993648103876,-0.1693189465888276,0.23647783210734732,0.12833929385559104,0.10813853825175629,11.420209430485428
CAN,Canada,2012,1.08033013343811,50047.03126200873,50187.85373310445,34.922516,1.2359010942658195,0.8322480358242471,0.8236468210011902,-0.1836247626087939,0.21180033501312798,0.03775160251306223,0.17404873250006575,19.01135616164309
CAN,Canada,2013,1.07405889034271,51135.88695098037,50855.09108734194,35.293433,1.2164326009848907,0.8360741299787829,0.8264307905414241,-0.17903799760516007,0.19592247766621038,0.10065710718338908,0.0952653704828213,9.995071085066098
CAN,Canada,2014,1.01647174358368,52167.89029233212,51815.90813830194,35.634264,1.1413443818245492,0.8367905808977621,0.8271727952590066,-0.1781814418321495,0.13220684990146164,0.11349535039603839,0.01871149950542325,1.8887656618176152
CAN,Canada,2015,0.884187161922455,50825.06832028288,50194.8273013295,35.962234,0.992577979624388,0.7930826253456239,0.7844240542413186,-0.2318278694009888,-0.007449700616094217,-0.08743043585249172,0.0799807352363975,8.326619860670558
CAN,Canada,2016,0.84796941280365,51181.86104645176,50438.70036931679,36.353343,0.9446030856204878,0.7893920062356948,0.7816291711521026,-0.2364922421845778,-0.05699045493590682,-0.11472365035427814,0.057733195418371325,5.943229660859628
CAN,Canada,2017,0.865199387073517,52873.32500971175,52368.28876767231,36.808497,0.9512633750182262,0.8023219071810433,0.7969372143400226,-0.2202453711222453,-0.04996430943914805,-0.08792670476794945,0.0379623953288014,3.869217246645329
CAN,Canada,2018,0.882549583911896,53444.09392088833,53050.34481159072,37.295005,0.9447002270844532,0.7933304217690884,0.7912201834422536,-0.23151547103042516,-0.056887621829758324,-0.07337909555509264,0.01649147372533432,1.6628208697762048
CAN,Canada,2019,0.906117022037506,52559.485519057744,52101.37857209875,37.782935,0.9562651506778688,0.7652497234512374,0.7620092109068118,-0.2675530625402317,-0.04472005012076659,-0.20458134655182347,0.1598612964310569,17.334811213368837
CAN,Canada,2020,0.887929558753967,49628.30382410601,49314.77150391929,38.171902,0.9272888344658712,0.7428560353352107,0.7403337965391895,-0.2972530143639517,-0.07549018215660049,-0.22602670517694634,0.15053652302034587,16.24577607962745
CAN,Canada,2021,0.973719477653503,53905.64511827712,53905.64511827712,38.454057,0.9780626096977282,0.7587263363892008,0.7587263363892008,-0.2761141247202086,-0.02218159290055398,-0.16365356147725663,0.14147196857670263,15.196821249962888
CAN,Canada,2022,0.986048877239227,56255.14360572387,56526.663650965056,38.821259,0.9314822743562624,0.7728146411021791,0.7728020282339437,-0.25771605073769893,-0.0709781182613652,-0.2626409808331991,0.1916628625718339,21.12620863355208
CAN,Canada,2023,0.988880336284638,55111.91030940782,54964.845891528574,39.299105,0.901494867986512,0.7382343720430433,0.73786763804345,-0.3034939275045629,-0.10370092910426223,-0.2595437776020243,0.15584284849776206,16.86425347284559
CHE,Switzerland,2005,1.12245404720306,51883.01376391768,54399.779334088016,7.431823,1.4824479954820355,0.8727185710232703,0.8933509786987838,-0.1361421450767905,0.39369477234160366,0.24159645144243364,0.15209832089917003,16.427470334048877
CHE,Switzerland,2006,1.1256936788559,55844.26153662448,57988.84008831172,7.478509,1.4405831346868578,0.9231726112252088,0.9435569296674148,-0.07993905088544408,0.36504798625955803,0.25717203004445416,0.10787595621510387,11.390956325806911
CHE,Switzerland,2007,1.15334510803223,60699.8755264976,62667.34575762311,7.545381,1.4371871598271664,0.9946382497509054,1.014656612011246,-0.005376176019987829,0.36268784205865157,0.34834648731737605,0.014341354741275514,1.444468534522203
CHE,Switzerland,2008,1.25283122062683,62804.76581998208,65117.552600668336,7.641728,1.520116153281715,1.0515898565860202,1.0712392095255294,0.05030316813100614,0.41878674857129006,0.38383336285251646,0.0349533857187736,3.557143525640072
CHE,Switzerland,2009,1.23393988609314,62207.40451390572,63930.28418207349,7.737645,1.4990666530436654,1.0747869032095532,1.0913149223402832,0.07212241235703887,0.40484268313770233,0.3395442056771594,0.0652984774605429,6.7477594840471555
CHE,Switzerland,2010,1.29938912391663,63386.73974887784,64886.25599351271,7.825753,1.560442925463466,1.0774460426210983,1.0882494710985933,0.07459346528816128,0.44496970754106724,0.3406972588027397,0.10427244873832753,10.990280534519826
CHE,Switzerland,2011,1.40549099445343,69843.7128050084,71469.03127626551,7.914372,1.6597400750887934,1.1815018010132616,1.1892235811273844,0.16678634198836245,0.5066610088365135,0.43578831493939946,0.07087269389711409,7.34445611256731
CHE,Switzerland,2012,1.31573176383972,71392.49850542436,73445.19595505697,7.998926,1.5052013050073494,1.187208614686172,1.2053295302861375,0.17160484971038997,0.4089266467360713,0.36269441144607756,0.04623223528999376,4.731760682464925
CHE,Switzerland,2013,1.35807120800018,70256.00924312606,71394.2594684943,8.091202,1.5380926564866773,1.1486890187323096,1.1602066387283154,0.1386213083884434,0.4305431140585849,0.3912328463493195,0.039310267709265434,4.009314090875771
CHE,Switzerland,2014,1.38523411750793,70832.6439961735,71652.46174255073,8.190235,1.5554088812693163,1.1361795346513082,1.1438372730741262,0.12767134887807832,0.4417384572208176,0.39327119533343385,0.04846726188738376,4.966100733754697
CHE,Switzerland,2015,1.28761672973633,73145.29696880734,73317.1657934503,8.283934,1.44546320866434,1.1413711003032088,1.14577042156011,0.13223025928284968,0.368429829825436,0.2455881719631469,0.1228416578622891,13.070536846692281
CHE,Switzerland,2016,1.26218664646149,74080.33838250746,73879.18675098369,8.374901,1.4060240651069005,1.1425615587778786,1.1448773874572569,0.13327272310309013,0.3407659092497488,0.2235152303548935,0.1172506788948553,12.440125802958946
CHE,Switzerland,2017,1.25076603889465,75750.8935808389,75542.7728781063,8.453628,1.375183502546799,1.1494756835754798,1.1496050071081017,0.13930591108302384,0.3185871786116939,0.24096930936915226,0.07761786924254163,8.070960737444866
CHE,Switzerland,2018,1.2870237827301,76478.73899880043,76254.75057137194,8.516344,1.3776581871116658,1.1352594050167386,1.13730264995831,0.12686117549517978,0.32038509183044506,0.25444243209781336,0.06594265973263169,6.816546651650213
CHE,Switzerland,2019,1.2112945318222,79409.68017110766,79183.64611978934,8.577524,1.278332400580694,1.1561801868904742,1.1581011740978648,0.14512162911608256,0.24555641648776197,0.17290878611729646,0.07264763037046551,7.535154891978291
CHE,Switzerland,2020,1.32020032405853,77112.45608224075,76835.32631250996,8.640582,1.378720876772738,1.1542496717848647,1.1534837758043175,0.1434504980513273,0.3211561684415315,0.17710251678159472,0.14405365165993678,15.49460716365676
CHE,Switzerland,2021,1.36588859558105,80899.091457551,80899.091457551,8.707023,1.3719809401057848,1.1386612875910302,1.1386612875910302,0.1298532632344943,0.31625563715602073,0.207701130818694,0.10855450633732672,11.466566322521476
CHE,Switzerland,2022,1.33620035648346,83426.88709128178,83951.52932457495,8.792182,1.2622568472849605,1.1460911069323243,1.147739985787491,0.13635711507354115,0.2329012674084138,0.09783358824290767,0.13506767916550613,14.461424826708758
CHE,Switzerland,2023,1.45367074012756,82203.39023653633,81977.53783554389,8.870561,1.325212630772692,1.1011298253023796,1.1004956210502737,0.09633676659499671,0.28157292261814265,0.10619743408955457,0.17537548852858809,19.169359988980794
CYP,Cyprus,2005,0.738064289093018,36294.77954393127,36895.981535360304,0.73854,0.9747765876288744,0.6105105667784656,0.6059043183289589,-0.49345967718073125,-0.02554697513453761,-0.08525626166567651,0.059709286531138904,6.152790122539953
CYP,Cyprus,2006,0.758512258529663,38338.88157653819,38672.79569037838,0.750965,0.9706903286528508,0.6337876881629936,0.6292587385382727,-0.45604125734316037,-0.029747781584579372,-0.08686377996134154,0.057115998376762164,5.877861987376809
CYP,Cyprus,2007,0.822504460811615,40458.32145184944,40639.45382515888,0.767125,1.024925533343474,0.6629567801858223,0.6579996333610023,-0.4110454791777996,0.0246199595545928,-0.022735534829907422,0.04735549438450022,4.849467680487174
CYP,Cyprus,2008,0.850172519683838,43446.60308918275,43898.53971583917,0.786632,1.0315523423825683,0.7274608306423659,0.7221683725263035,-0.31819512242739184,0.031064796189938897,0.04675316044678424,-0.01568836425684534,-1.5565942903340124
CYP,Cyprus,2009,0.798746109008789,42638.193077960736,42786.334092892015,0.808035,0.9703662793935132,0.7366803333913144,0.7303794354304313,-0.3056012211956301,-0.030081671138345895,-0.005974788884321958,-0.024106882254023937,-2.3818632283065355
CYP,Cyprus,2010,0.776794970035553,42555.28690234204,42698.143926789686,0.829446,0.93285698118969,0.7233535854215566,0.7161182569983103,-0.3238571232290363,-0.06950337907053691,-0.023781514823417116,-0.0457218642471198,-4.469236954989131
CYP,Cyprus,2011,0.862444758415222,39541.21338647825,39781.749923020965,0.850881,1.0184584132811718,0.6688936334298605,0.6619565742271399,-0.40213022487308053,0.018290124512045987,-0.08462254292111632,0.1029126674331623,10.83946059030314
CYP,Cyprus,2012,0.812972366809845,38084.885141704624,38198.22786028046,0.863945,0.9300429624697878,0.6333256949416014,0.6268817374082392,-0.45677046318696884,-0.0725244976977743,-0.21210575204244167,0.13958125434466737,14.97922275364989
CYP,Cyprus,2013,0.867318153381348,33964.234878412404,33900.03937384707,0.86193,0.9822869925339438,0.5553168199387079,0.5508993443940001,-0.5882164813703102,-0.01787176023573073,-0.2736349035573488,0.2557631433216181,29.144680391077827
CYP,Cyprus,2014,0.858015060424805,33127.08979957865,33093.56035646167,0.852504,0.963421437849426,0.5313697096337482,0.5282951473524848,-0.6322972483466313,-0.037264332750611806,-0.3019026362366444,0.26463830348603257,30.295961458822095
CYP,Cyprus,2015,0.703867197036743,35195.86546685148,35022.43662999882,0.8477,0.7901529341814667,0.5492020042129989,0.5473161918815025,-0.5992889557632266,-0.235528764685249,-0.42356186587763045,0.18803310119238145,20.687346363913363
CYP,Cyprus,2016,0.685989201068878,38937.39083049554,38653.096010450914,0.8516,0.7641637849760966,0.6005421537402085,0.5989921860772288,-0.5099224421902767,-0.2689731345503839,-0.36484124797486867,0.09586811342448476,10.061389822347987
CYP,Cyprus,2017,0.707272946834564,41226.86460392382,41015.83632822544,0.859519,0.7776275162892192,0.6255936548351972,0.6241763310666064,-0.46905423232933013,-0.2515076402875762,-0.3155221738512254,0.06401453356364917,6.610789299583142
CYP,Cyprus,2018,0.765976548194885,41735.80039146366,41492.64859901755,0.870068,0.8199179198676181,0.6195311342810395,0.618842745558306,-0.47879232206353534,-0.19855104145636657,-0.2995731733354442,0.10102213187907763,10.63011260152258
CYP,Cyprus,2019,0.706646621227264,45764.48472512242,45490.40917531588,0.875899,0.7457552626088136,0.6663166302700931,0.6653204147284063,-0.4059903005924569,-0.2933577988118918,-0.3312154542770516,0.037857655465159845,3.85833856871991
CYP,Cyprus,2020,0.721360683441162,42791.56648892743,42598.60850304897,0.888005,0.7533364564598363,0.6405210530751059,0.639507972937529,-0.4454732884351861,-0.2832433296493633,-0.3616097492905445,0.07836641964118124,8.151887583318818
CYP,Cyprus,2021,0.77000617980957,46902.37841333829,46902.37841333829,0.896007,0.773440678749492,0.6601547883048406,0.6601547883048406,-0.4152809437243888,-0.2569063038951398,-0.2909550462331453,0.03404874233800548,3.4635036029725397
CYP,Cyprus,2022,0.724971294403076,50060.74580249916,50305.89650079308,0.904705,0.68485236963537,0.6877180435591208,0.6877550581790973,-0.3743763454563821,-0.37855198272790325,-0.36935484291624243,-0.009197139811660815,-0.915497548405253
CYP,Cyprus,2023,0.780706524848938,50630.62906271781,50500.3268432881,0.913951,0.7117169790221414,0.678206769506215,0.6779343466515986,-0.3883030677623918,-0.34007494796817145,-0.33712210807581167,-0.002952839892359782,-0.29484845485771016
CZE,Czechia,2006,0.47250497341156,31286.55835148382,30877.77805866668,10.304588,0.6046784383156243,0.5172043281590687,0.502423249294477,-0.6593172636757749,-0.5030584691674903,-0.272808515973537,-0.2302499531939533,-20.566496889050402
CZE,Czechia,2007,0.525940120220184,34208.84198498618,33673.26380165964,10.337543,0.6553757260981784,0.5605517708697553,0.5452089816680437,-0.5788336752228554,-0.4225465801775177,-0.17621814393090413,-0.2463284362466136,-21.833454450671862
CZE,Czechia,2008,0.671059787273407,33994.56288183065,33677.964543684066,10.378292,0.8142268532721555,0.5691978473110553,0.5540312047267367,-0.5635271947288703,-0.20551626228277592,-0.17766195003496904,-0.02785431224780688,-2.746995780340078
CZE,Czechia,2009,0.586519718170166,34035.500243019254,33594.023261716626,10.420985,0.7125405060413929,0.5880475192821368,0.5734630989993025,-0.5309475192431999,-0.3389185178708537,-0.21210810809769703,-0.12681040977315666,-11.909933307632093
CZE,Czechia,2010,0.585077345371246,34245.45060772446,33878.697366742366,10.464035,0.7026223227739463,0.5821032187685945,0.5682016002672857,-0.5411074951396039,-0.3529357679871056,-0.22250916489030237,-0.1304266030968032,-12.227908741853666
CZE,Czechia,2011,0.610195934772492,35950.190991177085,35681.7131152547,10.495511,0.7205785384573161,0.6081465846672547,0.5937331721715263,-0.4973393328715443,-0.3277008639907691,-0.17171414203371904,-0.15598672195705005,-14.442944940188497
CZE,Czechia,2012,0.563520312309265,35928.606659062454,35652.81717485928,10.507335,0.64466902205865,0.5974682527194229,0.5851082949665926,-0.5150541301120853,-0.43901823798496925,-0.26542016556196135,-0.1735980724230079,-15.936529596323679
CZE,Czechia,2013,0.57436203956604,35914.89471716878,35417.147108269564,10.511163,0.6504975806991112,0.5872101990275695,0.5755534059144477,-0.5323724329165085,-0.43001770017698315,-0.22255210714209678,-0.20746559303488638,-18.735879819043454
CZE,Czechia,2014,0.539312422275543,37551.14466495253,37061.90265855274,10.517226,0.6055664676346273,0.6023330439755227,0.5916445107526956,-0.5069447574529493,-0.501590948876333,-0.18723767282941567,-0.3143532760469174,-26.973900113457315
CZE,Czechia,2015,0.454365968704224,39901.60237869731,39225.78103146056,10.524416,0.510065826160536,0.6226310876864223,0.613004324185921,-0.47380109018389305,-0.6732154906896862,-0.308773069802492,-0.36444242088719425,-30.54161716383039
CZE,Czechia,2016,0.456627905368805,41662.953757462536,40903.14654990701,10.531948,0.5086647252589872,0.6425792649950612,0.6338603552673151,-0.442265100180052,-0.6759661724730482,-0.30295235697219464,-0.3730138155008536,-31.134428134543455
CZE,Czechia,2017,0.485209822654724,43830.89636499793,43300.08752680636,10.541342,0.5334751045672069,0.6651083199053669,0.6589379173220982,-0.40780536451520255,-0.6283428736830202,-0.25949537185813387,-0.36884750182488635,-30.846914039617324
CZE,Czechia,2018,0.546466588973999,44863.17258791099,44517.66680377369,10.548937,0.5849496958681246,0.6659542153292295,0.6639594260885403,-0.4065343565567531,-0.5362294254166476,-0.2334759070454324,-0.3027535183712152,-26.121883008325476
CZE,Czechia,2019,0.513689279556274,48448.88321747061,47973.2943308187,10.554875,0.5421188923390002,0.7054006354428134,0.7016338753309658,-0.3489893603543743,-0.6122699430390207,-0.27907440243213133,-0.3331955406068894,-28.336994982070085
CZE,Czechia,2020,0.527812778949738,46343.78463524001,45989.49394362856,10.550129,0.5512091491754367,0.6936920560206834,0.6904133510888651,-0.36572714026278946,-0.5956409607712485,-0.28866274124256824,-0.30697821952868026,-26.43333761014388
CZE,Czechia,2021,0.580019593238831,48293.407227242526,48293.407227242526,10.530683,0.5826066850445168,0.6797336319207485,0.6797336319207485,-0.38605427531703423,-0.5402429600212323,-0.2642202375384629,-0.2760227224827694,-24.12043111566127
CZE,Czechia,2022,0.598296403884888,47834.54441038513,48096.87755224223,10.673213,0.5651874951576669,0.6571352218010635,0.6575545437035157,-0.41986546462614666,-0.5705977530490961,-0.41096556917976823,-0.15963218386932787,-14.754272115277157
CZE,Czechia,2023,0.67473030090332,48067.73485075834,47913.08520501371,10.809716,0.6151056717587066,0.6438763209959648,0.6432022948152554,-0.4402486194643012,-0.48596120193777476,-0.3846387927671403,-0.10132240917063445,-9.63583564377586
DEU,Germany,2005,0.842925786972046,42936.00070428156,42982.42851381855,82.046731,1.1132693105348717,0.722221830647667,0.7058557047419692,-0.3254229426149283,0.10730101115939396,0.06845369561311526,0.038847315546278696,3.9611738981096156
DEU,Germany,2006,0.852697908878326,45071.951201764765,44881.53657884214,81.701971,1.091222460946334,0.7450934033152128,0.7302833577735902,-0.2942456948837208,0.08729859160703518,0.06113712625598111,0.02616146535105407,2.650668035460657
DEU,Germany,2007,0.930846571922302,47548.02367796461,47233.786800260204,81.298542,1.1599309969054663,0.7791298192946089,0.7647694905186503,-0.2495775983505342,0.14836051792262298,0.12496562782352919,0.02339489009909379,2.367069716608783
DEU,Germany,2008,0.994562208652496,48582.87820371885,48539.81980717556,81.110777,1.2067468098853518,0.8134615463613455,0.7985213836217903,-0.2064566228178484,0.18792815199611607,0.1489648586552696,0.03896329334084647,3.9732317849890286
DEU,Germany,2009,0.944336295127869,46805.29442270561,46589.94335017029,80.935283,1.1472382611498917,0.8086773244999459,0.7953085311528522,-0.2123552987195646,0.13735754207649237,0.07932100549809534,0.058036536578397024,5.975371477763369
DEU,Germany,2010,0.891297876834869,49350.95137598576,49235.51906940962,80.830924,1.0703640970884525,0.8388661014953595,0.825760814307219,-0.17570417822459442,0.06799886824526376,0.11173994068571888,-0.04374107244045512,-4.279822869261684
DEU,Germany,2011,0.926803410053253,51883.91423697339,51923.16211529381,80.857874,1.094459350835282,0.8776872771031419,0.8639860886810943,-0.130464925213019,0.090260497807568,0.16388062939282788,-0.07362013158525989,-7.097546610240579
DEU,Germany,2012,0.878149211406708,52144.36778506802,52078.17600365018,80.91639,1.0046054791161596,0.8671253134122103,0.8546694253365448,-0.14257177583840883,0.004594906346566628,0.07530442010945276,-0.07070951376288613,-6.8267491709116275
DEU,Germany,2013,0.941085457801819,51735.05867642119,51374.30868513895,81.041582,1.0658326479823204,0.8458706155572191,0.8348684395680169,-0.16738886776551687,0.06375632278361107,0.1113130346186218,-0.04755671183501073,-4.644360633370315
DEU,Germany,2014,0.955386281013489,53015.63432399299,52648.94180206272,81.37608,1.072754625192616,0.8503886815058364,0.840471081614592,-0.1620617616551123,0.07022975640909182,0.12824066997013361,-0.058010913561041794,-5.636035108830805
DEU,Germany,2015,0.805701613426209,53855.08583041282,53249.73150392525,82.07755,0.9044710374395072,0.840363510963599,0.8321648368827907,-0.1739207296074083,-0.10040499517962398,-0.03446044683903168,-0.0659445483405923,-6.381722425925873
DEU,Germany,2016,0.80156672000885,55340.386119872106,54622.23209923061,82.760102,0.8929123923793896,0.8535300892121892,0.846459755893542,-0.15837448345904132,-0.11326680775654197,-0.04326619560520917,-0.0700006121513328,-6.760675085999656
DEU,Germany,2017,0.821139812469482,57228.21524117363,56734.61088344393,83.104007,0.9028210618752788,0.8684048296268856,0.8633836204712523,-0.14109727947010575,-0.10223090480791786,-0.01552676306482062,-0.08670414174309723,-8.305165775589485
DEU,Germany,2018,0.870728015899658,58059.83326677143,57660.85765841669,83.368505,0.9320461641408688,0.8618469999987817,0.859983748191629,-0.14867751827335315,-0.0703729331832437,0.002396110457172973,-0.07276904364041667,-7.018444795588552
DEU,Germany,2019,0.810887932777405,60282.677957154825,59799.36185591851,83.559186,0.8557657039447544,0.87769699760257,0.8745961390925977,-0.1304538501457892,-0.15575865065082115,-0.07917118469311749,-0.07658746595770366,-7.372810651266503
DEU,Germany,2020,0.829186677932739,58369.66296310592,58023.71118778972,83.628708,0.8659420565003713,0.873700148332773,0.8710760099443188,-0.13501804190269567,-0.14393728201115252,-0.07762385296381742,-0.0663134290473351,-6.416250033645754
DEU,Germany,2021,0.889575242996216,59757.64412243614,59757.64412243614,83.697083,0.8935430620984043,0.8410936980122118,0.8410936980122118,-0.1730522125965505,-0.11256075069406793,-0.0693786866974535,-0.04318206399661442,-4.2262995233923295
DEU,Germany,2022,0.841523587703705,59514.80615249868,59791.39722846645,84.086227,0.7949548176489775,0.8175948119405249,0.817435703165039,-0.2013884050267474,-0.22946999908880988,-0.21111581856307193,-0.01835418052573795,-1.8186768356743377
DEU,Germany,2023,0.918093264102936,59853.64732231949,59698.42231234856,84.548231,0.8369631142949036,0.8017508284037033,0.8014128512879564,-0.22095740716499962,-0.1779752784064937,-0.18404430394160087,0.0060690255351071865,0.6087479383984906
DNK,Denmark,2005,1.19719564914703,44439.16809129163,44319.98164517197,5.419555,1.5811607563803975,0.7475064469186002,0.7278209482334526,-0.2910123491142197,0.45815923324825963,0.0999304490182496,0.35822878423001003,43.07929258951664
DNK,Denmark,2006,1.1985148191452,47257.00274670708,46844.89323521082,5.43742,1.5337744784066267,0.7812149256507376,0.7622298284342218,-0.24690497410639986,0.4277316767569487,0.10444158695638622,0.32329008980056245,38.16661000196029
DNK,Denmark,2007,1.28780364990234,49169.54272799196,48582.89648083431,5.461607,1.6047363942748714,0.8057002999729902,0.7866131323894467,-0.21604344188555208,0.4729595027658767,0.15564066903360585,0.3173188337322709,37.34404012535537
DNK,Denmark,2008,1.37674748897553,50797.30513542264,50502.56185922803,5.493764,1.6704693038657217,0.8505394475226251,0.8308101623054294,-0.16188448665493965,0.5131046072287365,0.18973678369373362,0.32336782353500293,38.177350625979734
DNK,Denmark,2009,1.30173230171204,49039.33843824917,48571.2141824998,5.523173,1.5814250813017323,0.8472759650936579,0.8291295981507844,-0.16572882264570074,0.4583263907171895,0.12197211785095802,0.3363542728662315,39.983486048345625
DNK,Denmark,2010,1.25486373901367,50945.97910943366,50571.15009869565,5.547863,1.5069721670920733,0.8659783386301739,0.8481615483139509,-0.14389538386166484,0.41010245039090515,0.14083672381025122,0.26926572658065395,30.900293170891736
DNK,Denmark,2011,1.2793140411377,52327.42015624549,52109.06811511136,5.570849,1.5107380915846835,0.885189785508486,0.8670795096343109,-0.12195321006241361,0.4125983337758304,0.17166663746748761,0.24093169630834277,27.243412039214476
DNK,Denmark,2012,1.21587777137756,52620.20385853367,52377.31979927456,5.591917,1.3909680213739033,0.8750381431551552,0.859578757335449,-0.13348780139731378,0.3299999230105429,0.08361389676567503,0.24638602624486783,27.939335764235484
DNK,Denmark,2013,1.27997529506683,52457.318648778266,51883.92767623933,5.615333,1.4496446064309745,0.8576795996975708,0.8431501045239733,-0.15352467616128013,0.37131842737769,0.12399516810984179,0.2473232592678482,28.059300943534215
DNK,Denmark,2014,1.30942356586456,52289.016484301166,51743.45595356599,5.643794,1.4702850716333262,0.8387334859294154,0.8260161914605996,-0.1758622797968818,0.38545630827054866,0.11561678115512042,0.26983952711542825,30.975425382505485
DNK,Denmark,2015,1.08492004871368,53842.41491591482,53059.936210578286,5.683701,1.2179183281340842,0.8401657919546982,0.8291987943344342,-0.1741560352453043,0.19714311296237358,-0.034675690366834766,0.23181880332920834,26.089123883343433
DNK,Denmark,2016,1.08740830421448,55720.04631122406,54816.233971189205,5.728201,1.2113281729044916,0.8593856934049938,0.8494661284065261,-0.15153745496971543,0.19171742117392107,-0.037012090752935795,0.22872951192685687,25.700198897623807
DNK,Denmark,2017,1.09244465827942,58470.17922981603,57840.12386976407,5.765168,1.201113417533214,0.887250909683979,0.8802072452347668,-0.11962746217121148,0.18324897455347264,0.004112542045004525,0.1791364325084681,19.61839314099596
DNK,Denmark,2018,1.14765393733978,59517.5623646835,59122.32469436421,5.793824,1.2284736801003246,0.8834857023366589,0.8817808207720991,-0.1238801703339103,0.20577248832983044,0.02507924163231777,0.1806932466975127,19.804761785742485
DNK,Denmark,2019,1.06307375431061,61917.400463796585,61388.03421824099,5.814618,1.121908494293185,0.9014980476656176,0.8978312819310464,-0.10369740199211668,0.11503124788621531,-0.05469598578342509,0.1697272336696404,18.498158415591682
DNK,Denmark,2020,1.0804740190506,62786.37424483798,62354.68007538331,5.83153,1.1283682178596133,0.9398112256646988,0.9360943105764212,-0.06207624764683787,0.12077253408049879,-0.010901061022655492,0.1316735951031543,14.073591670431117
DNK,Denmark,2021,1.14402318000793,67494.1672261326,67494.1672261326,5.856776,1.1491259265858278,0.9499858895067866,0.9499858895067866,-0.05130814764861057,0.13900158954178315,0.041985504414973784,0.09701608512680937,10.187809732739005
DNK,Denmark,2022,1.07808816432953,69544.96994191332,69926.36060996418,5.902904,1.0184282325617444,0.9553858996931452,0.9559954509269164,-0.045639936672817065,0.018260490345126387,-0.0686464324566371,0.08690692280176349,9.079514683703538
DNK,Denmark,2023,1.13806092739105,65313.9225044619,65132.11134547024,5.948136,1.0374926549289702,0.8748922382666637,0.8743566252165581,-0.13365455647554836,0.03680689351112122,-0.10418487627260326,0.14099176978372446,15.141517154986284
ESP,Spain,2005,0.729763567447662,36171.89676216765,36570.42256645044,43.958885,0.9638136549414515,0.6084435687780778,0.600558002092754,-0.4968511090997486,-0.03685730705986182,-0.08835854079965927,0.051501233739797446,5.285048523487634
ESP,Spain,2006,0.749739348888397,38812.87306931122,38926.10887354793,44.695448,0.9594633795203086,0.6416233359456192,0.6333804869469621,-0.4437538516049446,-0.04138113047397775,-0.07562399589883517,0.034242865424857424,3.4835902072422043
ESP,Spain,2007,0.837851524353027,41445.01356398021,41368.28315933822,45.516507,1.0440495600629358,0.6791248811405657,0.6698002209559041,-0.3869502491289586,0.04310695965837046,-0.0006946591190094553,0.04380161877737992,4.477507057260244
ESP,Spain,2008,0.905536234378815,41565.1617926087,41734.86798566301,46.235054,1.0987276135826327,0.6959583712762991,0.6865741294791092,-0.3624654318211173,0.09415279536839805,0.006257328489494618,0.08789546687890343,9.187397906756534
ESP,Spain,2009,0.853541135787964,40408.06747180991,40325.771767150894,46.63518,1.0369346741127807,0.6981493930196201,0.6883766754273315,-0.3593221690068729,0.036268932193475045,-0.055115499779347876,0.09138443197282292,9.569014262707686
ESP,Spain,2010,0.827556490898132,39542.5784680944,39475.06473621924,46.840471,0.9938167465577584,0.6721436510896872,0.6620619060694194,-0.39728319480128,-0.0062024489217236516,-0.09094729469698026,0.08474484577525661,8.843931137600936
ESP,Spain,2011,0.865976810455322,38718.48983158724,38757.56326704923,46.998043,1.0226294028793892,0.6549761407479701,0.6449144106353399,-0.42315647034931736,0.022377156310628542,-0.10385609505027965,0.12623325136090818,13.454677200081978
ESP,Spain,2012,0.793964862823486,38137.27310095683,38124.02826447043,47.018323,0.9082983177089844,0.6341968710151678,0.6256640272121924,-0.45539585064097915,-0.09618241060715593,-0.2108483386782453,0.11466592807108936,12.149871374449607
ESP,Spain,2013,0.844273209571838,37465.59540937657,37223.78403644921,46.860389,0.9561872868382828,0.6125642274682607,0.6049125192864512,-0.490101480888133,-0.04480147838334876,-0.18388516775408426,0.1390836893707355,14.922027350072508
ESP,Spain,2014,0.847756266593933,37737.583590203016,37500.95943535159,46.720188,0.9519023604357428,0.6053235873095176,0.5986534744935753,-0.5019921088782261,-0.049292812018168534,-0.18270728604937825,0.1334144740312097,14.27235294187421
ESP,Spain,2015,0.696802198886871,40202.81303408647,39762.88419042146,46.683686,0.7822218513840159,0.6273312277010453,0.6213979507835121,-0.46628060399135396,-0.24561688124931494,-0.3018937787096372,0.056276897460322245,5.789057039719547
ESP,Spain,2016,0.69392317533493,41979.75709593596,41430.35943663602,46.732771,0.7730019063278648,0.6474654105518384,0.6420303709230989,-0.4346899068325039,-0.2574737642556282,-0.2960230230450691,0.03854925878944093,3.930192185164305
ESP,Spain,2017,0.709949314594269,43510.63503161051,43124.755646616766,46.868596,0.780570110407898,0.6602485407302812,0.6562697281665734,-0.41513893798487495,-0.2477307155043399,-0.2662036863682733,0.018472970863933402,1.864465171257934
ESP,Spain,2018,0.76785272359848,43552.04957885194,43255.48102119429,47.092821,0.8219262187350541,0.6464917510332181,0.6451345368257567,-0.43619484027433686,-0.1961046461843293,-0.26060754404658326,0.06450289786225397,6.662866918312971
ESP,Spain,2019,0.701144516468048,46107.80569560709,45737.86881403207,47.435119,0.739948649435621,0.671315276568165,0.668939638042593,-0.39851639160313124,-0.3011744878462695,-0.3243787692246832,0.023204281378413738,2.347559519876219
ESP,Spain,2020,0.733232080936432,40223.28657926682,39973.18689803912,47.679489,0.7657340776881664,0.6020780259250457,0.6000940552597702,-0.507368230900946,-0.2669203265795665,-0.4182275417438941,0.1513072151643276,16.33540031793512
ESP,Spain,2021,0.770360469818115,43146.878086790624,43146.878086790624,47.735664,0.7737965490163398,0.607295815968679,0.607295815968679,-0.4987392656648649,-0.2564462965132892,-0.3672977288803534,0.11085143236706418,11.722891046924278
ESP,Spain,2022,0.728400528430939,44727.72045686179,44964.04979787943,47.828382,0.6880918345192175,0.6144546972353864,0.6147242139740194,-0.48702007566298466,-0.3738329695506707,-0.47239459194802513,0.09856162239735444,10.358240769274696
ESP,Spain,2023,0.782122552394867,46732.89415070207,46607.277334775375,47.911579,0.7130078749159547,0.6259958795369192,0.6256726655890992,-0.4684114901130957,-0.33826281386592416,-0.4104005028804677,0.07213768901454354,7.480332248637955
EST,Estonia,2011,0.57696133852005,30648.093571967773,30451.16513875684,1.327358,0.6813319040090998,0.5184543647328306,0.506698398021242,-0.6569032692017717,-0.38370571416285437,-0.3176736901047424,-0.06603202405811198,-6.389911393756487
EST,Estonia,2012,0.547605633735657,32371.73230457669,32182.34083532181,1.322616,0.6264625793656047,0.5383198552910716,0.5281533428855392,-0.6193023689179235,-0.46766623609374075,-0.3607802210560158,-0.10688601503772494,-10.13719027574541
EST,Estonia,2013,0.60211992263794,32595.382735016337,32162.097262805983,1.317919,0.6819349573705261,0.532936023728865,0.5226565698352812,-0.6293538925479907,-0.38282099611117154,-0.3112649475535036,-0.07155604855766795,-6.905590194138411
EST,Estonia,2014,0.618285655975342,33801.90114397483,33363.19645943709,1.314452,0.6942414919692929,0.5421939115270855,0.5325995329555628,-0.6121315711818638,-0.36493540786593825,-0.28345628054243455,-0.08147912732350371,-7.824805091665754
EST,Estonia,2015,0.517650127410889,34523.081848253736,33942.97560106833,1.314576,0.5811078691763105,0.5387037792983834,0.5304468202303975,-0.6185894337301645,-0.5428188781302471,-0.44121678907894113,-0.10160208905130597,-9.661105148629211
EST,Estonia,2016,0.522353768348694,36086.84274373427,35443.49028649944,1.315849,0.5818806361614816,0.5565773617792917,0.5492541586624036,-0.5859491030507767,-0.5414899447910887,-0.43438589143103157,-0.10710405336005713,-10.1567816761021
EST,Estonia,2017,0.551155149936676,38511.32713911608,38065.841034594,1.317425,0.6059802120998141,0.584386955665324,0.5792834944483877,-0.537191920255933,-0.50090794674659,-0.3778504565766457,-0.12305749016994433,-11.578717244614477
EST,Estonia,2018,0.607072055339813,40285.64958225066,39992.194384874034,1.321965,0.6498231022829412,0.5980049249527514,0.59646419810913,-0.5141562893584765,-0.43105510346601345,-0.33192201608200056,-0.09913308738401289,-9.437782688303553
EST,Estonia,2019,0.57757043838501,43262.34097810408,42862.66945566172,1.326822,0.6095354891881317,0.6298861973704646,0.6268883823116201,-0.4622161150082656,-0.49505810503216074,-0.38264746736723015,-0.11241063766493059,-10.632279537786104
EST,Estonia,2020,0.591141700744629,42439.20385449311,42120.823984202085,1.329669,0.6173452536672982,0.6352467501179897,0.632335273643212,-0.45374177270523763,-0.48232684323427466,-0.3691732642992957,-0.11315357893497896,-10.69864984785358
EST,Estonia,2021,0.654094934463501,44986.640922951694,44986.640922951694,1.331749,0.6570124283978729,0.6331906274201092,0.6331906274201092,-0.45698375301137845,-0.4200523437847091,-0.3291022826125728,-0.09095006117213633,-8.693669292793293
EST,Estonia,2022,0.677530109882355,44321.9660748794,44587.497944583,1.350091,0.6400365156999721,0.6088805771285193,0.6095762003258132,-0.4961331271708038,-0.4462300484748323,-0.4807306665662675,0.03450061809143523,3.510266816401031
EST,Estonia,2023,0.762785255908966,42526.932746840976,42390.78502186226,1.367196,0.6953793784203426,0.5696562379170816,0.5690689732964391,-0.5627221914598364,-0.36329771411850315,-0.496670293306939,0.13337257918843587,14.267565619897082
FIN,Finland,2005,0.999545156955719,42515.56804678234,42470.91567573667,5.246082,1.3201197127090218,0.7151497783236863,0.6974556615779872,-0.33526327805304934,0.2777224239322876,0.059452345142273766,0.2182700787900138,24.392297946885243
FIN,Finland,2006,1.00978291034698,44017.50371279585,43690.99332029052,5.266247,1.2922487330828156,0.7276621218369379,0.7109116072787631,-0.3179184568775659,0.2563839046971802,0.03948269906095603,0.21690120563622417,24.222137160524483
FIN,Finland,2007,1.08364844322205,47680.4864749627,47172.44079841776,5.28871,1.3503379149217385,0.7813003767038375,0.7637762279887413,-0.2467955978295003,0.300354868478116,0.12751043555466393,0.17284443292345206,18.868117104485414
FIN,Finland,2008,1.15110802650452,49641.45801248434,49405.455795814974,5.313377,1.3966908522492514,0.831186185164638,0.8127618330117359,-0.18490145968577068,0.3341057617622473,0.16868223303016613,0.1654235287320812,17.98927313762748
FIN,Finland,2009,1.08755970001221,47076.37448453376,46647.47876230413,5.338856,1.3212349303695468,0.8133609036084266,0.7962906831114738,-0.20658035205830627,0.2785668525513034,0.08460358139962665,0.19396327115167677,21.405169141690948
FIN,Finland,2010,1.05298399925232,47687.889798353644,47311.80721936849,5.36335,1.2645337736141729,0.8105974269657369,0.7934969955477784,-0.20998373902719217,0.23470349583737274,0.08038304815791467,0.15432044767945807,16.686474597417323
FIN,Finland,2011,1.08229506015778,50081.88200936076,49817.81740089205,5.388241,1.2780789713370335,0.8472034405930131,0.828953774179863,-0.16581442356884643,0.24535814695471686,0.1315450219666244,0.11381312498809246,12.054270388585508
FIN,Finland,2012,1.03680264949799,49056.47698334549,48819.08768997839,5.413971,1.1861055147784372,0.8157757929757371,0.8011836209187464,-0.20361572528256525,0.17067526354775345,0.01946506518842736,0.1512101983593261,16.32411437655954
FIN,Finland,2013,1.11410105228424,47480.70056956606,46904.62085035758,5.439053,1.2617826200923643,0.7763116626399296,0.7622328868280244,-0.25320121231618786,0.23252549895922306,0.032817032842823585,0.19970846611639947,22.104672977033424
FIN,Finland,2014,1.13203299045563,46734.21237845324,46189.81183276074,5.461684,1.2711022237975382,0.749632551840291,0.7373595704279461,-0.2881721233867405,0.23988441682331896,0.012882451636090475,0.22700196518722848,25.48323339183327
FIN,Finland,2015,0.939686596393585,47632.88015147498,46886.864777870825,5.479717,1.0548809839089963,0.7432712024162603,0.7327285805553067,-0.2966942908828074,0.053427949103671386,-0.1467663596346452,0.2001943087383166,22.164011044814934
FIN,Finland,2016,0.929412484169006,49073.609549976536,48231.10866424686,5.495469,1.0353273208965763,0.7568758599990124,0.7474189702142976,-0.2785560284256985,0.034717628794172874,-0.1532010868672744,0.18791871566144727,20.673542267232015
FIN,Finland,2017,0.948575854301453,50594.36767073391,50015.77364808194,5.508396,1.04293355046832,0.7677400571033892,0.7611367921720086,-0.2643040704407495,0.04203746398745623,-0.12822896848133056,0.17026643246878678,18.562069709208373
FIN,Finland,2018,1.01166689395905,51423.2427458457,51028.9164039033,5.515736,1.0829101977712188,0.763332669025777,0.7610715583724995,-0.2700613413742479,0.07965204470197265,-0.10863855295369299,0.18829059765566564,20.71842693016144
FIN,Finland,2019,0.938620448112488,53751.29329259027,53233.65366905727,5.521759,0.990567445941287,0.7826020730812981,0.7785693111730424,-0.2451309202426862,-0.00947732233863598,-0.18407091147606292,0.17459358913742692,19.076217957554498
FIN,Finland,2020,0.952396214008331,53760.620998363,53361.18632735896,5.529612,0.9946131047566594,0.8047101894424298,0.8010802535793778,-0.21727307949884714,-0.005401456881745552,-0.15286584304140197,0.1474643861596564,15.889201149973143
FIN,Finland,2021,1.0121283531189,55314.667054678015,55314.667054678015,5.541075,1.016642802284375,0.7785584346666964,0.7785584346666964,-0.2503112299383526,0.016505828512801708,-0.14005061617582248,0.1565564446886242,16.947677120830384
FIN,Finland,2022,0.953328311443329,55575.27302807768,55880.27662906948,5.569299,0.9005724201397838,0.7634748029508086,0.7639649738372887,-0.26987515689709424,-0.10472469545679981,-0.27376340411247946,0.16903870865567966,18.416597550984083
FIN,Finland,2023,1.03113067150116,53615.417987443725,53457.03074438713,5.601185,0.9400116217036584,0.718188576798965,0.7176261912935944,-0.33102310263693935,-0.061863040279984904,-0.28472582094779586,0.22286278066781096,24.964908595748803
FRA,France,2005,0.905801773071289,39607.51402120193,39509.14837094128,63.617228,1.1963109101344649,0.6662337156367495,0.6488176385417604,-0.40611474562180283,0.17924258005154295,-0.0053583409334430065,0.18460092098498596,20.273835669974495
FRA,France,2006,0.930374264717102,40813.58365245139,40481.528539685416,64.060149,1.190627166051372,0.6746974811222385,0.658689270538597,-0.39349086468574185,0.17448019858701946,-0.02964642086431396,0.20412661945133342,22.64534364862909
FRA,France,2007,1.01551568508148,43056.24211369416,42585.089894560646,64.470141,1.2654374592980946,0.7055267399703515,0.6895017255354732,-0.34881060625253824,0.2354178800253021,0.03419320568216727,0.20122467434313482,22.289949510131724
FRA,France,2008,1.08984589576721,43498.959237699215,43292.67591174578,64.842856,1.3223587690563952,0.7283374710372627,0.7122013968545171,-0.31699077907866685,0.27941708816413185,0.04785482173031158,0.23156226643382027,26.05678151964237
FRA,France,2009,1.01140677928925,42905.22425030806,42528.40661809165,65.186042,1.2287196423281566,0.7412939579112612,0.7259765126883778,-0.29935802801872435,0.2059726860321507,-0.0002638890683674955,0.20623657510051818,22.904393079606432
FRA,France,2010,0.96991366147995,43819.4551224128,43526.64875663213,65.510017,1.164774187738901,0.7448418817327218,0.7300136486968052,-0.2945833224134591,0.1525272379631122,0.0029964077800965216,0.1495308301830157,16.128927302092166
FRA,France,2011,0.994051456451416,45220.35400481571,45067.91237558701,65.836675,1.1738723659445438,0.7649640540775458,0.7499167568405204,-0.2679264343935053,0.16030799824238592,0.03813906009723658,0.12216893814514934,12.994497646530201
FRA,France,2012,0.932949006557465,45376.44192907362,45150.62301673121,66.16917,1.0672966183300816,0.7545793170119954,0.7409794272478346,-0.2815948810350994,0.06512892649847209,-0.051865603848493896,0.11699453034696598,12.411328116410282
FRA,France,2013,0.987314760684967,44783.24627594348,44288.031211212015,66.513021,1.1181899550662204,0.7322081594805931,0.7197114755441931,-0.3116904345714318,0.11171126644201466,-0.020685410401827087,0.13239667684384177,14.156106030380977
FRA,France,2014,1.00311195850372,44721.9131893348,44254.68224346017,66.841142,1.126343359179653,0.7173545931579169,0.7064677727333506,-0.33218500950581903,0.1189764203381169,-0.027377904901786876,0.14635432523990377,15.760628451721704
FRA,France,2015,0.839465498924255,45651.53804944177,44981.69458519018,67.080971,0.9423739732603044,0.7123540182801551,0.7029553667221219,-0.339180274455807,-0.05935308397435119,-0.18562999702219443,0.12627691304784325,13.459630930822541
FRA,France,2016,0.83119148015976,46413.93380319196,45659.64866118123,67.260373,0.9259131580046422,0.7158549449567634,0.7075700419879537,-0.3342777233882975,-0.07697483058618873,-0.2041719616247158,0.12719713103852706,13.56408657803323
FRA,France,2017,0.854917526245117,47269.84966969735,46766.40758681702,67.469032,0.9399587465369528,0.7172924330404156,0.711688150672116,-0.3322716651310776,-0.06191929134395144,-0.19040166008467413,0.1284823687407227,13.710137258534916
FRA,France,2018,0.914530277252197,47872.66732190747,47516.65964960538,67.706406,0.9789330552582376,0.7106275094478923,0.7086879510029066,-0.3416068831584813,-0.02129201952694041,-0.17408413662061442,0.15279211709367402,16.508275297749208
FRA,France,2019,0.829970955848694,52236.09041329821,51757.573453520185,67.917133,0.8759048575958156,0.7605411915315665,0.7569808858548894,-0.2737250049999981,-0.13249780399468306,-0.2102270704720675,0.07772926647738446,8.08300021420758
FRA,France,2020,0.844143688678742,49250.40772474432,48902.38565026214,68.104157,0.8815620670350106,0.7371995373993672,0.7341428891220724,-0.30489668069701953,-0.12605986891957074,-0.2330186740969869,0.10695880517741616,11.28884082944841
FRA,France,2021,0.894620060920715,51127.27292588657,51127.27292588657,68.291492,0.8986103816888225,0.7196205219604377,0.7196205219604377,-0.3290312587459274,-0.1069057292313967,-0.2120589915841129,0.1051532623527162,11.0880853522636
FRA,France,2022,0.826515018939972,51603.08179634346,51869.6336280281,68.48668,0.7807768026544099,0.7089061476353582,0.7091336279636828,-0.34403213408180566,-0.24746595403974797,-0.34159777273693426,0.09413181869718629,9.870456617646116
FRA,France,2023,0.900349915027618,51998.447585683454,51843.22363256356,68.655641,0.8207877111188328,0.6965289550864527,0.6959618707166034,-0.3616459143558085,-0.19749077651149174,-0.3127377380635774,0.11524696155208566,12.215053139167642
GBR,United Kingdom,2005,0.891695618629456,48198.16150568614,48116.30393820012,60.596108,1.1776806237290989,0.8107360691611257,0.7901639995738751,-0.20981271659897743,0.1635469310927596,0.17420701763416654,-0.010660086541406932,-1.0603469179455538
GBR,United Kingdom,2006,0.921599090099335,49295.16905954216,48957.996559406456,61.051094,1.179397318362136,0.8149082589558475,0.7966128800974663,-0.20467973777561466,0.16500356085108658,0.14306670835774404,0.02193685249334254,2.2179234362363465
GBR,United Kingdom,2007,1.04195201396942,49595.59755852909,49167.57880425973,61.535855,1.2983798563014846,0.8126817052438853,0.7960798136126184,-0.2074157525580772,0.261117222850735,0.16353276335076558,0.09758445949996944,10.250455461452667
GBR,United Kingdom,2008,0.999168932437897,48702.43357014409,48593.18329898125,62.027306,1.2123363538914402,0.8154633563990353,0.799399258518748,-0.20399879183738903,0.19254936885805987,0.15121313547391343,0.04133623338414644,4.220246990350329
GBR,United Kingdom,2009,0.861838340759277,46163.241402544445,45927.65687053319,62.506226,1.0470146329715095,0.7975842692177391,0.7840030422544492,-0.22616778317476588,0.04594290788577764,0.06668617061506235,-0.020743262729284714,-2.052960115125002
GBR,United Kingdom,2010,0.929484784603119,44965.92834740513,44887.87685546581,63.006483,1.116222946431965,0.7643296017847837,0.7528436877538961,-0.26875616690005083,0.10995061679569204,0.026621545348120945,0.0833290714475711,8.689941727020646
GBR,United Kingdom,2011,0.976764857769013,44833.66487278199,44932.88658500879,63.509285,1.15345867371287,0.7584226792338915,0.7476699675480326,-0.2765144244353153,0.14276497112630218,0.030283280312844385,0.1124816908134578,11.90517677976446
GBR,United Kingdom,2012,0.988178193569183,45832.611272922826,45758.65545357662,63.960484,1.1304789831929092,0.7621651024391909,0.7509580166160226,-0.27159207689731196,0.12264142184473135,-0.04271563672576731,0.16535705857049865,17.981430632226193
GBR,United Kingdom,2013,1.01574409008026,46169.9876693967,45844.76715324581,64.389388,1.1503877827752185,0.7548814457608997,0.7450095231483093,-0.28119456754515626,0.14009908794843576,0.007210385299635469,0.1328887026488003,14.212287600599227
GBR,United Kingdom,2014,1.09816586971283,46800.12149986443,46484.99837726796,64.865916,1.2330745577730116,0.7506897564096741,0.7420718352114016,-0.28676281988102165,0.20951069094530592,0.014171598215953762,0.19533909272935215,21.57231594876352
GBR,United Kingdom,2015,1.01347076892853,48837.39221631117,48272.63145836071,65.38211,1.1377102174207765,0.7620666044139697,0.7543847705690058,-0.2717213197478779,0.129017661292106,-0.12392257886139216,0.25294024015349814,28.780631542731825
GBR,United Kingdom,2016,0.898336887359619,49599.41486059945,48921.25090968956,65.893358,1.0007103828438328,0.7649855008083862,0.7581138395771606,-0.2678983985268672,0.0007101306413735724,-0.1434521242926594,0.14416225493403298,15.507150937270309
GBR,United Kingdom,2017,0.867831170558929,50696.35398042733,50231.57369455933,66.354471,0.9541569499306152,0.7692876399437828,0.7644208232515252,-0.2622903352734036,-0.04692710331843489,-0.12638692395848652,0.07945982064005164,8.270205637984018
GBR,United Kingdom,2018,0.93375438451767,50098.535672272825,49716.27643769013,66.752475,0.9995109568631416,0.7436685612769633,0.7414941694120813,-0.2961598255603185,-0.0004891627574545787,-0.13251188576778192,0.13202272301032733,14.11342489779579
GBR,United Kingdom,2019,0.881690859794617,52217.586433500175,51765.09699056896,67.110958,0.930487147230637,0.7602717793544237,0.7570909214179952,-0.27407930521326374,-0.07204701575112653,-0.21055116312231836,0.13850414737119182,14.855444504191828
GBR,United Kingdom,2020,0.874882161617279,49074.486598076335,48765.76090451309,67.351861,0.9136630850306674,0.7345662805556222,0.7320918217920015,-0.3084750484257188,-0.09029339142373174,-0.23629195093212307,0.14599855950839133,15.719452112059829
GBR,United Kingdom,2021,0.967277348041534,51205.210667865926,51205.210667865926,67.668792,0.9715917459172508,0.7207175020134301,0.7207175020134301,-0.32750803260479067,-0.028819577240914624,-0.2106656353892008,0.18184605814828617,19.942953726307564
GBR,United Kingdom,2022,0.924448311328888,52455.97216692482,52696.39332692034,68.179315,0.8732905999268473,0.7206228747360828,0.7204366402219536,-0.3276393371585376,-0.13548690347375583,-0.3266026222939892,0.19111571882023334,21.059953312588497
GBR,United Kingdom,2023,0.994784712791443,52507.47994822937,52376.33388612448,68.682962,0.906877486008368,0.7033475390260031,0.7031185323469851,-0.3519041437168017,-0.09774791405634019,-0.30382654877743265,0.20607863472109245,22.88498304598474
GNQ,Equatorial Guinea,2008,0.506953358650208,30259.730885729303,29576.554042995584,1.08453,0.6151091837087448,0.5066626019061037,0.4865595082758455,-0.6799099763958483,-0.4859554924472372,-0.28412195977178495,-0.20183353267545223,-18.276904112916903
GNQ,Equatorial Guinea,2011,0.559780657291412,35296.77100822573,34088.77726811533,1.241835,0.6610432893790321,0.5970930931549919,0.5672271899466018,-0.5156822428131381,-0.41393595053503884,-0.18849313926177458,-0.22544281127326427,-20.183729494846993
GNQ,Equatorial Guinea,2012,0.503556907176971,37119.16415793637,36257.11427015276,1.293483,0.5760706966717072,0.6172664128697494,0.5950255826060602,-0.48245456079890314,-0.5515248885405798,-0.2356000287961282,-0.3159248597444516,-27.088576606077307
GNQ,Equatorial Guinea,2013,0.499214351177216,33603.53203381622,32394.464877716688,1.346218,0.5653885621278375,0.5494193116532698,0.5264327060604049,-0.598893355495934,-0.5702420636268856,-0.2834014695999542,-0.28684059402693135,-24.936862557464
GNQ,Equatorial Guinea,2014,0.472709387540817,32393.20685737819,31181.22480940516,1.399828,0.5307813100670016,0.5195979793591745,0.4977672265504441,-0.6546998830324102,-0.6334051880200352,-0.322395226915589,-0.31100996110444623,-26.72934227337631
GRC,Greece,2005,0.696734189987183,32794.63531024555,32466.72376051944,10.981334,0.9201910812331412,0.5516350186482623,0.5331672260741779,-0.594868649493883,-0.08317393351254056,-0.17801912594186042,0.09484519242931987,9.948863278635734
GRC,Greece,2006,0.721252202987671,35671.50459195961,35092.55950130459,11.016103,0.92300754547702,0.5896927479091865,0.5710034490566759,-0.5281536439838298,-0.08011786956468224,-0.1528278794093011,0.07271000984461885,7.54186308761815
GRC,Greece,2007,0.817116022109985,37207.51046308634,36476.29793738525,11.045737,1.0182109820269898,0.6096884509826946,0.5905933375095587,-0.4948071883788279,0.01804714815469575,-0.09935573800248698,0.11740288615718274,12.457241309202294
GRC,Greece,2008,0.869489431381226,38537.614116151206,38034.80407194378,11.076872,1.0549904153003429,0.6452657465156424,0.6257049262639097,-0.4380930369374494,0.05353168186338906,-0.06292228263283722,0.11645396449622628,12.350578812173229
GRC,Greece,2009,0.824333608150482,37789.32008794688,37138.44188400342,11.108069,1.0014515592603803,0.6529040494309626,0.6339677093418137,-0.42632509858644785,0.001450506766618726,-0.11640577342006347,0.1178562801866822,12.508240311433806
GRC,Greece,2010,0.786106109619141,35207.29716027532,34728.85319294864,11.12467,0.9440387754834716,0.5984526597677746,0.5824601148641654,-0.5134078552449047,-0.0575880379562043,-0.1971711905726402,0.13958315261643592,14.97944101566957
GRC,Greece,2011,0.836218178272247,31162.3868109049,30898.71176064764,11.108844,0.9874875239139644,0.5271543373380897,0.5141454416833994,-0.6402619130918803,-0.012591416297845163,-0.3024511725800943,0.28985975628224914,33.62400756080612
GRC,Greece,2017,0.649960517883301,30005.65314208828,29693.2964961376,10.753533,0.7146140474758876,0.4553183074972342,0.4518706559075534,-0.7867585277040535,-0.33601267576923666,-0.6061390666129325,0.27012639084369583,31.013002870893658
GRC,Greece,2018,0.693071126937866,30189.32213067304,29919.80698349543,10.730844,0.7418783748123577,0.4481338516899985,0.4462394213291869,-0.8026633150980941,-0.2985699645975721,-0.5958309923880232,0.29726102779045105,34.61666404949615
GRC,Greece,2019,0.633623123168945,32037.350973674114,31709.25235311108,10.718576,0.6686903530271094,0.4664538423578136,0.4637639737421216,-0.7625962081606786,-0.40243417648490354,-0.6574172158103972,0.2549830393254937,29.043973395898437
GRC,Greece,2021,0.679873049259186,31802.249994116013,31802.249994116013,10.579561,0.6829055226706847,0.4476192534942493,0.4476192534942493,-0.8038122885136093,-0.3813987559622985,-0.646360288803102,0.26496153284080354,30.33808374558675
GRC,Greece,2022,0.638363242149353,34125.737816543224,34282.00762450444,10.41248,0.6030370891223621,0.4688081503778352,0.4686851003224961,-0.7575616552522132,-0.5057765764808617,-0.7198698523323107,0.214093275851449,23.873819376461626
GRC,Greece,2023,0.685301244258881,36969.094250382805,36868.51856425929,10.242908,0.6247424810218157,0.4952079491658014,0.4949361045213793,-0.702777505305611,-0.47041574451866514,-0.624784520017715,0.15436877549904987,16.692113936577858
HKG,"China, Hong Kong SAR",2005,0.526822805404663,51265.97202339268,52993.30417692097,6.908486,0.6957856437797484,0.862339378548002,0.8702539004835532,-0.14810637518959904,-0.36271364915931886,0.2306522891182528,-0.5933659382775717,-44.75354100749812
HKG,"China, Hong Kong SAR",2006,0.535529971122742,53274.629243019495,54677.38930673242,6.93109,0.685333371777349,0.8806935079279048,0.8896751426295411,-0.12704560468886048,-0.377849884979839,0.21408177129011746,-0.5919316562699565,-44.674245152665506
HKG,"China, Hong Kong SAR",2007,0.555135428905487,56547.68735444882,57809.96619016847,6.971345,0.691756096966787,0.9265998041979132,0.9360100340274216,-0.07623351731202967,-0.36852184652411035,0.2835304283108055,-0.6520522748349158,-47.90245060164452
HKG,"China, Hong Kong SAR",2008,0.56892991065979,56482.96680710398,58010.220756110975,7.020689,0.690308106183979,0.9457389767917516,0.9543175464266448,-0.05578867105714492,-0.3706172503545789,0.28678689196401436,-0.6574041423185932,-48.180525009829054
HKG,"China, Hong Kong SAR",2009,0.565211296081543,54907.884416474735,56016.42080711822,7.064467,0.6866537141951791,0.948669624057037,0.9562221833520737,-0.052694671587489826,-0.37592516886708,0.22536900053316866,-0.6012941694002487,-45.189815973481764
HKG,"China, Hong Kong SAR",2010,0.566661238670349,57243.71470610144,58309.673522241486,7.101617,0.6805063277366977,0.9730270734757588,0.977949342259094,-0.02734337243939046,-0.38491815827595327,0.24745153480837545,-0.6323696930843288,-46.86687839111424
HKG,"China, Hong Kong SAR",2011,0.582118690013886,59281.23210653272,60463.12405763989,7.14297,0.6874222048288269,1.0028230127985271,1.0060885342076102,0.0028190355812953436,-0.37480661245671865,0.2858008272149268,-0.6606074396716455,-48.34625261778521
HKG,"China, Hong Kong SAR",2012,0.595786690711975,60123.95256754525,61283.23919905692,7.201061,0.6815818611451557,0.9998203723287415,1.0057362766574018,-0.00017964380624081592,-0.38333891599080705,0.20555622837063792,-0.588895144361445,-44.50599251793946
HKG,"China, Hong Kong SAR",2013,0.637554824352264,59751.93789245678,60380.94419516721,7.264335,0.7220669930024322,0.9769469636044772,0.9812325644869438,-0.023322913362193543,-0.32563735630184826,0.2430959555012666,-0.5687333118031148,-43.37577630181039
HKG,"China, Hong Kong SAR",2014,0.675852954387665,59703.93763864504,60179.04260140138,7.319501,0.7588808811451053,0.9576713257631746,0.9606792329442188,-0.04325064363248737,-0.27591045574097195,0.23692197660640138,-0.5128324323473733,-40.12028777724177
HKG,"China, Hong Kong SAR",2015,0.704772472381592,60621.5830535611,60670.415361134576,7.366409,0.7911691855041395,0.94594903321634,0.9481322229556792,-0.05556658747429138,-0.23424344596374458,0.07380284557769526,-0.3080462915414398,-26.511870156641425
HKG,"China, Hong Kong SAR",2016,0.731126487255096,60924.58112907515,60746.04127829201,7.40801,0.8144448672465833,0.9396566741272124,0.9413580751974864,-0.06224071072476733,-0.20524854230829204,0.044671231518785506,-0.24991977382707753,-22.113673421595937
HKG,"China, Hong Kong SAR",2017,0.74441796541214,63140.66586065531,63001.451263692106,7.444891,0.8184674616996489,0.9581228236487286,0.958751990010789,-0.04277930082767563,-0.20032163653518095,0.07440864502267161,-0.27473028155785256,-24.02229785340817
HKG,"China, Hong Kong SAR",2018,0.776979863643646,63763.00929945066,63454.84654126235,7.471194,0.83169610751012,0.9465056164237556,0.9463982844784116,-0.054978374463671195,-0.1842881602794187,0.08810648461589948,-0.27239464489531817,-23.844634148574052
HKG,"China, Hong Kong SAR",2019,0.782279491424561,63105.64981385455,62839.9806073168,7.485813,0.8255739573870962,0.9187985877592466,0.919066737739334,-0.084688345217519,-0.19167642861488574,-0.03730763726377845,-0.1543687913511073,-14.30440752050799
HKG,"China, Hong Kong SAR",2020,0.80335283279419,58453.09342764279,58300.54480934176,7.490235,0.8389630738636026,0.8749489684482396,0.8752319510508698,-0.1335897160987439,-0.1755885855650135,-0.07631730592294018,-0.09927127964207332,-9.450296820910776
HKG,"China, Hong Kong SAR",2021,0.8138867020607,61823.88680438677,61823.88680438677,7.484601,0.817516923594942,0.8701762317009859,0.8701762317009859,-0.13905952267351523,-0.2014836747798157,-0.038284206497263384,-0.16319946828255233,-15.057826118016271
HKG,"China, Hong Kong SAR",2022,0.826274573802948,59315.661576645325,59549.54951938242,7.465915,0.78054966342403,0.8148590293249083,0.8141292918534159,-0.20474015085582334,-0.24775691078315443,-0.21418179523494596,-0.03357511554820847,-3.3017726900241184
HKG,"China, Hong Kong SAR",2023,0.864149928092957,61070.115497880215,60954.20547073159,7.442734,0.7877866479513858,0.8180456477023571,0.8182709309921995,-0.20083713989926597,-0.23852797711474547,-0.16563948650781113,-0.07288849060693434,-7.029550497015435
HRV,Croatia,2017,0.478077113628387,30269.616668096685,29814.02603451657,4.0792,0.5256328834991055,0.4593238002400188,0.453707910174752,-0.777999870486458,-0.6431522500337851,-0.5981271707009168,-0.045025079332868256,-4.402649364532241
HRV,Croatia,2018,0.524600446224213,31215.98490931877,30918.08694098788,4.024868,0.5615437021452313,0.4633737548381984,0.4611282831056579,-0.7692213046727719,-0.5770656767633414,-0.5652402408652947,-0.011825435898046743,-1.1755790231402496
HRV,Croatia,2019,0.483716279268265,34251.82213156248,33832.22843344286,3.986334,0.5104870667142806,0.4986958520432082,0.4948135807215035,-0.6957588840038366,-0.6723899762443153,-0.5962784281082723,-0.07611154813604304,-7.328717229494752
HRV,Croatia,2020,0.497076451778412,30906.31352811537,30624.42035929568,3.953958,0.5191103720624677,0.462617896748889,0.4597464958264591,-0.7708538426246828,-0.6556387554923409,-0.6592484246257382,0.0036096691333973308,0.3616191834927118
HRV,Croatia,2021,0.531032145023346,34590.41551262418,34590.41551262418,3.92461,0.5334007355450457,0.4868629097841012,0.4868629097841012,-0.7197726949445752,-0.6284822882605849,-0.5694858936263455,-0.058996394634239446,-5.728983203406557
HRV,Croatia,2022,0.514254689216614,36149.741382642096,36327.82995868726,3.907027,0.4857965346008389,0.496613244974822,0.4966544787918336,-0.6999437349491608,-0.7219653958260065,-0.6671644240153446,-0.0548009718106619,-5.3326456073850785
HRV,Croatia,2023,0.573763608932495,38423.833900621226,38303.10181048726,3.896023,0.5230612136888332,0.5146944595435147,0.5141944601903812,-0.6641818368198446,-0.6480567783841662,-0.589479510256469,-0.058577268127697146,-5.689463440156772
HUN,Hungary,2015,0.413943558931351,31292.908674282928,30655.205102319687,9.839211,0.4646881102743758,0.4882996321757433,0.4790668991767573,-0.7168260611899582,-0.7663888290279183,-0.5310777819688283,-0.23531104705909,-20.96750168690359
HUN,Hungary,2016,0.420674264431,31968.45619585156,31303.27183072233,9.810532,0.4686138464697947,0.4930583463895102,0.4850947830979547,-0.7071277622677543,-0.7579762047538816,-0.5452328831883537,-0.2127433215655279,-19.16363999069177
HUN,Hungary,2017,0.446802079677582,33368.778897041004,32917.20993921275,9.785604,0.4912468277594192,0.5063517817360442,0.5009319611183455,-0.6805236304264964,-0.7108085733067031,-0.5089617347381834,-0.2018468385685197,-18.277991504457546
HUN,Hungary,2018,0.483264416456223,34786.897658310074,34498.32478105548,9.774394,0.5172967188363726,0.5163808040633451,0.5145257954243012,-0.660910793312216,-0.6591386448569387,-0.4661642613356183,-0.19297438352132046,-17.549690526546314
HUN,Hungary,2019,0.457202941179276,37555.93072138898,37153.21340718128,9.770346,0.4825063747881654,0.5468026430372103,0.5433846782361283,-0.6036673404987973,-0.7287611462941764,-0.5120385905842079,-0.21672255570996857,-19.484667648839782
HUN,Hungary,2020,0.450833141803741,36323.00368112809,36017.935409120735,9.749457,0.4708172337324052,0.5436970524252072,0.5407161799952461,-0.6093630761706754,-0.7532852990569527,-0.5115263275693693,-0.2417589714875834,-21.47545787198808
HUN,Hungary,2021,0.496738612651825,38009.94169666816,38009.94169666816,9.70785,0.4989542419328691,0.534993018757177,0.534993018757177,-0.6255015812232758,-0.6952408869686061,-0.4832523155925459,-0.2119885713760602,-19.102605702736007
HUN,Hungary,2022,0.465495765209198,37809.25938317109,38021.84237569528,9.684306,0.4397358630885351,0.5194111568772445,0.5198141020061241,-0.6550594996660428,-0.8215810434911409,-0.6261070093632072,-0.19547403412793374,-17.755530121924213
HUN,Hungary,2023,0.555215358734131,39646.20199860362,39536.257971563,9.686463,0.5061520369660168,0.5310683094092384,0.5307487870360774,-0.6328646230587424,-0.6809181865139484,-0.560832395673171,-0.12008579084077742,-11.315564966900693
ISL,Iceland,2005,1.26846539974213,51806.8916465095,51419.67040606029,0.296834,1.6752881722612345,0.8714381291077328,0.8444117502667613,-0.13761041010764813,0.5159851936203413,0.2402533703848885,0.27573182323545287,31.74944952357306
ISL,Iceland,2006,1.23355889320374,53156.26745686535,52238.96895793981,0.303874,1.578621405246226,0.8787368456641995,0.8499987425835769,-0.1292698053414815,0.45655193783929765,0.21204720552580858,0.24450473231348907,27.698870532091124
ISL,Iceland,2007,1.40310537815094,53471.68437210213,52272.79911563736,0.311651,1.7484142598076728,0.8761959080440521,0.8463569121972137,-0.13216557372959628,0.5587092398921301,0.2323671274726043,0.32634211241952576,38.58894177610603
ISL,Iceland,2008,1.14346385002136,53503.3063994816,52643.85241674382,0.317514,1.3874158310338849,0.8958481664397488,0.8660362159973514,-0.10998433746517752,0.3274429024804989,0.23721193688172448,0.09023096559877442,9.442702951047943
ISL,Iceland,2009,0.863734662532806,50806.90755429017,49837.397740041175,0.318612,1.049318402195745,0.8778150970713291,0.8507438460529433,-0.130319303116127,0.04814081262038422,0.15436262905802944,-0.10622181643764522,-10.077483697009338
ISL,Iceland,2010,0.907200574874878,48379.979566952585,47686.06210888144,0.318158,1.0894617270405298,0.8223615496398121,0.7997738669642652,-0.19557513921687228,0.08568374586446516,0.09356317372399547,-0.007879427859530316,-0.7848466540361421
ISL,Iceland,2011,0.957874536514282,49867.69923163876,49404.43203565397,0.319137,1.1311511503338454,0.8435802463574624,0.8220751637432144,-0.1701002465389871,0.12323583129370613,0.12762460737783216,-0.004388776084126023,-0.43791594798856526
ISL,Iceland,2012,0.930224061012268,50906.42456563376,50167.84440638042,0.320841,1.0641792719959513,0.8465391610100358,0.8233184423772654,-0.16659881621080747,0.062203865444822114,0.0533259202372659,0.008877945207556213,0.8917471045930991
ISL,Iceland,2013,1.01289618015289,50861.16961846026,50006.66650103432,0.323885,1.1471623632833543,0.8315824888149752,0.8126432977538729,-0.1844247804410351,0.13729138286632056,0.09572960033965047,0.04156178252667009,4.243756428859791
ISL,Iceland,2014,1.0987651348114,51705.52433956618,50974.46811109211,0.327512,1.2337474420492287,0.8293740748432854,0.8137403123718546,-0.1870839893829062,0.2100562384497099,0.10535183221095157,0.10470440623875832,11.038233974850108
ISL,Iceland,2015,1.01013791561127,55495.579561008846,54566.91982523145,0.330952,1.1339687959723606,0.8659620417225812,0.852749312589732,-0.14391420310946124,0.12572368814774332,-0.007012270593508396,0.13273595874125171,14.194843701759607
ISL,Iceland,2016,1.16120362281799,58130.06222174543,57084.49482267697,0.335574,1.2935331258246077,0.8965560357053604,0.8846164958094037,-0.1091944829205766,0.25737733176682875,0.0017207282437430166,0.2556566035230857,29.13092207576453
ISL,Iceland,2017,1.3041045665741,60309.32024693551,59567.13718157896,0.343531,1.4338277741643255,0.9151588032798356,0.9064888215519123,-0.08865767326854061,0.36034763326612435,0.032441853141552804,0.32790578012457156,38.80581834589225
ISL,Iceland,2018,1.35738444328308,61515.55534477432,61011.44612927726,0.352854,1.4529737650847303,0.9131441453431668,0.909956151461939,-0.09086152985983054,0.37361232873672306,0.055282719638414746,0.3183296090983083,37.48293428135654
ISL,Iceland,2019,1.18694889545441,64211.15300977266,63558.29918387857,0.3607,1.2526393796315416,0.934894369645164,0.9295725129550142,-0.06732172971698835,0.22525282892854312,-0.02142169581436027,0.24667452474290338,27.97625139523914
ISL,Iceland,2020,1.07921016216278,59262.75234306383,58794.377183836405,0.366614,1.1270483379559837,0.887068262591662,0.8826455674078781,-0.11983334068035012,0.11960212495949019,-0.06373379623182382,0.183335921191314,20.12178548467056
ISL,Iceland,2021,1.21398770809174,62877.984123251685,62877.984123251685,0.372644,1.2194025211229167,0.8850127371390571,0.8850127371390571,-0.12215324183025274,0.19836100200044407,-0.022819351667300536,0.2211803536677446,24.75484102069729
ISL,Iceland,2022,1.22220933437347,68281.56960189927,68663.49489852927,0.380356,1.1545739332001166,0.9380297217909171,0.9387302327068888,-0.06397364413365263,0.14373138691324275,-0.0854170118055434,0.22914839871878614,25.752864080289516
ISL,Iceland,2023,1.3027845621109,68678.59637299449,68446.85182604926,0.387558,1.1876599763805784,0.9199626756098924,0.9188548802277452,-0.0834221797512827,0.17198496480521155,-0.05823530161412027,0.23022026641933183,25.887726778121213
ISR,Israel,2005,0.643515288829804,35944.45346946868,35866.97646445427,6.728206,0.8499037910415274,0.604617769716052,0.5890060386220797,-0.5031588062052157,-0.16263212291387574,-0.09412844495254691,-0.06850367796132883,-6.620997434639664
ISR,Israel,2006,0.679294407367706,36257.41467164385,35985.681576298884,6.844032,0.8693129268839833,0.5993785441453948,0.5855357542660306,-0.5118619202934789,-0.14005211855561378,-0.13792518471630777,-0.002126933839306011,-0.21246735183293453
ISR,Israel,2007,0.760280132293701,36597.42459735826,36229.32751450458,6.962455,0.9473875914455886,0.5996914825800057,0.5865946014929371,-0.5113399517099249,-0.05404698606022105,-0.11447892134623455,0.060431935286013504,6.229529028446312
ISR,Israel,2008,0.91758793592453,35876.72182045627,35747.74633186589,7.08262,1.113350482084429,0.6007123227254622,0.5880808782496246,-0.5096391233935924,0.1073739212717198,-0.12836836453305378,0.23574228580477358,26.584804111740734
ISR,Israel,2009,0.839241325855255,36840.94775451229,36572.61157775306,7.206096,1.0195623787063506,0.6365185697391693,0.6243087649991801,-0.45174168664329223,0.019373494748007463,-0.13965534842808242,0.15902884317608987,17.237176111820606
ISR,Israel,2010,0.881186187267304,38333.24700973935,38142.92904132424,7.336735,1.0582209182979223,0.6515874685318847,0.6397197945821119,-0.4283436342809789,0.056589119103818086,-0.11935952752107987,0.17594864662489795,19.237682450406112
ISR,Israel,2011,0.923923313617706,39762.96987708377,39700.78378155174,7.471023,1.09105825364358,0.6726449473637042,0.6606093215361681,-0.3965376556171836,0.0871481001492076,-0.07950679496502899,0.1666548951142366,18.1346506501457
ISR,Israel,2012,0.871260344982147,41020.0602212472,40915.91108049917,7.60778,0.9967245941081014,0.682135656954352,0.6714823923142078,-0.38252673042849145,-0.0032807817757878033,-0.14419202460652394,0.14091124283073614,15.132245532760091
ISR,Israel,2013,0.996554255485535,42045.24404471635,41637.542021109046,7.749379,1.1286542068806205,0.6874416956555377,0.6766391728530765,-0.3747782593568878,0.1210259555967433,-0.07839438027464335,0.19942033587138663,22.06949599571082
ISR,Israel,2014,1.04471743106842,41752.132312057256,41331.15920254562,7.897179,1.173060026578058,0.6697183047914425,0.6597975740888953,-0.40089809561684747,0.1596157419153484,-0.09023252748125687,0.2498482693966053,28.383060551627537
ISR,Israel,2015,0.959567964076996,42447.00718672062,41811.146048110815,8.052908,1.0771995705354558,0.6623499979492323,0.6534073421279859,-0.4119611649480659,0.07436468326924123,-0.2522056038214129,0.3265702870906541,38.62056787031742
ISR,Israel,2016,0.937544584274292,44832.02202678317,44076.00086723455,8.210005,1.0443861462929194,0.6914566818741867,0.683028860246237,-0.368954773550027,0.0434292930027712,-0.2358924536509796,0.2793217466537508,32.22326993840197
ISR,Israel,2017,1.00339531898499,45284.9616236797,44764.19288222377,8.361797,1.103206072352484,0.687172913181787,0.681218577448746,-0.37516932529704033,0.09822055178971419,-0.22964187460388769,0.32786242639360186,38.79980072623073
ISR,Israel,2018,1.04623687267303,44277.328398237056,43934.6423477042,8.510067,1.1199146531998236,0.6572578752102826,0.6552638988733838,-0.4196788333818805,0.11325247990328768,-0.24549968849097822,0.35875216839426594,43.15419762583594
ISR,Israel,2019,1.06770062446594,45161.84512942228,44723.97924614039,8.657474,1.1267914338899985,0.6575423856328795,0.6541109864646572,-0.41924605216710464,0.11937415483463307,-0.3433410232099535,0.4627151780445866,58.83808722364468
ISR,Israel,2020,1.09611296653748,43790.06433929641,43468.32382502747,8.800376,1.1447003933620623,0.6554669629140706,0.6525644999494705,-0.4224073768744757,0.1351429375799233,-0.3405104325860487,0.475653370165972,60.90651692883022
ISR,Israel,2021,1.18148279190063,47382.17472271933,47382.17472271933,8.942924,1.1867526215496886,0.6669079603563204,0.6669079603563204,-0.4051032330583585,0.17122068746280888,-0.2816450850766531,0.452865772539462,57.28130576422175
ISR,Israel,2022,1.18715381622314,49607.20469208958,49860.279836069945,9.103151,1.121458339714699,0.6814874451106867,0.681662827715271,-0.3834774504500406,0.11462992735521381,-0.37767998957765425,0.4923099169328681,63.60910929747317
ISR,Israel,2023,1.14407098293304,49405.14793469625,49256.38123879549,9.256314,1.0429716133313327,0.6617912200194254,0.6612351784804937,-0.4128051504012683,0.042073959283289976,-0.3595351482089396,0.4016091074922296,49.422713631199876
ITA,Italy,2005,0.869861423969269,39215.28176848091,39693.27897875336,58.519693,1.148843756698672,0.6596360192758263,0.6518414239451371,-0.41606708203168996,0.13875600763474022,-0.01446214319632777,0.153218150831068,16.55792232861577
ITA,Italy,2006,0.881721198558807,40838.5695765288,41038.4225816629,58.754433,1.1283644138702649,0.6751105284101733,0.6677506904876446,-0.39287885572163694,0.12076916284431873,-0.029086591658099736,0.14985575450241845,16.166666545625752
ITA,Italy,2007,0.952774465084076,42911.09670451332,42957.51963500479,59.10872,1.1872554172153005,0.703148363169826,0.695531792615589,-0.35218736652206917,0.17164427126279566,0.031104347295865642,0.14053992396693002,15.089502694263635
ITA,Italy,2008,1.00054693222046,43537.57862185361,43838.32985648962,59.561684,1.214008342659125,0.7289841059241877,0.7211778690512912,-0.31610334978428917,0.19392756465580704,0.04866658898631793,0.14526097566948912,15.634130784019806
ITA,Italy,2009,0.941898822784424,42407.11932306368,42466.96089293522,59.90401,1.1442770686728876,0.7326879622679815,0.7249276101590811,-0.31103536722921904,0.13477305652952212,-0.010945620749318541,0.14571867727884066,15.687068825764916
ITA,Italy,2010,0.8875812292099,42413.20749928201,42504.80680267521,60.164213,1.065900756287706,0.7209385236724988,0.7128756747312376,-0.32720141069656516,0.06382022224240125,-0.026840669032109243,0.09066089127451049,9.489765294998676
ITA,Italy,2011,0.923445224761963,43677.8796936384,43892.19896408488,60.36788,1.0904936799561915,0.7388709942518087,0.7303532327708946,-0.30263194126754733,0.08663051109593127,0.006392537572075252,0.08023797352385602,8.354489199226478
ITA,Italy,2012,0.875003516674042,42467.10164118641,42611.35707573155,60.531515,1.0010067943789716,0.706198969984768,0.699306827915271,-0.3478582540208206,0.0010062879014281127,-0.11247937533781835,0.11348566323924646,12.01758290843944
ITA,Italy,2013,0.933977425098419,41077.57810268588,40955.10446258761,60.653868,1.057782397863797,0.6716203124971937,0.6655490853333157,-0.39806210930283586,0.0561746391858956,-0.09969305398265904,0.15586769316855464,16.86715696281853
ITA,Italy,2014,0.954716920852661,40682.09388371927,40555.23976417645,60.664171,1.0720030347388718,0.6525545269768835,0.647411041192115,-0.4268605770286556,0.06952889355772991,-0.1139814530895304,0.1835103466472603,20.142739609286053
ITA,Italy,2015,0.79557192325592,41789.06800915409,41452.84194637961,60.575316,0.893099567872379,0.6520834081047486,0.6478079134369773,-0.4275827986963608,-0.11305720614374169,-0.2664953403024264,0.15343813415868468,16.58356594871073
ITA,Italy,2016,0.778889238834381,44117.69617722988,43656.84759279916,60.478107,0.867650610093306,0.6804394366244856,0.6765334029072544,-0.385016459198764,-0.14196616828986844,-0.25058472329828074,0.1086185550084123,11.473705836600656
ITA,Italy,2017,0.79719740152359,45055.02438321322,44741.66289371088,60.390318,0.8764970272276127,0.6836837495010627,0.6808757175480868,-0.3802598228090102,-0.13182196626651654,-0.23429835734925003,0.10247639108273349,10.791114501847666
ITA,Italy,2018,0.84914356470108,45231.048819726246,44957.74617324452,60.277499,0.9089416991674588,0.6714150134218463,0.6705229966115689,-0.3983678333191509,-0.09547432419107295,-0.2260056598925604,0.13053133570148745,13.94336442866888
ITA,Italy,2019,0.769522905349731,47472.30240756482,47151.85161064661,60.130136,0.8121113709790487,0.6911819233049784,0.6896198569660336,-0.36935221446017635,-0.20811779184739634,-0.29770112380210306,0.08958333195470672,9.371847121305343
ITA,Italy,2020,0.78509509563446,43933.91081624019,43714.863187178016,59.912769,0.8198960255331151,0.6576201137438494,0.656265651073384,-0.4191278491144822,-0.1985777448937482,-0.3375105166856012,0.13893277179185304,14.904684904617426
ITA,Italy,2021,0.832348823547363,48211.381841590446,48211.381841590446,59.72935,0.8360613926501534,0.6785791179508265,0.6785791179508265,-0.38775419935595945,-0.17905323240934595,-0.2657752264048887,0.08672199399554276,9.059344604341767
ITA,Italy,2022,0.782797634601593,49345.9983429811,49626.63820152312,59.619115,0.7394786788672454,0.6778990782876513,0.6784686054244848,-0.3887568542044225,-0.301809829069449,-0.3825092724582124,0.08069944338876345,8.404503069778846
ITA,Italy,2023,0.837074637413025,50967.52318042319,50818.92937738436,59.499453,0.7631039490427323,0.6827195293803138,0.6822113803718823,-0.38167114887313686,-0.27036101969963544,-0.33105562522146526,0.060694605521829814,6.257436028895613
JPN,Japan,2005,0.911547780036926,43348.42975317741,43452.99665015366,127.91333,1.2038997789433572,0.7291592551357406,0.7135833556678621,-0.31586311385540494,0.18556610334171345,0.0771984553468476,0.10836764799486584,11.445739810562984
JPN,Japan,2006,0.856710970401764,43899.99888044467,43713.48315014932,127.997247,1.0963580931860046,0.7257196260472483,0.7112775472557998,-0.32059152876547486,0.09199386252155664,0.037037532730181344,0.0549563297913753,5.649447633387372
JPN,Japan,2007,0.835334837436676,44671.48917567264,44330.82019549702,128.087682,1.0409135081593943,0.7319944468100509,0.7177671127354409,-0.3119823513746689,0.04009870083945356,0.06788149115472836,-0.027782790315274794,-2.7400398087844335
JPN,Japan,2008,0.943728625774384,43787.62163204388,43713.60636361984,128.15599,1.14506815023035,0.7331707737636953,0.7191260613500645,-0.3103766250171554,0.13546415508680085,0.05390505438245918,0.08155910070434166,8.497733861408886
JPN,Japan,2009,1.02270078659058,41912.5475934741,41639.60254451764,128.19247,1.2424403023987698,0.7241430113603808,0.7108042799830501,-0.3227663765995159,0.21707743147524444,-0.021676446683330686,0.23875387815857513,26.966600558977195
JPN,Japan,2010,1.07023143768311,43441.54584058114,43219.32842910389,128.185275,1.2852463090558806,0.738418190250995,0.7248593802193037,-0.3032449614124774,0.2509503801780098,-0.004926741666621937,0.25587712184463174,29.159400949901702
JPN,Japan,2011,1.16691100597382,43149.58202739012,43056.13680168703,128.096432,1.378001686471212,0.7299341176300566,0.7164414052134661,-0.3148009987343008,0.32063439644500813,-0.004738988568153024,0.32537338501316115,38.454751877198824
JPN,Japan,2012,1.16581499576569,43607.86201425275,43481.87345746095,127.928285,1.333696047515517,0.7251690378567318,0.713593114279574,-0.32135049563956236,0.28795407109343407,-0.08823166296190235,0.3761857340553364,45.67176707268097
JPN,Japan,2013,0.941954493522644,43945.24600358845,43518.770545579086,127.723645,1.066816880217384,0.7185068160521932,0.7072104518228988,-0.3305800870053494,0.06467933642643058,-0.037964534970221286,0.10264387139665186,10.809671386396836
JPN,Japan,2014,0.904072999954224,43188.94130093118,42776.82349451537,127.486605,1.0151375537691694,0.692765206280109,0.6828757023386791,-0.3670641448771324,0.015024124266462291,-0.05928325239439908,0.07430737666086137,7.713784165027349
JPN,Japan,2015,0.796601116657257,44526.243748697314,43891.77942540437,127.275872,0.8942549281297262,0.6947947431465351,0.6859226222266424,-0.3641388106390094,-0.11176438994991852,-0.20846057356472356,0.09669618361480503,10.152566123343586
JPN,Japan,2016,0.923292458057404,43896.15170581498,43187.11950431626,127.159951,1.028509863259769,0.6770224949348915,0.6692542070957164,-0.3900507792439005,0.02811102001119093,-0.25518981825603043,0.28330083826722136,32.75044658944206
JPN,Japan,2017,0.905785381793976,43816.61813364516,43338.91657863408,127.06469,0.995886580828444,0.6648916560619633,0.6595288153087849,-0.4081311748148044,-0.004121902551988344,-0.25979340363887626,0.2556715010868879,29.132845826244534
JPN,Japan,2018,0.931203246116638,43518.40788609357,43185.66138846517,126.913432,0.9967801629556808,0.6459923697855066,0.6440932108398089,-0.4369675867468353,-0.0032250318736148672,-0.26131440631442004,0.25808937444080515,29.445450460197243
JPN,Japan,2019,0.957270443439484,43533.1418712685,43120.19997817828,126.699424,1.0102496063662272,0.6338289739512833,0.6306548974332056,-0.45597611811055433,0.0101974353364069,-0.37693949131636617,0.38713692665277305,47.275813730954795
JPN,Japan,2020,0.970232009887695,42243.8209526636,41937.66015209762,126.304543,1.0132395084051151,0.6323221817438665,0.6295855422528964,-0.4583562334892978,0.01315263207357687,-0.3733942971098613,0.38654692918343814,47.18894700165437
JPN,Japan,2021,0.960648238658905,42469.24422851432,42469.24422851432,125.679338,0.964933068370438,0.5977580643366345,0.5977580643366345,-0.514569181581827,-0.03569653925023041,-0.3817779894353469,0.3460814501851165,41.351774241085714
JPN,Japan,2022,0.820679187774658,41946.75276028148,42160.91690992605,124.997578,0.7752639184433902,0.5762506786408842,0.5764012944648178,-0.5512125069871406,-0.25455176767239546,-0.5311139898341694,0.2765622221617739,31.858899562308764
JPN,Japan,2023,0.790653467178345,43363.66836541013,43230.26904346077,124.370947,0.7207849290390351,0.5808644684152178,0.5803385053426953,-0.5432378222940252,-0.32741448156498426,-0.4788471574323946,0.15143267586741033,16.34999675467288
KOR,Republic of Korea,2005,0.599833250045776,35793.95046489939,37018.670664690224,47.851644,0.792212029855124,0.6020861749309054,0.6079191142546825,-0.5073546961922175,-0.23292620853329335,-0.09796659422577025,-0.1349596143075231,-12.624880197731725
KOR,Republic of Korea,2006,0.657958984375,37112.84840529363,38002.17035111774,48.006518,0.8420093618804556,0.6135198895924231,0.6183467564205708,-0.4885425954831334,-0.17196414617875286,-0.11659406072350714,-0.055370085455245716,-5.3865067624536795
KOR,Republic of Korea,2007,0.693187832832336,39242.74293985498,39935.82729819376,48.178118,0.8637836548288493,0.6430381086380167,0.6466071082852962,-0.44155128956758105,-0.14643294103691806,-0.05064042612575681,-0.09579251491116125,-9.134747163814438
KOR,Republic of Korea,2008,0.612913310527802,39390.67190004866,40287.87561165778,48.356493,0.7436751324161013,0.6595491675413586,0.6627698723316605,-0.4161987568495412,-0.2961509894867656,-0.04289470434373166,-0.25325628514303394,-22.373108986058433
KOR,Republic of Korea,2009,0.542940557003021,39336.07251098309,39888.53297033431,48.546687,0.6595978400253666,0.6796280264201544,0.6809128383789448,-0.38620965045235395,-0.4161249629755441,-0.07971056010944949,-0.3364144028660946,-28.567297469462705
KOR,Republic of Korea,2010,0.609160661697388,41469.40899252013,41921.91672832427,48.769332,0.7315440983153263,0.7048958628546218,0.7030996473521198,-0.34970519934334693,-0.3125977755607125,-0.047425789306231314,-0.2651719862544812,-23.292598755585015
KOR,Republic of Korea,2011,0.656758785247803,41057.48570107465,41517.67722705525,49.127643,0.7755644681069718,0.6945434506943534,0.6908418920804131,-0.36450055475003434,-0.2541641687994952,-0.05020117070167801,-0.2039629980978172,-18.45074545955666
KOR,Republic of Korea,2012,0.66675591468811,41278.37960076234,41918.02968730844,49.599579,0.7627708781469907,0.686431332258074,0.6879284393827668,-0.3762490846210589,-0.27079758355808103,-0.13844960958420646,-0.13234797397387457,-12.39638957290441
KOR,Republic of Korea,2013,0.754757404327393,40196.7562607492,40351.206434905325,50.071164,0.8548055611416476,0.6572188344145025,0.6557353201083803,-0.41973823465617577,-0.15688124977724988,-0.11952107736481343,-0.03736017241243644,-3.6670891710884446
KOR,Republic of Korea,2014,0.793164491653442,41270.17133046569,41292.94579621748,50.539056,0.8906040351104504,0.6619874878560422,0.6591875473371794,-0.4125086237433196,-0.11585535532728901,-0.10085314437741166,-0.015002210949877345,-1.489023842765158
KOR,Republic of Korea,2015,0.725277483463287,44030.08541204136,43710.7984181363,50.983912,0.8141878667835557,0.6870526078336506,0.683094325704978,-0.37534441351451836,-0.20556414503417464,-0.21871078905318922,0.01314664401901458,1.323344108981983
KOR,Republic of Korea,2016,0.714398860931397,45671.81182817467,45164.07114147635,51.297839,0.7958109788045112,0.7044089923721395,0.6998902674669556,-0.3503961364391012,-0.2283935851501777,-0.2189161221074985,-0.009477463042679213,-0.9432693435547979
KOR,Republic of Korea,2017,0.757535219192505,46781.56428888712,46376.66993549931,51.48627,0.8328895282065226,0.7098829868232855,0.705757148428707,-0.342655129820137,-0.1828542648098508,-0.19989983271868328,0.017045567908832465,1.719167256659171
KOR,Republic of Korea,2018,0.779030978679657,48442.383665937305,48154.404530641936,51.640894,0.8338916655565101,0.7190844459274773,0.7181996068376647,-0.32977647902351725,-0.1816517824750466,-0.16326239029904413,-0.018389392176002467,-1.8221339012232662
KOR,Republic of Korea,2019,0.740011692047119,49199.801552492645,48840.80940899106,51.767846,0.7809668894726183,0.7163337722978482,0.7143217254087348,-0.33360905821427833,-0.24722252508260814,-0.26500542167624025,0.017782896593632108,1.7941953732635962
KOR,Republic of Korea,2020,0.722757697105408,49920.05936463778,49587.91022845597,51.858482,0.7547953955836441,0.7472231473947858,0.7444342683197804,-0.2913914136999274,-0.28130856568699986,-0.22066486337502955,-0.060643702311970304,-5.884148735388606
KOR,Republic of Korea,2021,0.764079809188843,51902.91128962001,51902.91128962001,51.848397,0.7674878744271296,0.7305376949724132,0.7305376949724132,-0.3139744475177537,-0.26463259843760056,-0.1982859209717992,-0.06634667746580136,-6.419361493600428
KOR,Republic of Korea,2022,0.705641984939575,51544.35149843639,51873.95601820167,51.782512,0.6665927178509587,0.7080993301393975,0.7091927213485956,-0.3451708983220353,-0.405576037484162,-0.3426394461732135,-0.06293659131094848,-6.099698724847968
KOR,Republic of Korea,2023,0.720638930797577,52388.78864275321,52210.22390516607,51.748739,0.6569574436338147,0.7017576467346047,0.7008886128899724,-0.3541671671345975,-0.4201360363643651,-0.305896627285975,-0.11423940907839009,-10.795563320389235
LTU,Lithuania,2012,0.466261714696884,30340.19231567208,29940.83399117032,2.988329,0.5334048783534638,0.5045367292428391,0.4913673508752849,-0.684114638582131,-0.6284745215065219,-0.42006660999334455,-0.2084079115131774,-18.812420432630994
LTU,Lithuania,2013,0.498687714338303,31149.11798682378,30647.874265640425,2.95836,0.564792116043276,0.5092895278301389,0.4980493873124086,-0.674738607191571,-0.5712975517474214,-0.3527801707991866,-0.21851738094823475,-19.629048991013455
LTU,Lithuania,2014,0.507163345813751,32058.4555461876,31624.19012480703,2.933168,0.5694679060837194,0.5142284552596226,0.5048385849673569,-0.6650876467868506,-0.5630528522329751,-0.33189733207755245,-0.23115552015542262,-20.63839668514804
LTU,Lithuania,2015,0.424263387918472,33257.57227703282,32731.09445140761,2.905764,0.4762730274132249,0.5189565622987091,0.5115080415596657,-0.6559350943117231,-0.7417640021862918,-0.475378366351747,-0.2663856358345448,-23.385638190837142
LTU,Lithuania,2016,0.428571105003357,34697.372399454885,34129.7366604975,2.86911,0.4774106024124866,0.5351471761578617,0.5288954232019112,-0.6252134742958217,-0.7393783566677808,-0.470302590492397,-0.26907576617538387,-23.5914638370495
LTU,Lithuania,2017,0.449526309967041,37216.25344650804,36842.051520104,2.829313,0.4942420454377894,0.5647349667880891,0.5606599451675823,-0.5713987432214538,-0.704729911268735,-0.4091408128803407,-0.29558909838839426,-25.590688572776898
LTU,Lithuania,2018,0.493171364068985,39195.10307038985,38898.71358936627,2.802478,0.5279013305546241,0.581816724148112,0.5801554619701859,-0.5415997878063152,-0.6388458866885633,-0.3570256875196647,-0.28182019916889867,-24.559068423861575
LTU,Lithuania,2019,0.457183659076691,43090.80974348296,42697.85893083435,2.795058,0.4824860255371466,0.6273887560701791,0.6244779444035511,-0.4661889048554222,-0.7288033212398339,-0.386281537972458,-0.3425217832673759,-29.002234641595503
LTU,Lithuania,2020,0.479265838861465,42836.0981922658,42574.44406986997,2.795765,0.5005102676622325,0.6411876211832145,0.6391452064476709,-0.4444331641361308,-0.6921271656276322,-0.36065830577442565,-0.33146885985320657,-28.213148960053047
LTU,Lithuania,2021,0.52306854724884,45894.9233276364,45894.9233276364,2.794488,0.5254016173178062,0.645974776089532,0.645974776089532,-0.4369948222628959,-0.6435923234754312,-0.3108176039716962,-0.33277471950373494,-28.306831330937744
LTU,Lithuania,2022,0.546269953250885,43592.97616030138,43788.904428916845,2.816919,0.5160401174952839,0.5988659536987002,0.5986582609184563,-0.5127174893845697,-0.6615707694388387,-0.4959010494826036,-0.16566971995623514,-15.267395713823472
LTU,Lithuania,2023,0.618329703807831,45135.17499305385,45015.96048788076,2.854099,0.5636890878027656,0.604594131848884,0.6043102623265831,-0.5031979025242982,-0.5732524422463122,-0.4422210329533993,-0.1310314092929129,-12.280977796627834
LVA,Latvia,2017,0.502338826656342,30644.83703877393,30241.2630193185,1.942594,0.5523079821682809,0.4650175507911644,0.4602095748375329,-0.7656801304701412,-0.5936494495843199,-0.5868578091741827,-0.006791640410137134,-0.6768629344172439
LVA,Latvia,2018,0.549687385559082,32125.043140053785,31836.204592215763,1.927588,0.5883973064282407,0.4768679222324332,0.4748215629326984,-0.7405157190301078,-0.5303528680555422,-0.5389820875263963,0.008629219470854155,0.8666558510169731
LVA,Latvia,2019,0.513387203216553,34397.421324812734,34011.51889134356,1.914263,0.5418000978902766,0.5008157309055894,0.4974357950293068,-0.6915170481368863,-0.6128581686551221,-0.5923982502913363,-0.0204599183637858,-2.025203441093426
LVA,Latvia,2020,0.517998039722443,34447.596072163666,34164.10409137126,1.901123,0.5409593517574564,0.5156252112845051,0.5128856956239732,-0.6623751121293868,-0.6144111383420895,-0.5600185682900101,-0.054392570052079425,-5.293975397417395
LVA,Latvia,2021,0.566854953765869,35875.673265142366,35875.673265142366,1.885587,0.5693833266398113,0.5049530171141274,0.5049530171141274,-0.6832898894524095,-0.5632013868995468,-0.5361136045962034,-0.02708778230334341,-2.672419861730835
LVA,Latvia,2022,0.563915848731995,35676.93506278099,35845.79320974364,1.881063,0.5327095131360128,0.4901179874219265,0.4900643325987536,-0.7131091262058893,-0.6297790068818429,-0.6792073367323722,0.04942832985052936,5.0670287819745585
LVA,Latvia,2023,0.610461294651032,37523.01006934779,37408.25854389831,1.882396,0.556515994948353,0.5026277554197051,0.5021817659523202,-0.687905431721123,-0.5860593666340242,-0.6111804363557375,0.02512106972171324,2.5439262655513994
MYS,Malaysia,2018,0.34301695227623,31109.548148494086,30964.567981244672,32.910967,0.3671727896271049,0.4617937950304454,0.4618215252953021,-0.772636818638705,-1.0019227253042133,-0.5683645488158464,-0.4335581764883669,-35.18014183985535
MYS,Malaysia,2019,0.354571908712387,30528.07432020649,30387.25371401873,33.440596,0.3741953318000417,0.4444792448085526,0.4444290699947933,-0.8108519184624345,-0.9829773403668318,-0.7015586542173428,-0.28141868614948906,-24.52877182580511
MYS,Malaysia,2022,0.347547888755798,32265.99561505006,32405.487796354417,34.695493,0.3283150615944833,0.4432596243254854,0.4430303343138394,-0.813599621177284,-1.1137815779927154,-0.7711300328552783,-0.3426515451374371,-29.01144684668917
MYS,Malaysia,2023,0.342239916324616,32524.068576768324,32457.320153692257,35.126298,0.3119968279943311,0.4356659968282169,0.4357186083317325,-0.8308793915293868,-1.164762257909172,-0.7419644658769845,-0.4227977920321876,-34.478889137568416
NLD,Netherlands,2005,0.876485347747803,48934.69519383008,48653.70973981686,16.46571,1.1575921081810174,0.823125222781853,0.7989892559390582,-0.19464693583089643,0.14634207891471246,0.18807976706591883,-0.041737688151206376,-4.087866353101743
NLD,Netherlands,2006,0.888829350471497,51783.52591620199,51257.56099909227,16.493852,1.137460923832567,0.8560437818155462,0.8340299065283787,-0.1554337571675789,0.12879851857823543,0.1881139868291615,-0.05931546825092607,-5.759057799424349
NLD,Netherlands,2007,0.964194595813751,55438.140226479896,54763.02550359296,16.531357,1.2014860799492322,0.908418580533008,0.8866765497915132,-0.09605001482846791,0.18355919056691736,0.2654034812802192,-0.08184429071330182,-7.8584579535232795
NLD,Netherlands,2008,1.03067207336426,57541.52658830754,57184.87882154992,16.597258,1.2505605237659063,0.963463280257738,0.9407399685500712,-0.03722090263989959,0.2235918698171752,0.3037715762805239,-0.08017970646334874,-7.704952868237536
NLD,Netherlands,2009,0.981592416763306,55134.01566756473,54640.894201982126,16.68415,1.192499306841713,0.9525766011922684,0.9327414069177647,-0.04858475401566039,0.1760513625153793,0.22912850738158264,-0.053077144866203324,-5.169314734488584
NLD,Netherlands,2010,0.975459814071655,54807.10722853743,54457.71808098808,16.771235,1.171434590243411,0.931609687212904,0.9133456999706796,-0.07084134255789111,0.15822914321436243,0.20766219263920443,-0.049433049424842,-4.823112252282025
NLD,Netherlands,2011,1.00550103187561,56264.11150350984,56087.65002100461,16.851057,1.1873931350204612,0.9517842967397478,0.9332819379790516,-0.049416848918570545,0.17176026131545877,0.23801856344003725,-0.06625830212457848,-6.411090907288008
NLD,Netherlands,2012,0.954294919967651,56318.94467187311,56085.297484616494,16.915194,1.091716410877934,0.9365456831490704,0.9204314100333814,-0.06555697756261952,0.08775114659737959,0.14575295258894239,-0.058001805991562794,-5.635175678550586
NLD,Netherlands,2013,1.01725709438324,55740.57292649883,55188.96744239118,16.967063,1.1521013459477072,0.9113609598424682,0.8968593117697268,-0.09281623644125708,0.14158753231716203,0.1795276187965257,-0.03794008647936367,-3.7229377859223423
NLD,Netherlands,2014,1.05725407600403,54257.07845684189,53759.17295558467,17.030089,1.1871367870532104,0.8703018647159966,0.858194461164193,-0.13891515657607625,0.17154434660672951,0.1494138002802471,0.022130546326482425,2.237724335236413
NLD,Netherlands,2015,0.882272303104401,57098.857262805,56326.572344313725,17.107433,0.9904283819161862,0.8909798475204174,0.8802484362501873,-0.11543346958931727,-0.009617720438797162,0.019040201468400506,-0.028657921907197667,-2.825117839910729
NLD,Netherlands,2016,0.884577333927155,57295.9911286996,56410.80750467329,17.204693,0.9853828056543532,0.8836919264287343,0.8741766221383678,-0.1236467765995684,-0.014725078127055634,-0.011499365860790187,-0.0032257122662654476,-0.32205152459855446
NLD,Netherlands,2017,0.901580035686493,59270.55341583806,58657.00891751085,17.31537,0.9912629162823384,0.8993961217218018,0.8926385487909222,-0.10603171672754015,-0.008775475820531866,0.016549117039870803,-0.02532459286040267,-2.500661523176817
NLD,Netherlands,2018,0.954039037227631,60555.9623058696,60142.96882892647,17.42128,1.021224089327031,0.8988998333073439,0.8970032334113694,-0.10658367084351272,0.02100199534221392,0.040901045148146825,-0.019899049805932906,-1.970237045220824
NLD,Netherlands,2019,0.895470678806305,63473.31750174069,62927.03119092126,17.537507,0.945029596365844,0.924151714672462,0.920339896882899,-0.07887902745024326,-0.056539033073165906,-0.03199362072963066,-0.024545412343535244,-2.4246623335293482
NLD,Netherlands,2020,0.907415449619293,62605.84798849628,62184.46179170051,17.636731,0.947638476901915,0.9371090374227792,0.933538923126451,-0.0649556348664442,-0.053782202939837875,-0.013534952282554205,-0.04024725065728367,-3.944808730252236
NLD,Netherlands,2021,0.958859205245972,66516.02425055401,66516.02425055401,17.730564,0.9631360552379632,0.9362184476238966,0.9362184476238966,-0.06590644552083923,-0.03756059446569081,0.028631854404567114,-0.06619244887025792,-6.404927570120266
NLD,Netherlands,2022,0.908885359764099,68609.6886350025,68948.36895312057,17.904421,0.8585888809209353,0.942537313035972,0.9426248769855388,-0.059179771015524955,-0.1524650735190268,-0.0810318633194616,-0.0714332101995652,-6.894153927297575
NLD,Netherlands,2023,0.998109757900238,68498.18880991949,68320.20783833145,18.092524,0.9099087032258774,0.917546082476198,0.9171547662990324,-0.0860524741826058,-0.09441101062965318,-0.06064133768542346,-0.03376967294422972,-3.3205842153093967
NOR,Norway,2005,1.18728578090668,60777.97718598939,61634.00684255928,4.623124,1.5680725909049336,1.022339790066898,1.0121511706100916,0.022093912127365167,0.4498472160766086,0.3863413350874475,0.0635058809891611,6.556575236368012
NOR,Norway,2006,1.21024024486542,66274.97535668965,66781.07111606623,4.660494,1.5487798487456872,1.095604819105641,1.0866184308259244,0.09130655699663842,0.43746742657335813,0.41381727276325925,0.023650153810098884,2.393203650089859
NOR,Norway,2007,1.3195219039917,69455.0645995655,69704.7787114489,4.70901,1.6442606157692847,1.1381022331667043,1.1286007689219697,0.12936216749225782,0.4972908094772711,0.47159706748722696,0.02569374199004415,2.6026671464408624
NOR,Norway,2008,1.41575217247009,74073.71797493384,74698.73750577013,4.768101,1.7177954308471803,1.2402748333673543,1.22885786277869,0.2153329948708535,0.5410417424600721,0.5347927806456227,0.006248961814449339,0.6268527309774674
NOR,Norway,2009,1.28725290298462,67457.84460704429,67644.97740867324,4.828623,1.5638346102966,1.1655012529286486,1.1547261866881653,0.15315125450695244,0.44714088863921736,0.41366454547902487,0.03347634316019249,3.4042981247765836
NOR,Norway,2010,1.37092041969299,70210.15948131807,70328.89787656862,4.889162,1.6463452178476043,1.193430341813432,1.1795315470933434,0.1768318004629109,0.49855781164197277,0.43421877463421743,0.06433903700775534,6.645390481687485
NOR,Norway,2011,1.47054493427277,72813.27327372193,73016.82546707348,4.952968,1.7365620763585787,1.2317359724382269,1.2149784195178144,0.20842453405821393,0.551907340538043,0.47387644335227747,0.07803089718576556,8.115606283374799
NOR,Norway,2012,1.42555117607117,76353.2468539141,76821.13210870749,5.018458,1.6308350604192583,1.2697024802590338,1.260732957092236,0.23878260551300795,0.48909219063991943,0.4241446056621638,0.06494758497775566,6.7103090686087
NOR,Norway,2013,1.47503101825714,75673.0667401032,75376.97406598736,5.080124,1.6705562741530946,1.237258160755246,1.2249285358468187,0.21289777071030083,0.5131566692590093,0.4591765128328026,0.05398015642620668,5.546365777629592
NOR,Norway,2014,1.4071718454361,74166.1508410391,73699.35906232634,5.137395,1.5800416393158276,1.1896501103926422,1.176513295524371,0.17365923900951563,0.4574512006889742,0.4353381674494438,0.0221130332395304,2.2359338527588424
NOR,Norway,2015,1.14781022071838,69856.92986260858,68971.99799374577,5.189771,1.2885180863695809,1.090058885605338,1.0778659316942232,0.0862317182729718,0.2534927877751217,0.20351145706039264,0.049981330714729044,5.12514700792337
NOR,Norway,2016,1.1242733001709,67575.76609778909,66534.52775725207,5.235983,1.2523942637398746,1.0422397404508974,1.0310600273819452,0.04137199407562826,0.22505713024553511,0.13944993850545426,0.08560719174008086,8.93783274442983
NOR,Norway,2017,1.15721023082733,70476.78925606835,69729.28987102416,5.276802,1.272321416576419,1.0694442227255248,1.0611358006035518,0.0671390955160198,0.24084311898595395,0.17495542159387698,0.06588769739207698,6.810675925572163
NOR,Norway,2018,1.2068932056427,74228.886721368,73755.40829089913,5.311752,1.291884678460358,1.1018623329508204,1.1000261710840649,0.09700177819995584,0.256102143219046,0.2271288408495734,0.028973302369472598,2.939711164451664
NOR,Norway,2019,1.10958349704742,75265.3579182195,74642.58199273337,5.34773,1.1709922716249432,1.095840146903486,1.091685797250462,0.09152132652304655,0.15785148478589645,0.12387843425408801,0.033973050531808435,3.4556725598859916
NOR,Norway,2020,1.05494844913483,70864.34317158784,70352.73254346219,5.379274,1.1017111753691178,1.0607254521866147,1.0561643903524554,0.05895306289201845,0.09686458506220123,0.09980931549399934,-0.002944730431798104,-0.2940398965849744
NOR,Norway,2021,1.17589116096497,86305.62753104561,86305.62753104561,5.408091,1.181136049969363,1.2147587222585503,1.2147587222585503,0.19454547456914495,0.16647672953830525,0.2668776975748501,-0.10040096803654483,-9.552532011887982
NOR,Norway,2022,1.10450601577759,107528.74028208102,108058.12553912084,5.456801,1.0433841560645858,1.4771944306406608,1.4773123547397795,0.3901446337756929,0.04246942658055648,0.3299832355113874,-0.28751380893083095,-24.98737917414623
NOR,Norway,2023,1.06900906562805,89075.0531284884,88831.05118036833,5.519167,0.974542774422558,1.1931770381725484,1.192499621462186,0.1766195295682854,-0.025786867285602758,0.17963530527131774,-0.2054221725569205,-18.56965327421981
NZL,New Zealand,2005,0.803111433982849,34700.08106999577,34487.97819447464,4.135007,1.0606856810069436,0.5836863159799537,0.5663601847382888,-0.538391570631309,0.05891556786896187,-0.1263572711597581,0.18527283902871997,20.354676986678456
NZL,New Zealand,2006,0.7518709897995,35397.65261457601,34987.0439915446,4.18194,0.9621913027585952,0.5851656463217727,0.5692865688730093,-0.5358603157258103,-0.03854198866992426,-0.15987748191010198,0.12133549324017773,12.900362191983472
NZL,New Zealand,2007,0.856136858463287,37635.20193849973,37120.76743449264,4.223266,1.0668349754719038,0.616696674588571,0.6010280420366773,-0.48337798926682835,0.06469629819502638,-0.08890099004647795,0.15359728824150432,16.602122175831614
NZL,New Zealand,2008,0.834847390651703,36955.34030734259,36687.70622038827,4.261824,1.0129576779063596,0.6187724849619868,0.6035440191041549,-0.48001762642699064,0.012874445426712464,-0.10127239028054752,0.11414683570725999,12.091670339777917
NZL,New Zealand,2009,0.752926826477051,37081.18011065204,36716.1602956018,4.304304,0.9147021751013776,0.640669178370469,0.6267591976833988,-0.44524205767430836,-0.08915675838301766,-0.13370987648272464,0.04455311809970698,4.55605134230419
NZL,New Zealand,2010,0.873283863067627,38131.94393332674,37892.92772501765,4.34777,1.0487309774748563,0.6481657244272425,0.6355268604070873,-0.43360886775479296,0.0475808403509702,-0.12417584827626504,0.17175668862723525,18.73888928425689
NZL,New Zealand,2011,0.969197332859039,39276.733663038765,39191.5870924316,4.3827,1.1445222063773386,0.6644195976573403,0.6521364389558392,-0.408841404902973,0.13498726291106072,-0.09076152912761798,0.2257487920386787,25.326079664136046
NZL,New Zealand,2012,1.00332200527191,40035.52164755526,39803.34656262156,4.411676,1.1478035517441836,0.6657634511813729,0.6532237866925814,-0.40682084993888445,0.1378501610802488,-0.1664148325045556,0.3042649935848044,35.56282412840037
NZL,New Zealand,2013,1.06145370006561,41084.957994778,40634.968199430106,4.453851,1.2021565081816463,0.6717409740761386,0.6603466472020411,-0.3978824680097966,0.18411703411080407,-0.0995287288691657,0.2836457629799698,32.796243396870416
NZL,New Zealand,2014,1.08315145969391,41638.29421313324,41205.05897324841,4.522983,1.2162156410055984,0.667892303233911,0.6577845498479196,-0.4036283411469945,0.19574410417503108,-0.09272999284133959,0.28847409701637067,33.43897843984909
NZL,New Zealand,2015,0.914987862110138,42328.0519855857,41717.32963750336,4.614029,1.027154478899536,0.6604938016600292,0.6519412179650063,-0.4147675393786587,0.026792337258520846,-0.25477270734761115,0.281565044606132,32.520219077279336
NZL,New Zealand,2016,0.905737042427063,44120.47472623267,43419.92689993361,4.71477,1.008953851541207,0.6804822909546504,0.6728619339075113,-0.3849534808080005,0.008914003498164538,-0.2505271144321078,0.2594411179302723,29.620545820443244
NZL,New Zealand,2017,0.939046084880829,45124.20206775666,44646.39591859294,4.812752,1.032455826191525,0.6847334805665304,0.6794259509134368,-0.37872559589588495,0.03194026158820466,-0.23289493830589725,0.2648351998941019,30.321618791454718
NZL,New Zealand,2018,0.958529055118561,44422.455189888606,44062.96375912164,4.900847,1.0260303019166666,0.6594121543903422,0.6571777505371545,-0.41640651601462214,0.025697280344295605,-0.2425063682266704,0.268203648570966,30.76134065032312
NZL,New Zealand,2019,0.899880290031433,46530.73912349834,46077.41898179,4.989403,0.949683253057058,0.6774730554264591,0.6739057322705693,-0.3893854976074042,-0.051626767818310694,-0.3160263733653673,0.2643996055470566,30.264863792987008
NZL,New Zealand,2020,0.88511848449707,45924.65980557783,45612.17490697539,5.069895,0.92435315365023,0.6874184301805402,0.6847488812678959,-0.37481210349064736,-0.07866107944045729,-0.2969731223817981,0.21831204294134082,24.397518073628532
NZL,New Zealand,2021,1.00666999816895,47331.43430395343,47331.43430395343,5.107697,1.0111601011476268,0.6661937848381045,0.6661937848381045,-0.40617468253941025,0.011098286697306068,-0.2826251829962205,0.2937234696935266,34.141291105058436
NZL,New Zealand,2022,0.960662543773651,47588.498473420485,47797.85753217139,5.131734,0.9075007860346198,0.6537551237285624,0.6534665034218502,-0.42502242619040936,-0.09706084668965528,-0.4156828492660507,0.3186220025763954,37.523139272240805
NZL,New Zealand,2023,0.982093334197998,47667.03409889662,47543.8545702976,5.172836,0.8953076203230509,0.6385088592936381,0.6382456114677041,-0.44861972843957193,-0.11058790990382616,-0.39229618271993727,0.2817082728161111,32.53920107038981
PAN,Panama,2016,0.43033829331398,31605.623071212674,31299.88724489872,4.029086,0.4793791775826307,0.4874622707030964,0.4850423334711278,-0.7185423849688071,-0.7352633922542482,-0.555674297515203,-0.17958909473904516,-16.438650114006105
PAN,Panama,2017,0.424866765737534,34227.19271589797,33961.30474805835,4.098707,0.4671295420996671,0.5193777113928112,0.516820928049454,-0.6551238928944773,-0.7611486677029334,-0.48572757358272295,-0.2754210941202105,-24.074766079568654
PAN,Panama,2018,0.455641567707062,33590.71711861723,33389.793413166466,4.16786,0.4877286220837974,0.4986245593139958,0.4979925872921458,-0.695901852559422,-0.7179961300985159,-0.4981719900975785,-0.21982414000093742,-19.73400586720918
PAN,Panama,2019,0.463272094726563,34605.7202989586,34370.57967506553,4.2347,0.4889114194901545,0.503848499030812,0.5026872419577778,-0.6854796532602383,-0.7155739521531291,-0.5868756024550601,-0.12869834969806904,-12.076085169810213
PAN,Panama,2021,0.504594266414642,31383.40600588437,31383.40600588437,4.345405,0.5068449346800843,0.4417239903170373,0.4417239903170373,-0.8170700482547737,-0.6795501709294541,-0.6584876946866581,-0.021062476242796002,-2.0842211441277736
PAN,Panama,2022,0.524236440658569,34609.94238966654,34846.360372370946,4.400773,0.4952259095028655,0.4754599933812234,0.47640062641269,-0.7434725364327959,-0.7027412376903456,-0.7069819688738256,0.0042407311834800065,0.4249735808196764
PAN,Panama,2023,0.541409373283386,36592.23760467879,36403.50796039885,4.458759,0.4935660601044437,0.490159883736212,0.4886936368064185,-0.7130236477603512,-0.7060985686730943,-0.634157078482744,-0.07194149019035023,-6.941465741038733
POL,Poland,2015,0.39641061425209,31020.91306729987,30543.90736458181,38.266314,0.4450058353488174,0.4840553685240107,0.4773275840449385,-0.7255559810315504,-0.8096678837584635,-0.5390633906475838,-0.27060449311087975,-23.708182386257594
POL,Poland,2016,0.381151616573334,31846.17151725029,31340.425340074875,38.263265,0.4245872406105007,0.4911723159521775,0.485670536765436,-0.7109602637697027,-0.8566377805401489,-0.5487386264037142,-0.30789915413643476,-26.50105650839104
POL,Poland,2017,0.412776261568069,33010.83462146699,32687.477850910785,38.254959,0.4538363590787921,0.5009201858643957,0.497435913131975,-0.6913085002403075,-0.7900185884735481,-0.5188270887789039,-0.2711914996946442,-23.752953043863258
POL,Poland,2018,0.448502719402313,34208.567275743924,33951.62494272192,38.241071,0.4800870439361711,0.5077959997816551,0.5063720322789272,-0.6776754872895442,-0.733787849986899,-0.4814996009665966,-0.25228824902030245,-22.297926967877956
POL,Poland,2019,0.415903657674789,37453.5115406746,37115.66782561084,38.225885,0.4389214242764735,0.5453114516957469,0.5428355549735655,-0.6063981765448917,-0.8234348699079241,-0.5145365961129702,-0.30889827379495394,-26.57445407513229
POL,Poland,2020,0.41814512014389,37352.382745314695,37126.288399165314,38.171012,0.4366802493206076,0.5591052044585495,0.5573552346233316,-0.5814176223565729,-0.8285540466244412,-0.485963497376308,-0.3425905492481332,-29.0071167047001
POL,Poland,2021,0.449426740407944,39622.099346109295,39622.099346109295,38.040302,0.4514313420643689,0.5576842687062026,0.5576842687062026,-0.5839623034325523,-0.7953319839909653,-0.4452546680477847,-0.3500773159431806,-29.536639179941915
POL,Poland,2022,0.443658709526062,40469.39476663456,40640.014772152754,38.385739,0.4191072403473148,0.5559552209376437,0.5556083415307121,-0.5870675258568399,-0.8696284482582847,-0.5639120171996294,-0.3057164310586553,-26.34045345600825
POL,Poland,2023,0.516174077987671,40578.98202722174,40488.97960118716,38.762844,0.4705607596990537,0.543563072788247,0.543538461002434,-0.6096095298656677,-0.7538301897203988,-0.5395600269232176,-0.21427016279718125,-19.286970101462263
PRT,Portugal,2006,0.68992406129837,30198.822443111632,30091.527248834107,10.52412,0.882916006005504,0.4992227491888317,0.4896298842445064,-0.6947028916735287,-0.12452520633927334,-0.3051771726358575,0.18065196629658414,19.799816299219366
PRT,Portugal,2007,0.764196693897247,31815.152308870205,31604.60316256314,10.546825,0.9522680318342353,0.5213283739641145,0.5117149798064546,-0.6513751594467958,-0.04890873777305688,-0.2425747561908,0.1936660184177431,21.369086486349566
PRT,Portugal,2008,0.821935176849365,32138.707214569826,32135.604128745323,10.564081,0.997290711396904,0.5381237883682506,0.5286580620683394,-0.6196666553831633,-0.002712965367909676,-0.22901497186750536,0.22630200649959567,25.395431045060946
PRT,Portugal,2009,0.765803456306458,32481.17341402217,32313.666887380965,10.576267,0.9303455031098172,0.5611926756800402,0.5516069155785222,-0.5776909820149783,-0.0721992531068795,-0.2548662328867694,0.1826669797798899,20.041457918158944
PRT,Portugal,2010,0.733076393604279,33137.331429500526,33009.29654606538,10.57866,0.8803551231643706,0.5632674397387847,0.5536203153898072,-0.5740007374526512,-0.1274299038634822,-0.25259793615668,0.1251680322931978,13.3338874597964
PRT,Portugal,2011,0.742764890193939,32788.40887588694,32771.07153114335,10.557052,0.8771288179638745,0.5546607215365801,0.5453009555005738,-0.5893986647101047,-0.1311014126029975,-0.2559245142513364,0.12482310164833887,13.29480187020684
PRT,Portugal,2012,0.676556348800659,32222.656863071486,32088.993902874023,10.51315,0.7739826058116002,0.5358408322550635,0.5266214004245265,-0.6239181167591428,-0.2562058787565618,-0.3650024311895129,0.10879655243295111,11.493549635163491
PRT,Portugal,2013,0.730716228485107,31622.04308961172,31354.33102977177,10.458298,0.8275775661745971,0.5170218752564695,0.5095298037187361,-0.6596700934607667,-0.18925244056539653,-0.3389963954371998,0.14974395487180325,16.153679881181837
PRT,Portugal,2014,0.744833767414093,31758.91841007461,31528.58695091262,10.406199,0.8363359249260855,0.509423778422513,0.5033124060885693,-0.6744750382515616,-0.17872492253284375,-0.3404843564846174,0.16175943395177364,17.55774032914561
PRT,Portugal,2015,0.618609130382538,33069.23956249149,32709.40372123495,10.370267,0.6944432437553869,0.5160177880161904,0.5111690677765833,-0.6616140411951573,-0.3646448425816468,-0.480573127396686,0.1159282848150392,12.29153391643274
PRT,Portugal,2016,0.6268031001091,34230.18112049325,33804.75421722706,10.346372,0.6982329002669362,0.5279415557787858,0.5238592950718735,-0.6387696912153508,-0.3592025638703467,-0.48270300715692616,0.12350044328657944,13.145050609879227
PRT,Portugal,2017,0.656839728355408,35047.348261187566,34768.09953765636,10.330844,0.722177553725345,0.5318230940344549,0.5290986787130043,-0.6314443749512794,-0.3254842510353208,-0.4640669664491917,0.1385827154138709,14.86446882616459
PRT,Portugal,2018,0.700228154659271,35798.379605036265,35557.19838343542,10.325353,0.7495394126020896,0.531395361155396,0.530318382049189,-0.6322489751725163,-0.28829637762912275,-0.4399461438914204,0.15164976626229765,16.37525796329715
PRT,Portugal,2019,0.648001968860626,38133.393607963015,37842.03709234258,10.343213,0.6838649813670681,0.5552103226385241,0.5534590756353704,-0.5884082773137449,-0.3799947765068557,-0.49808051197509084,0.11808573546823514,12.534058883382059
PRT,Portugal,2020,0.673215568065643,35119.15604223858,34924.96674949441,10.370519,0.7030572113534569,0.5256773859191209,0.5243080813139981,-0.6430675891656541,-0.35231700875667293,-0.5423572007468762,0.19004019199020328,20.929820078195547
PRT,Portugal,2021,0.713602721691132,36282.27879128735,36282.27879128735,10.390956,0.7167856413292313,0.5106760229427505,0.5106760229427505,-0.6720198958280911,-0.3329784491497986,-0.5258044883008741,0.1928260391510755,21.267181775000708
PRT,Portugal,2022,0.676702558994293,38016.344058450966,38203.35376357639,10.417073,0.6392547603517831,0.5222560179645407,0.5222956277081932,-0.6495973554628999,-0.4474522180622161,-0.6211105664468107,0.17365834838459465,18.96490508610784
PRT,Portugal,2023,0.728435039520264,39920.31172674455,39819.9053604836,10.430738,0.6640646251055112,0.5347400606130879,0.534556570456649,-0.6259745181711599,-0.4093758072755337,-0.5545297397053953,0.14515393242986163,15.621753594508236
ROU,Romania,2019,0.393883466720581,32836.92899771721,32536.337382961818,19.501542,0.4156825481615189,0.4780954491150716,0.4758605137612546,-0.7379448820837914,-0.8778334154149604,-0.6348676567039622,-0.24296575871099824,-21.570163130111364
ROU,Romania,2020,0.400834411382675,32278.348620797075,32068.7795092002,19.392469,0.4186022083400922,0.4831550594313509,0.48142981424009,-0.7274176428305988,-0.8708341934464271,-0.6195155862558805,-0.25131860719054655,-22.222547247848468
ROU,Romania,2021,0.434739410877228,33753.922647467465,33753.922647467465,19.248161,0.4366785018676009,0.4750892047184535,0.4750892047184535,-0.7442526931723265,-0.8285580483087533,-0.5918787322606802,-0.23667931604807313,-21.075565456455514
ROU,Romania,2022,0.437758237123489,34817.7956100276,34992.24791216799,19.166772,0.4135332920571311,0.4783154124878048,0.4783951220960965,-0.7374849053406524,-0.8830172549247174,-0.7015048419720641,-0.1815124129526533,-16.599210726125825
ROU,Romania,2023,0.494503229856491,36418.05462139535,36318.94893416992,19.118479,0.4508049230640833,0.4878266700159305,0.4875584863671372,-0.7177951206154919,-0.7967205761483663,-0.6385217365476351,-0.15819883960073122,-14.63199803029589
SVK,Slovakia,2008,0.583623290061951,30000.286408371627,29476.344992303573,5.37912,0.7081362405789269,0.5023185178676629,0.4849109840306406,-0.6885208627546467,-0.34511877360450827,-0.29199868373790755,-0.05312008986660072,-5.17338715085941
SVK,Slovakia,2010,0.53110545873642,31063.178720999524,30592.285817059856,5.391851,0.6378072130250101,0.5280110495786361,0.5130830612794318,-0.6386380682625817,-0.4497192152430824,-0.31172430149031993,-0.13799491375276246,-12.889687761961955
SVK,Slovakia,2011,0.550449967384338,32436.451357317907,32081.72354893168,5.398109,0.6500247058177624,0.5487068793742881,0.5338304085880266,-0.6001908974082534,-0.4307449078643724,-0.26579660341839645,-0.16494830444597597,-15.206246244430988
SVK,Slovakia,2012,0.524699866771698,33107.19626795903,32650.302269008826,5.404871,0.6002583094118807,0.5505501199743059,0.5358331880779075,-0.5968372825053762,-0.5103952007248117,-0.34023050327162996,-0.17016469745318175,-15.647412140856698
SVK,Slovakia,2013,0.565715909004211,32360.091320048607,31794.57686017837,5.410422,0.6407053475335491,0.5290889981507381,0.5166841063043047,-0.6365986228041377,-0.44518560397968815,-0.3178919936041554,-0.12729361037553277,-11.952488198818678
SVK,Slovakia,2014,0.570182621479034,33285.1744062579,32766.815767751323,5.41523,0.6402290430078389,0.5339054401206981,0.5230790999166683,-0.6275365341278368,-0.44592928695233625,-0.29754781952898646,-0.1483814674233498,-13.78978116918017
SVK,Slovakia,2015,0.478566259145737,34657.12459766824,34008.63387449869,5.420278,0.5372327840481999,0.5407954041427278,0.5314729006416228,-0.6147142525462835,-0.6213237885551803,-0.4376720050425157,-0.18365178351266465,-16.777445196610397
SVK,Slovakia,2016,0.516009747982025,33277.10233195062,32622.009332887927,5.427259,0.5748136581277087,0.5132419578820713,0.505530751773546,-0.6670078922130218,-0.5537093635291074,-0.5085336249691416,-0.04517573855996582,-4.417050902602016
SVK,Slovakia,2017,0.54249507188797,33661.20911290174,33235.58833268944,5.4357,0.5964586900141386,0.5107892399148831,0.5057770228145373,-0.6717982202083456,-0.5167452938001887,-0.5009802511933059,-0.01576504260688283,-1.564142478860886
SVK,Slovakia,2018,0.606524467468262,33711.90762675557,33443.340165364985,5.443232,0.6492369523418694,0.5004235254837305,0.4987912111511935,-0.6923004881376986,-0.4319575251496967,-0.49487767726271614,0.06292015211301943,6.494180248366277
SVK,Slovakia,2019,0.616528928279877,33379.55183955017,33030.53802902639,5.450626,0.6506500972392265,0.4859958685265294,0.4830884500396811,-0.7215551560919962,-0.42978326631002123,-0.6198753153655068,0.19009204905548555,20.93609130637224
SVK,Slovakia,2020,0.564975321292877,35806.83146398623,35536.50439943069,5.455024,0.5900189964605258,0.5359707829936506,0.5334887380684961,-0.6236756287372272,-0.5276005452099751,-0.5246185948598505,-0.002981950350124607,-0.2977508752151081
SVK,Slovakia,2021,0.61053591966629,37035.57389276285,37035.57389276285,5.442759,0.6132591250428971,0.5212787127224272,0.5212787127224272,-0.6514704230266409,-0.48896771614519613,-0.5070070593067058,0.018039343161509624,1.8203034928226502
SVK,Slovakia,2022,0.609580993652344,35357.97382224685,35524.68968319613,5.473197,0.5758476110853857,0.4857362029160237,0.4856743785388211,-0.7220895948006019,-0.55191221737737,-0.687422132429299,0.135509915051929,14.51205497078638
SVK,Slovakia,2023,0.691889047622681,35553.73564598396,35462.382125585915,5.518055,0.6307481327734555,0.4762489552810305,0.4760596289133459,-0.7418145461792638,-0.4608486517928102,-0.6604932708482062,0.199644619055396,22.096877201400368
SVN,Slovenia,2005,0.604686141014099,31345.776689682178,31465.105345047406,1.996914,0.7986213421171358,0.5272639242722417,0.5167186889165287,-0.6400540507311143,-0.22486836029596244,-0.21935202920105867,-0.005516331094903765,-0.5501144078898124
SVN,Slovenia,2006,0.622042596340179,32867.064262193766,32741.62675589108,2.003114,0.7960461093245572,0.5433319861940856,0.5327505907525818,-0.6100347532499009,-0.22809816852828443,-0.22772782220900617,-0.0003703463192782641,-0.03702777495452336
SVN,Slovenia,2007,0.702042162418366,35120.7823256666,34828.50758853079,2.014158,0.8748170642579068,0.5754949768724703,0.5639137111034871,-0.5525247791424438,-0.13374048390211538,-0.15215233889713248,0.018411854995017102,1.8582398261929312
SVN,Slovenia,2008,0.775524139404297,36604.82924173553,36512.73048415252,2.025085,0.9409781239156372,0.6129036010261715,0.6006655191930663,-0.48954761311829764,-0.06083538736556833,-0.10998985227463681,0.04915446490906848,5.038258546047025
SVN,Slovenia,2009,0.753713607788086,33940.262718804406,33663.510330820085,2.035608,0.9156580058026162,0.5864020552972612,0.5746492704107469,-0.5337496234750784,-0.08811234013343325,-0.21467130550144148,0.12655896536800823,13.491636996451994
SVN,Slovenia,2010,0.721198558807373,33848.93823987143,33617.93475363541,2.044612,0.8660909716969577,0.5753633125471023,0.5638281814060665,-0.5527535898086273,-0.14376532778796042,-0.23316231593293557,0.08939698814497515,9.351468253432271
SVN,Slovenia,2011,0.736130237579346,35218.27932906222,35087.71916444911,2.048804,0.8692939767075527,0.595765299190843,0.5838492881908628,-0.5179084827776868,-0.14007391782075213,-0.19052957046669722,0.05045565264594509,5.175021998137308
SVN,Slovenia,2012,0.681685328483582,34607.206143121315,34413.720047912626,2.053321,0.779850174813326,0.5754942623308267,0.5647731275185346,-0.5525260207555176,-0.24865346132157082,-0.2996972105476339,0.05104374922606306,5.236893260243836
SVN,Slovenia,2013,0.722458839416504,34460.31350401008,34077.6210878406,2.056441,0.8182256047948445,0.5634277285398482,0.5537851714202329,-0.5737162083152985,-0.20061717992265657,-0.2603709207884866,0.059753740865830046,6.1575091790909475
SVN,Slovenia,2014,0.732813119888306,34915.049047780296,34546.27068535237,2.058401,0.8228385516778338,0.5600491798891151,0.5514857563106998,-0.579730677878438,-0.19499526804982617,-0.2538178807107956,0.058822612660969414,6.058708933122681
SVN,Slovenia,2015,0.607798397541046,36293.55360841808,35772.37439239941,2.059947,0.6823072437949983,0.5663305083526968,0.5590359098611947,-0.5685774341849344,-0.38227521848694135,-0.3954688022867203,0.013193583799778974,1.3281003161675686
SVN,Slovenia,2016,0.608468532562256,37801.81870893817,37209.68075646668,2.061373,0.6778089453261507,0.5830279106678838,0.5766241341579863,-0.5395202195616541,-0.38888982230679187,-0.39191552495994086,0.0030257026531489983,0.3030284711571518
SVN,Slovenia,2017,0.619663596153259,40350.49938542773,39932.772824026266,2.06241,0.6813033997244302,0.6122953231459802,0.607694341062712,-0.4905405587015292,-0.38374755116002546,-0.3351765804741747,-0.048570970685850756,-4.741026903978263
SVN,Slovenia,2018,0.6680708527565,41965.09218374075,41666.05132518733,2.069481,0.7151175387904037,0.6229347686385541,0.6214289631841613,-0.4733134709117253,-0.3353083598820225,-0.29456144790137384,-0.04074691198064867,-3.9927918055963962
SVN,Slovenia,2019,0.612105190753937,45299.27367083942,44904.63618685261,2.083439,0.6459815324413926,0.6595433023518159,0.6567531862798973,-0.4162076496143422,-0.43698436316019096,-0.3405616742313646,-0.09642268892882638,-9.191990046877219
SVN,Slovenia,2020,0.620748817920685,43613.284715130525,43321.36279685448,2.102419,0.6482647662653541,0.6528208557410076,0.6503582600620574,-0.4264525277098996,-0.4334560761643215,-0.34421069469662774,-0.08924538146769379,-8.537888503498714
SVN,Slovenia,2021,0.670425593852997,46019.47429824736,46019.47429824736,2.113494,0.6734159282837598,0.6477278411241498,0.6477278411241498,-0.4342846691190381,-0.39539211900986626,-0.30833851792519706,-0.0870536010846692,-8.337203793664694
SVN,Slovenia,2022,0.64449268579483,46044.71125571333,46275.40077830853,2.115228,0.6088273376984904,0.632547083216706,0.6326522966158628,-0.4580006212826613,-0.49622056920746066,-0.4458493302552219,-0.05037123895223877,-4.912364337384744
SVN,Slovenia,2023,0.715030074119568,48143.38670036197,48005.90797825335,2.118396,0.6518442309174061,0.6448896917060797,0.6444483807331917,-0.43867599742278596,-0.4279496552348177,-0.383200252156115,-0.04474940307870273,-4.37629181209217
SWE,Sweden,2005,1.00543808937073,44927.43365252563,44455.88238062737,9.029771,1.3279026289610611,0.7557195091901747,0.7300527046212746,-0.28008499123711705,0.2836007268006187,0.10992614261941142,0.1736745841812073,18.966836591790592
SWE,Sweden,2006,1.02379584312439,47686.28278588375,46969.2890289576,9.080623,1.3101814931274085,0.7883114394877714,0.7642539163972247,-0.23786203942982315,0.2701656719887426,0.11271352288993766,0.15745214909880492,17.05247459776258
SWE,Sweden,2007,1.10054278373718,51443.833148198224,50549.98625970319,9.148274,1.371390008603844,0.842967200825064,0.818462584866158,-0.1708272294180306,0.31582483029677466,0.1970017565639626,0.11882307373281206,12.61706514915224
SWE,Sweden,2008,1.12981128692627,51545.01404570548,50962.90361066823,9.2199,1.3708505656151633,0.8630589290534718,0.8383831762506637,-0.14727230627459675,0.31543139800588776,0.2031031325924797,0.11232826541340807,11.888009000269783
SWE,Sweden,2009,0.982362270355225,49220.297588705565,48514.57025360425,9.29874,1.1934345727005915,0.8504024823699571,0.8281626641592562,-0.16204553289709173,0.17683534560460182,0.1253413710762544,0.05149397452834742,5.284284239831938
SWE,Sweden,2010,1.07725191116333,51263.74699410293,50647.42613533126,9.378232,1.2936772309206048,0.8713797483124733,0.8494408231812587,-0.13767740597226216,0.2574887298182245,0.14652455818890778,0.11096417162931674,11.735487313271165
SWE,Sweden,2011,1.15012860298157,54389.45331586318,53897.09328001276,9.449259,1.3581833974089192,0.92007189291648,0.8968317205119204,-0.08330346751773672,0.3061480696565023,0.20702111094454842,0.0991269587119539,10.420647929251658
SWE,Sweden,2012,1.1251482963562,54349.9547297034,53832.489870515084,9.519487,1.2871732145918282,0.9038027217664162,0.883459957945603,-0.1011441705396801,0.25244850743029285,0.11319991633582467,0.1392485910944682,14.9409797530764
SWE,Sweden,2013,1.20320415496826,54151.092585687176,53289.89820449096,9.60062,1.3626969367358042,0.8853728823434622,0.865998108731563,-0.12174638672997432,0.30946577783378415,0.1530640471469209,0.15640173068686325,16.9295850772887
SWE,Sweden,2014,1.17173099517822,53886.117193817554,53065.035616705645,9.696433,1.3156770926473405,0.8643515207584928,0.8471134718787849,-0.14577574019047448,0.27435143246613247,0.14313814860800053,0.13121328385813194,14.021094396894762
SWE,Sweden,2015,0.960193157196045,56529.97719981293,55446.88412580217,9.799481,1.07790140488649,0.8821029505722142,0.866501031668224,-0.1254465057822843,0.07501600715972213,0.009880874673405884,0.06513513248631625,6.7303241980474215
SWE,Sweden,2016,0.960018992424011,57364.84685507212,56191.08550801751,9.92328,1.0694217135730266,0.8847539073506997,0.8707716747294846,-0.12244574343322816,0.06711804777093493,-0.010400732534181015,0.07751878030511594,8.060252631315002
SWE,Sweden,2017,0.960729777812958,58685.04285503221,57884.55588275122,10.057862,1.0562964613441286,0.8905113400339828,0.8808834087201652,-0.11595944187647593,0.05476888579320803,0.007467827686911316,0.047301058106296714,4.843760221042848
SWE,Sweden,2018,0.978110611438751,58923.01706909946,58445.61592388706,10.175405,1.0469908247468458,0.8746602019772607,0.8716880374091354,-0.13391980864567615,0.04592016847545087,0.01589558080967937,0.0300245876657715,3.047987073667535
SWE,Sweden,2019,0.880735397338867,62185.953327739466,61521.24451254362,10.279125,0.9294788056732072,0.9054080936418062,0.8997795503651675,-0.09936950472069118,-0.07313127393836993,-0.050737084139586594,-0.02239418979878334,-2.214530127797032
SWE,Sweden,2020,0.912182986736298,60948.10099514318,60441.66903458344,10.353686,0.9526173447556942,0.9122952262670372,0.907375395665821,-0.09179162827945603,-0.04854198297545357,-0.038082914439201906,-0.010459068536251663,-1.0404562671297413
SWE,Sweden,2021,0.988694310188294,63522.09256008781,63522.09256008781,10.416131,0.993104235263296,0.8940786157394479,0.8940786157394479,-0.1119615706061266,-0.006919650392263273,-0.013496620227012701,0.006576969834749428,0.6598645595070618
SWE,Sweden,2022,0.890523433685303,63296.09692183088,63613.41409993652,10.487338,0.8412430788412998,0.8695409395566157,0.8696882544292422,-0.1397898622748074,-0.17287462528878209,-0.15476915484515286,-0.01810547044362923,-1.7942551138902751
SWE,Sweden,2023,0.909481883049011,62536.04347403316,62340.15296791146,10.551494,0.8291127045521466,0.8376820278034993,0.8368763830699603,-0.1771166922682287,-0.18739918067239955,-0.14394143934317305,-0.0434577413292265,-4.252698522704057
TUR,Türkiye,2022,0.294195532798767,30871.104872239142,31025.050255590857,87.058473,0.2779151524051307,0.4240970745622583,0.4241577375170507,-0.857792900515814,-1.280439419052478,-0.8115554023239705,-0.46888401672850744,-37.429985030168766
TUR,Türkiye,2023,0.344816654920578,34474.363794473924,34386.61650401205,87.270501,0.3143458651175993,0.4617905669485103,0.4616181686417108,-0.772643808973466,-1.15726141799304,-0.6886940370632731,-0.4685673809297669,-37.41016998659107
TWN,Taiwan,2005,0.374746710062027,43174.297802532215,43195.313759018856,22.729753,0.4949356372577075,0.7262302004006387,0.7093516976389671,-0.3198882339750692,-0.7033275506095314,0.07351651613733912,-0.7768440667468706,-54.014500467448364
TWN,Taiwan,2006,0.375667661428452,44482.57560040757,44292.87491749168,22.823455,0.4807528970502081,0.7353503178499226,0.7207050356524566,-0.30740827039286356,-0.7324018684259278,0.04909678921648153,-0.7814986576424093,-54.22804678398523
TWN,Taiwan,2007,0.377259254455566,46554.71177326756,46255.414652698615,22.917444,0.4701040067309652,0.7628532453185499,0.7489285169377602,-0.2706896052292485,-0.754801317842309,0.10565362629135261,-0.8604549441336615,-57.70303890040205
TWN,Taiwan,2008,0.400041073560715,44453.21392195114,44431.39108369812,22.997696,0.48538772652197,0.7443153117864076,0.7309342314276708,-0.2952905277649859,-0.7228072712957379,0.06770491409841078,-0.7905121853941486,-54.63875978737276
TWN,Taiwan,2009,0.377893477678299,44482.22032444014,44311.40856286323,23.078402,0.4590884184673152,0.7685404688392514,0.7564130523313002,-0.26326205787238166,-0.7785124546465177,0.03275454611764933,-0.8112670007641671,-55.570521237435045
TWN,Taiwan,2010,0.395088821649551,48202.40078323498,48100.61692373191,23.140948,0.4744641503650872,0.8193430704038077,0.8067266345588002,-0.19925239345679327,-0.745569216230879,0.09019944142116282,-0.8357686576520418,-56.64588913659978
TWN,Taiwan,2011,0.425631701946259,48822.79501540042,48846.51392686526,23.193518,0.5026271927293108,0.8259042643142596,0.8127915711232894,-0.19127641494564399,-0.6879065512190081,0.10825391471633508,-0.7961604659353432,-54.8942505767185
TWN,Taiwan,2012,0.418361961841583,50146.351366095776,50089.80949892195,23.270367,0.4786074093793002,0.8338996614943406,0.8220377898154506,-0.18164219382003816,-0.7368746222668546,0.03956513789631841,-0.7764397601631731,-53.99590446824361
TWN,Taiwan,2013,0.431930929422379,50339.76171006058,50012.86160823862,23.34467,0.4891862714859487,0.823057445261957,0.8127439725778653,-0.19472928090869365,-0.7150119387559716,0.08630365945383286,-0.8013155982098045,-55.126178358506905
TWN,Taiwan,2014,0.433917790651321,51820.806896022776,51504.45646584387,23.403635,0.4872242004362565,0.83122324598753,0.8222008791090933,-0.1848568728081898,-0.7190308913318757,0.10738906528644016,-0.8264199566183159,-56.238684062049416
TWN,Taiwan,2015,0.418453186750412,53523.6000524061,52990.79645435345,23.462914,0.4697505647662157,0.8351909530158237,0.8281183067463097,-0.1800948940294999,-0.7555534384195337,-0.04010820327755196,-0.7154452351419818,-51.102564524288006
TWN,Taiwan,2016,0.425269454717636,53260.410117475614,52647.23042174151,23.515945,0.4737326996480221,0.8214500437452279,0.8158539132985392,-0.19668415437612183,-0.7471120411456524,-0.07830959189141265,-0.6688024492542398,-48.767825815025645
TWN,Taiwan,2017,0.458028882741928,53407.43457096812,53017.32965204507,23.555522,0.5035903947258475,0.8104267086428792,0.8068142763284241,-0.21019436923279947,-0.685992050214954,-0.07873264922391732,-0.6072594009910367,-45.51579816844497
TWN,Taiwan,2018,0.473583161830902,53293.35714721918,52985.093774066925,23.58008,0.5069336937897071,0.7910928673555349,0.7902469958397464,-0.2343399131052347,-0.6793750654234649,-0.07596272628189293,-0.603412339141572,-45.30579037670594
TWN,Taiwan,2019,0.458100199699402,55130.870124873145,54751.41535479681,23.596027,0.4834532911721176,0.8026882816687358,0.8007673492325253,-0.21978883259482496,-0.7268005743973627,-0.16088948498754269,-0.56591108940982,-43.215744433145055
TWN,Taiwan,2020,0.473436921834946,58774.5729518888,58476.28096623302,23.582179,0.4944229720852003,0.8797610008253535,0.8778701751012474,-0.12810499836830933,-0.7043639093444757,-0.07130021409352719,-0.6330636952509485,-46.90374010009762
TWN,Taiwan,2021,0.514151036739349,62205.44543644559,62205.44543644559,23.468275,0.5164443315685903,0.8755467004595818,0.8755467004595818,-0.13290678720587018,-0.6607877763500342,-0.03265605198495891,-0.6281317243650753,-46.64122406352498
TWN,Taiwan,2022,0.49578794836998,63860.90132078603,64169.515475937216,23.319977,0.4683517180599677,0.8773000364301512,0.8772909722179771,-0.13090622832249346,-0.758535731008824,-0.1466429376890115,-0.6118927933198125,-45.76766091121155
TWN,Taiwan,2023,0.485919386148453,65004.35192552516,64851.75499959495,23.342541,0.4429796172445052,0.8707454823175172,0.8705930219281991,-0.13840555801532853,-0.814231520730279,-0.10853080840225382,-0.7057007123280252,-50.62375324384472
USA,United States,2005,0.757162511348724,59449.87936154995,60894.07257752644,295.716664,1.0,1.0,1.0,0.0,0.0,0.3661311453453421,-0.3661311453453421,-30.65881424910527
USA,United States,2006,0.781415283679962,60491.67929983272,61457.7014539564,298.730209,1.0,1.0,1.0,0.0,0.0,0.33029549396000074,-0.33029549396000074,-28.12886728050785
USA,United States,2007,0.802501678466797,61027.08752825373,61762.1222941664,301.844226,1.0,1.0,1.0,0.0,0.0,0.35326429168015955,-0.35326429168015955,-29.760846739425862
USA,United States,2008,0.824168086051941,59723.63219998845,60787.1258087258,304.970333,1.0,1.0,1.0,0.0,0.0,0.3378190324480122,-0.3378190324480122,-28.667563521736593
USA,United States,2009,0.823138773441315,57878.8263311923,58580.96766878018,308.023454,1.0,1.0,1.0,0.0,0.0,0.2735709353033376,-0.2735709353033376,-23.934162309063044
USA,United States,2010,0.832705318927765,58830.5467201654,59624.43145321239,311.06279,1.0,1.0,1.0,0.0,0.0,0.272463616960394,-0.272463616960394,-23.849886560286503
USA,United States,2011,0.846813917160034,59114.35153557117,60097.22007741626,314.105078,1.0,1.0,1.0,0.0,0.0,0.28322214202512014,-0.28322214202512014,-24.664758196130222
USA,United States,2012,0.874123454093933,60134.75443344583,60933.706600237,317.115355,1.0,1.0,1.0,0.0,0.0,0.20572055578305773,-0.20572055578305773,-18.59394709916614
USA,United States,2013,0.882957994937897,61161.90552658057,61535.81360881408,320.110759,1.0,1.0,1.0,0.0,0.0,0.2644303620867258,-0.2644303620867258,-23.235689592979636
USA,United States,2014,0.890591621398926,62342.826847265766,62642.18121689702,323.115377,1.0,1.0,1.0,0.0,0.0,0.27648507929468,-0.27648507929468,-24.155506441936915
USA,United States,2015,0.890798687934876,64085.46435894168,63989.40347370794,326.126497,1.0,1.0,1.0,0.0,0.0,0.12463183727925012,-0.12463183727925012,-11.717813513886831
USA,United States,2016,0.897699177265167,64837.06528840881,64530.21743670513,329.179427,1.0,1.0,1.0,0.0,0.0,0.10160531210078583,-0.10160531210078583,-9.66139631488806
USA,United States,2017,0.909526646137238,65900.38803188372,65711.93793609037,332.20466,1.0,1.0,1.0,0.0,0.0,0.1135405914963375,-0.1135405914963375,-10.73320390525032
USA,United States,2018,0.934211254119873,67366.7521809016,67048.77595613376,335.056497,1.0,1.0,1.0,0.0,0.0,0.13839741422664495,-0.13839741422664495,-12.924742648640297
USA,United States,2019,0.947558343410492,68682.78930179436,68373.68607407867,337.790067,1.0,1.0,1.0,0.0,0.0,0.04016019712988983,-0.04016019712988983,-3.9364464230488228
USA,United States,2020,0.957554459571838,66807.43167377169,66611.53622116023,339.436159,1.0,1.0,1.0,0.0,0.0,0.045882578569475585,-0.045882578569475585,-4.48458888316563
USA,United States,2021,0.995559453964233,71047.5470969092,71047.5470969092,340.161441,1.0,1.0,1.0,0.0,0.0,0.08891912999095464,-0.08891912999095464,-8.508043986413128
USA,United States,2022,1.05858039855957,72792.54379225198,73145.07672830955,341.534046,1.0,1.0,1.0,0.0,0.0,-0.026897747359222957,0.026897747359222957,2.726275706329906
USA,United States,2023,1.09693396091461,74653.67693038611,74491.4711766935,343.477335,1.0,1.0,1.0,0.0,0.0,0.01807432031948114,-0.01807432031948114,-1.7911959450985226
