countrycode,country,year,pl_con,rgdpe_pc,cgdpe_pc,pop,relp,reli,reli_c,log_x,log_y,fitted,resid,resid_pct
AUS,Australia,2005,0.810801327228546,47589.55201633547,48272.588397146224,20.29449,1.0708418801457509,0.8004987146721559,0.7927304966454436,-0.22252035220292665,0.06844514298044378,-0.02078267465758457,0.08922781763802835,9.33297077477051
AUS,Australia,2006,0.841427445411682,48582.69632213482,48921.701810038285,20.590559,1.076799319113777,0.8031302302144747,0.7960223153918311,-0.21923839859045052,0.07399304758436805,-0.01754057886607649,0.09153362645044454,9.585362574062684
AUS,Australia,2007,0.979489266872406,49296.12479371424,49446.05643862819,20.954549,1.220544820222369,0.8077744947420537,0.8005886877254946,-0.2134723500798645,0.19929733301345556,-0.011844556369372677,0.21114188938282824,23.508758844488533
AUS,Australia,2008,1.0233895778656,49067.9386515739,49506.67246466628,21.370589,1.2417243462653362,0.8215832969981921,0.8144269334339831,-0.19652195042084958,0.21650101545254488,0.004899988462085392,0.2116010269904595,23.565479380815148
AUS,Australia,2009,0.960882008075714,49148.34776514597,49302.44721448288,21.783011,1.167339018739857,0.8491593710610323,0.8416120316284542,-0.16350839407875398,0.154726815606183,0.037512610307971234,0.11721420529821178,12.436024781953803
AUS,Australia,2010,1.12857532501221,51694.59782478948,51867.942492453454,22.141581,1.3553117763981892,0.8787033387719662,0.8699108943815171,-0.12930793681535374,0.3040315211470612,0.07129771870798471,0.23273380243907651,26.204548117943727
AUS,Australia,2011,1.27062022686005,53265.06270636606,53572.05532528684,22.479775,1.5004715925327945,0.9010512899615352,0.8914231849039971,-0.10419309739851083,0.4057794537182688,0.09610754992199606,0.30967190379627274,36.29778529045322
AUS,Australia,2012,1.30656909942627,53025.74069766281,53331.61340105766,22.852644,1.4947191878984485,0.881781944521767,0.875239934950063,-0.12581048197470365,0.4019383550179607,0.07475269856411565,0.32718565645384506,38.70589697265794
AUS,Australia,2013,1.25869047641754,54861.13950302695,54690.22674465393,23.23627,1.4255383422923422,0.8969821824662518,0.8887544266875572,-0.10871928059191345,0.35454952644298304,0.09163633514700906,0.262913191295974,30.071380077130105
AUS,Australia,2014,1.19527304172516,54347.77334131053,54077.67002840911,23.595601,1.3421112584100507,0.8717566412966421,0.8632788478607809,-0.13724497510536204,0.2942439400385888,0.06345707210674895,0.23078686793183983,25.959075165663247
AUS,Australia,2015,1.01767539978027,52560.68439446431,51974.622976898034,23.948002,1.1424302859488156,0.8201654606116723,0.8122379668417044,-0.19824917784518659,0.13315782306131502,0.003193737422420184,0.12996408563889483,13.878748376527138
AUS,Australia,2016,1.00495779514313,54903.094180620006,54155.79033145262,24.329963,1.1194816934161904,0.8467856146233573,0.8392314869320202,-0.16630772779279318,0.11286580445864648,0.03474727321764415,0.07811853124100233,8.125081307549141
AUS,Australia,2017,1.06146895885468,54582.42897042978,54073.6351219872,24.731038,1.1670564720261265,0.8282565641953714,0.8228890643063629,-0.18843231245427827,0.15448474290151254,0.012891381486820147,0.1415933614146924,15.210806167839097
AUS,Australia,2018,1.053382396698,55838.47697102824,55432.64519099069,25.119706,1.1275633771832465,0.8288729256396954,0.8267510390832064,-0.18768842191762689,0.12005900117703432,0.013626237814177128,0.10643276336285719,11.230313640902189
AUS,Australia,2019,0.993851006031036,55989.518031713575,55499.21507575684,25.482714,1.0488546831363708,0.8151899275041649,0.8117043012077316,-0.204334153008439,0.04769879087283045,-0.0028173385090667358,0.05051612938189719,5.18138283251075
AUS,Australia,2020,0.973726391792297,58611.7978894406,58231.98786068454,25.743791,1.0168887858636158,0.8773245194583844,0.8742027457127794,-0.1308783214655506,0.016747755987028514,0.06974640565892218,-0.05299864967189366,-5.16187068926508
AUS,Australia,2021,1.09347748756409,62288.11357129915,62288.11357129915,25.956417,1.098354782539562,0.8767102611767562,0.8767102611767562,-0.1315787161367626,0.09381340796325809,0.06905451695967332,0.024758891003584763,2.5067937624917658
AUS,Australia,2022,1.06907713413239,63801.368108922936,64097.821669598365,26.200984,1.0099158605119676,0.8764821887666184,0.8763108132032406,-0.13183889568685334,0.009867020959200756,0.0687974971708564,-0.05893047621165564,-5.72276880186442
AUS,Australia,2023,1.07595205307007,62890.569413987854,62714.51829419423,26.451124,0.9808722233132016,0.8424309692425833,0.8419019963431197,-0.1714635557296381,-0.019313079364858987,0.029654060445763075,-0.04896713981062206,-4.778758093516677
AUT,Austria,2005,0.868426322937012,45038.71592562294,45662.09031274471,8.229204,1.1469483894416472,0.7575913762871715,0.7498610025567045,-0.2776111201117343,0.13710484100728138,-0.0752043904640241,0.21230923147130548,23.65302000166163
AUT,Austria,2006,0.878479421138763,47201.06962020572,47537.28522407411,8.269898,1.1242158164627796,0.780290283995079,0.7734959834071999,-0.24808926956442148,0.11708574056957625,-0.0460410692479265,0.16312680981750277,17.718595896048495
AUT,Austria,2007,0.981091380119324,49212.2965758992,49394.34008416585,8.296952,1.2225412188467042,0.8064008716312304,0.7997513402940702,-0.21517430077371424,0.2009316586465097,-0.013525837652846234,0.21445749629935593,23.918944971772294
AUT,Austria,2008,1.05557680130005,50478.73484682011,50947.26034400253,8.323253,1.280778544042683,0.8452053732731591,0.8381258311885708,-0.16817563586200637,0.2474681305633957,0.032902050034994995,0.2145660805284007,23.93240134543786
AUT,Austria,2009,1.00041306018829,49990.96546989563,50181.18640403803,8.345066,1.215363790975172,0.8637176777538471,0.8566124528322074,-0.1465093254353436,0.19504344841682572,0.054305233061337055,0.14073821535548867,15.112326214340378
AUT,Austria,2010,0.957409858703613,50825.69250284396,51026.138594769785,8.365092,1.1497583081808869,0.8639337102305457,0.855792455393227,-0.1462592373917406,0.13955175348779328,0.054552283900382886,0.08499946958741039,8.871648922931307
AUT,Austria,2011,1.00098741054535,53449.36329940536,53768.66674132967,8.39327,1.1820630132088157,0.9041689862273634,0.8946947408227159,-0.10073900439207026,0.1672612282303001,0.09951969455350095,0.06774153367679915,7.008869084272162
AUT,Austria,2012,0.938789963722229,54445.94686110028,54831.527547378006,8.431601,1.0739786918260026,0.9053990055178218,0.8998554430162425,-0.0993795423707409,0.07137015587682431,0.100862646532259,-0.02949249065543469,-2.9061831276920858
AUT,Austria,2013,0.99044406414032,54244.55125718543,54143.00190911743,8.481406,1.1217340686857735,0.8869009359692217,0.8798616404636642,-0.1200219872736194,0.11487576357633376,0.08047089465263169,0.03440486892370208,3.5003562689724266
AUT,Austria,2014,1.00641596317291,54458.69249423566,54276.78566937032,8.547817,1.1300532578467886,0.8735358219744268,0.8664574670769889,-0.13520614054720995,0.12226476245149215,0.06547114595454445,0.056793616496947696,5.843734384554544
AUT,Austria,2015,0.838562846183777,56498.83405199815,55963.10359080981,8.644039,0.94136066604207,0.8816169878328269,0.8745682965118438,-0.12599757144878074,-0.06042893329498317,0.07456788120587056,-0.1349968145008537,-12.62813050862418
AUT,Austria,2016,0.838263988494873,58260.91307251216,57538.704885547646,8.737915,0.9337916417041144,0.8985741845864775,0.8916552147369541,-0.10694601124030004,-0.06850194732695887,0.09338806895586646,-0.16189001628282534,-14.946525563101842
AUT,Austria,2017,0.864391207695007,59305.57203511669,58792.595971849725,8.798778,0.9503748036036972,0.8999275088702612,0.8947019037702068,-0.10544106460151516,-0.0508988420849351,0.09487473870814474,-0.14577358079307984,-13.564661276107003
AUT,Austria,2018,0.920799314975739,61137.87443520158,60768.30257926971,8.84165,0.9856435692837274,0.9075378054596804,0.9063297832465576,-0.09702005480210067,-0.014460481331993692,0.10319347920683562,-0.11765396053882932,-11.099637026835063
AUT,Austria,2019,0.84833174943924,64319.30251024786,63848.698596850125,8.880876,0.8952818107071787,0.9364689926558863,0.9338197523484986,-0.06563886746366254,-0.11061673797063666,0.13419355642173467,-0.24481029439237134,-21.714696423314972
AUT,Austria,2020,0.861244857311249,61309.7936928096,60930.90858446623,8.921405,0.899421279596303,0.9177091852923236,0.914720062635495,-0.08587473017127448,-0.10600374515634632,0.11420344898313932,-0.22020719413948564,-19.76474620046462
AUT,Austria,2021,0.892258822917938,63820.24921889088,63820.24921889088,8.967057,0.8962386117323675,0.8982751949457136,0.8982751949457136,-0.10727880445817255,-0.10954859372380042,0.09305931735895012,-0.20260791108275056,-18.340164216958897
AUT,Austria,2022,0.847198069095612,64537.28991115734,64918.143249891866,9.064677,0.8003152809634583,0.8865920401867681,0.8875258069797938,-0.12037033461948457,-0.2227495277473692,0.08012677782547141,-0.3028763055728406,-26.130953738676045
AUT,Austria,2023,0.937089800834656,62978.99583907832,62802.68292979443,9.130429,0.8542809633255607,0.8436154577865693,0.8430855497648406,-0.17005850694822647,-0.15749514243283166,0.031042045554315945,-0.1885371879871476,-17.183029509836413
BEL,Belgium,2005,0.908676326274872,42959.69831621415,43602.08232058255,10.478886,1.2001073912867903,0.7226204456185816,0.7160316345252021,-0.3248711661510527,0.18241104552871032,-0.1218904849255944,0.30430153045430475,35.56777726010005
BEL,Belgium,2006,0.937272131443024,44039.936774549264,44395.54023712697,10.548442,1.199454567907959,0.7280329672492833,0.7223755393843965,-0.31740894712768986,0.18186692672199523,-0.11451889112884256,0.2963858178508378,34.49889774971784
BEL,Belgium,2007,1.03759658336639,46053.57781987151,46252.22448501919,10.625493,1.2929525397987314,0.754641581061034,0.7488768644433036,-0.28151236952316183,0.25692839362397024,-0.07905826099111851,0.33598665461508875,39.9320350217633
BEL,Belgium,2008,1.11633968353271,46765.84669722088,47236.25226290017,10.709708,1.3545048666957915,0.7830375510421471,0.7770765870973217,-0.2445746262330438,0.3034359755197928,-0.04256910964740232,0.3460050851671951,41.3409803224567
BEL,Belgium,2009,1.05114591121674,46522.61099784656,46718.34878781756,10.812935,1.2769972028193866,0.8037932685717644,0.7975004621290231,-0.21841317150849188,0.24451138661682592,-0.016725373788440412,0.26123676040526633,29.85350707311514
BEL,Belgium,2010,0.998717308044434,48379.42593081266,48577.18459056751,10.936626,1.1993646315727091,0.8223521389480748,0.8147194599027126,-0.1955865827791199,0.18179194288385403,0.005823996492923061,0.17596794639093097,19.239983731986744
BEL,Belgium,2011,1.03544354438782,50128.39114741674,50425.30862749194,11.038631,1.2227521577118083,0.847990206189655,0.839062248845036,-0.1648861925615798,0.20110418507434,0.03615154455562941,0.16495264051871059,17.933726458767364
BEL,Belgium,2012,0.9827019572258,50174.789273355214,50576.57795377869,11.107518,1.1242141514717887,0.8343725645190119,0.8300262822610233,-0.1810752563263079,0.11708425954413663,0.020159089543298647,0.09692517000083799,10.17779244950483
BEL,Belgium,2013,1.03318572044373,50140.58344076795,50069.90866534125,11.160276,1.1701414182408525,0.8198008712952407,0.8136710271458814,-0.19869380809807002,0.15712461179676657,0.002754506999975842,0.15437010479679072,16.69226905524439
BEL,Belgium,2014,1.03567957878113,50800.9772242382,50656.34227433268,11.210119,1.162911882276977,0.8148648335869652,0.8086618519705809,-0.20473302785518627,0.15092710306238644,-0.003211369203791309,0.15413847226617775,16.66524245990033
BEL,Belgium,2015,0.86878901720047,52205.25044266977,51724.51638909177,11.275335,0.975292205711,0.8146192114684382,0.8083294042636984,-0.20503450011707502,-0.025018154719685968,-0.0035091802233652714,-0.021508974496320696,-2.1279306095532857
BEL,Belgium,2016,0.86876904964447,53989.01594597792,53321.88681233185,11.332701,0.9677730264732642,0.8326875330618914,0.8263088043153266,-0.18309681755666607,-0.03275769598335693,0.01816207924665547,-0.0509197752300124,-4.964509052172039
BEL,Belgium,2017,0.899176299571991,54950.373490946,54473.15959865271,11.376581,0.988620073299441,0.8338399079586616,0.8289690018217362,-0.18171385193356984,-0.011445173541554207,0.019528249386719626,-0.030973422928273833,-3.0498660759738616
BEL,Belgium,2018,0.960537314414978,56160.05846732826,55821.56024291679,11.428605,1.0281799862493703,0.8336465192283615,0.8325515186054656,-0.18194580432372315,0.02779023560774182,0.0192991139519324,0.008491121655809418,0.8527273480031239
BEL,Belgium,2019,0.881881475448608,59420.04707666725,58985.605691530254,11.490618,0.9306883123148944,0.8651373609125522,0.8626945405228408,-0.1448669859146085,-0.07183084582044212,0.055927627122045714,-0.12775847294248782,-11.993408679231898
BEL,Belgium,2020,0.892533719539642,57397.26893346829,57043.50813211697,11.540107,0.932097084001604,0.859144970783276,0.8563607952641119,-0.15181760431858482,-0.07031830233789581,0.049061420789864,-0.11937972312775981,-11.252925639475597
BEL,Belgium,2021,0.94481098651886,60506.2333828025,60506.2333828025,11.570844,0.9490251765042288,0.8516301526957955,0.8516301526957955,-0.16060293947854992,-0.0523199512149125,0.04038277949498556,-0.09270273070989807,-8.85355895942479
BEL,Belgium,2022,0.914021849632263,60772.25253439755,61130.57816561328,11.64182,0.8634411244304064,0.8348691963264806,0.8357442619504936,-0.18048021750835888,-0.14682956619774992,0.020746901887788466,-0.1675764680855384,-15.428805515715249
BEL,Belgium,2023,0.992524325847626,61771.63596559791,61569.422900046986,11.712893,0.9048168451454192,0.8274426459020822,0.8265298285491575,-0.18941548422109247,-0.10002273681880552,0.011920149890066095,-0.11194288670887162,-10.59046792315007
BGR,Bulgaria,2022,0.423291474580765,30076.5198918408,30193.28166734644,6.825864,0.3998671004646841,0.4131813277150803,0.4127862464277194,-0.8838687322178433,-0.9166230359193187,-0.6740992820027295,-0.2425237539165892,-21.535489103711715
BGR,Bulgaria,2023,0.47368511557579,30684.214212801635,30610.55661854824,6.795803,0.4318264658164445,0.4110208026513469,0.4109269978832893,-0.8891114510433126,-0.8397314709398545,-0.6792783304132554,-0.1604531405265991,-14.824226444423017
CAN,Canada,2005,0.772285163402557,48725.46071193887,49114.51150399228,32.440173,1.0199727955718452,0.8196057121598256,0.8065565238958656,-0.1989318931933802,0.019775955932507125,0.0025193133389223854,0.01725664259358474,1.740639863903315
CAN,Canada,2006,0.857506036758423,49045.38793121474,49120.18759571175,32.759171,1.0973755628634785,0.8107790773689163,0.799251947821579,-0.209759669659647,0.09292147718218462,-0.008176964749599558,0.10109844193178417,10.638555113366287
CAN,Canada,2007,0.93935614824295,49387.75775696312,49302.91895929101,33.092171,1.1705348081484608,0.80927600770884,0.7982711268318544,-0.21161524865223613,0.15746074535242632,-0.010010008586604058,0.16747075393903038,18.231071174812197
CAN,Canada,2008,0.977400481700897,49445.1641950744,49650.79014866924,33.449085,1.1859237190110017,0.8278994825616779,0.8167977920999521,-0.1888635298385652,0.17052198064111657,0.012465401039836621,0.15805657960127995,17.123246069863264
CAN,Canada,2009,0.917777419090271,46010.29832642403,45977.7756229829,33.82637,1.1149728924240785,0.7949417989774953,0.7848585889352941,-0.22948637584104184,0.10883009288926339,-0.027664099134403958,0.13649419202366736,14.624822037389906
CAN,Canada,2010,1.01714026927948,48045.93539314778,48067.37374052541,34.196899,1.221488858254446,0.8166834760466204,0.8061690915785779,-0.2025036814090703,0.20007049031052657,-0.0010090971475104904,0.20107958745803706,22.272208129330508
CAN,Canada,2011,1.0727264881134,49906.67608688782,50060.60259318847,34.555452,1.2667794734774915,0.844239593102146,0.832993648103876,-0.1693189465888276,0.23647783210734732,0.0317726242924366,0.20470520781491072,22.716325349924162
CAN,Canada,2012,1.08033013343811,50047.03126200873,50187.85373310445,34.922516,1.2359010942658195,0.8322480358242471,0.8236468210011902,-0.1836247626087939,0.21180033501312798,0.017640545844981398,0.19415978916814658,21.42902978916663
CAN,Canada,2013,1.07405889034271,51135.88695098037,50855.09108734194,35.293433,1.2164326009848907,0.8360741299787829,0.8264307905414241,-0.17903799760516007,0.19592247766621038,0.022171606691907347,0.17375087097430303,18.97591253642188
CAN,Canada,2014,1.01647174358368,52167.89029233212,51815.90813830194,35.634264,1.1413443818245492,0.8367905808977621,0.8271727952590066,-0.1781814418321495,0.13220684990146164,0.023017759988015113,0.10918908991344653,11.537323623132178
CAN,Canada,2015,0.884187161922455,50825.06832028288,50194.8273013295,35.962234,0.992577979624388,0.7930826253456239,0.7844240542413186,-0.2318278694009888,-0.007449700616094217,-0.029977156329267785,0.022527455713173567,2.2783115018798927
CAN,Canada,2016,0.84796941280365,51181.86104645176,50438.70036931679,36.353343,0.9446030856204878,0.7893920062356948,0.7816291711521026,-0.2364922421845778,-0.05699045493590682,-0.034584882445265336,-0.022405572490641484,-2.215643183333993
CAN,Canada,2017,0.865199387073517,52873.32500971175,52368.28876767231,36.808497,0.9512633750182262,0.8023219071810433,0.7969372143400226,-0.2202453711222453,-0.04996430943914805,-0.01853532217843945,-0.0314289872607086,-3.0940230400817836
CAN,Canada,2018,0.882549583911896,53444.09392088833,53050.34481159072,37.295005,0.9447002270844532,0.7933304217690884,0.7912201834422536,-0.23151547103042516,-0.056887621829758324,-0.029668551893596268,-0.027219069936162056,-2.685196930581235
CAN,Canada,2019,0.906117022037506,52559.485519057744,52101.37857209875,37.782935,0.9562651506778688,0.7652497234512374,0.7620092109068118,-0.2675530625402317,-0.04472005012076659,-0.06526848338741192,0.020548433266645336,2.0761005835948643
CAN,Canada,2020,0.887929558753967,49628.30382410601,49314.77150391929,38.171902,0.9272888344658712,0.7428560353352107,0.7403337965391895,-0.2972530143639517,-0.07549018215660049,-0.09460774292162194,0.019117560765021455,1.9301471434808315
CAN,Canada,2021,0.973719477653503,53905.64511827712,53905.64511827712,38.454057,0.9780626096977282,0.7587263363892008,0.7587263363892008,-0.2761141247202086,-0.02218159290055398,-0.07372557539475483,0.05154398249420085,5.289549424372586
CAN,Canada,2022,0.986048877239227,56255.14360572387,56526.663650965056,38.821259,0.9314822743562624,0.7728146411021791,0.7728020282339437,-0.25771605073769893,-0.0709781182613652,-0.05555093758031415,-0.015427180681051048,-1.5308791315750248
CAN,Canada,2023,0.988880336284638,55111.91030940782,54964.845891528574,39.299105,0.901494867986512,0.7382343720430433,0.73786763804345,-0.3034939275045629,-0.10370092910426223,-0.100772863035272,-0.002928066068990237,-0.29237834644740834
CHE,Switzerland,2005,1.12245404720306,51883.01376391768,54399.779334088016,7.431823,1.4824479954820355,0.8727185710232703,0.8933509786987838,-0.1361421450767905,0.39369477234160366,0.06454650877056667,0.329148263571037,38.97838946363792
CHE,Switzerland,2006,1.1256936788559,55844.26153662448,57988.84008831172,7.478509,1.4405831346868578,0.9231726112252088,0.9435569296674148,-0.07993905088544408,0.36504798625955803,0.12006704216714334,0.2449809440924147,27.75969672031815
CHE,Switzerland,2007,1.15334510803223,60699.8755264976,62667.34575762311,7.545381,1.4371871598271664,0.9946382497509054,1.014656612011246,-0.005376176019987829,0.36268784205865157,0.19372438512442364,0.16896345693422793,18.407686833447556
CHE,Switzerland,2008,1.25283122062683,62804.76581998208,65117.552600668336,7.641728,1.520116153281715,1.0515898565860202,1.0712392095255294,0.05030316813100614,0.41878674857129006,0.24872752918460816,0.1700592193866819,18.53750464251267
CHE,Switzerland,2009,1.23393988609314,62207.40451390572,63930.28418207349,7.737645,1.4990666530436654,1.0747869032095532,1.0913149223402832,0.07212241235703887,0.40484268313770233,0.27028178869948793,0.1345608944382144,14.403432220867174
CHE,Switzerland,2010,1.29938912391663,63386.73974887784,64886.25599351271,7.825753,1.560442925463466,1.0774460426210983,1.0882494710985933,0.07459346528816128,0.44496970754106724,0.272722831826402,0.17224687571466524,18.797107822381886
CHE,Switzerland,2011,1.40549099445343,69843.7128050084,71469.03127626551,7.914372,1.6597400750887934,1.1815018010132616,1.1892235811273844,0.16678634198836245,0.5066610088365135,0.3637960683342259,0.14286494050228765,15.357399002065986
CHE,Switzerland,2012,1.31573176383972,71392.49850542436,73445.19595505697,7.998926,1.5052013050073494,1.187208614686172,1.2053295302861375,0.17160484971038997,0.4089266467360713,0.36855605749054676,0.04037058924552456,4.11965589513561
CHE,Switzerland,2013,1.35807120800018,70256.00924312606,71394.2594684943,8.091202,1.5380926564866773,1.1486890187323096,1.1602066387283154,0.1386213083884434,0.4305431140585849,0.33597308614616017,0.09457002791242475,9.918613414823941
CHE,Switzerland,2014,1.38523411750793,70832.6439961735,71652.46174255073,8.190235,1.5554088812693163,1.1361795346513082,1.1438372730741262,0.12767134887807832,0.4417384572208176,0.3251561088705569,0.11658234835026071,12.365003738428126
CHE,Switzerland,2015,1.28761672973633,73145.29696880734,73317.1657934503,8.283934,1.44546320866434,1.1413711003032088,1.14577042156011,0.13223025928284968,0.368429829825436,0.32965965339994474,0.03877017642549124,3.953154733858688
CHE,Switzerland,2016,1.26218664646149,74080.33838250746,73879.18675098369,8.374901,1.4060240651069005,1.1425615587778786,1.1448773874572569,0.13327272310309013,0.3407659092497488,0.33068945697533747,0.01007645227441134,1.0127390668632996
CHE,Switzerland,2017,1.25076603889465,75750.8935808389,75542.7728781063,8.453628,1.375183502546799,1.1494756835754798,1.1496050071081017,0.13930591108302384,0.3185871786116939,0.3366493746550888,-0.01806219604339493,-1.7900052272257772
CHE,Switzerland,2018,1.2870237827301,76478.73899880043,76254.75057137194,8.516344,1.3776581871116658,1.1352594050167386,1.13730264995831,0.12686117549517978,0.32038509183044506,0.32435577467171195,-0.003970682841266893,-0.39628101036489616
CHE,Switzerland,2019,1.2112945318222,79409.68017110766,79183.64611978934,8.577524,1.278332400580694,1.1561801868904742,1.1581011740978648,0.14512162911608256,0.24555641648776197,0.3423944634607017,-0.09683804697293971,-9.229700052162004
CHE,Switzerland,2020,1.32020032405853,77112.45608224075,76835.32631250996,8.640582,1.378720876772738,1.1542496717848647,1.1534837758043175,0.1434504980513273,0.3211561684415315,0.34074362751606635,-0.019587459074534852,-1.9396871203934296
CHE,Switzerland,2021,1.36588859558105,80899.091457551,80899.091457551,8.707023,1.3719809401057848,1.1386612875910302,1.1386612875910302,0.1298532632344943,0.31625563715602073,0.3273115248781068,-0.011055887722086044,-1.0994996006012614
CHE,Switzerland,2022,1.33620035648346,83426.88709128178,83951.52932457495,8.792182,1.2622568472849605,1.1460911069323243,1.147739985787491,0.13635711507354115,0.2329012674084138,0.3337363904203279,-0.10083512301191408,-9.591791707111884
CHE,Switzerland,2023,1.45367074012756,82203.39023653633,81977.53783554389,8.870561,1.325212630772692,1.1011298253023796,1.1004956210502737,0.09633676659499671,0.28157292261814265,0.29420207071399795,-0.012629148095855303,-1.2549735062896916
CYP,Cyprus,2005,0.738064289093018,36294.77954393127,36895.981535360304,0.73854,0.9747765876288744,0.6105105667784656,0.6059043183289589,-0.49345967718073125,-0.02554697513453761,-0.28843156583184065,0.262884590697303,30.06766001098824
CYP,Cyprus,2006,0.758512258529663,38338.88157653819,38672.79569037838,0.750965,0.9706903286528508,0.6337876881629936,0.6292587385382727,-0.45604125734316037,-0.029747781584579372,-0.2514675755368214,0.22171979395224206,24.822156962462927
CYP,Cyprus,2007,0.822504460811615,40458.32145184944,40639.45382515888,0.767125,1.024925533343474,0.6629567801858223,0.6579996333610023,-0.4110454791777996,0.0246199595545928,-0.20701825045465333,0.23163821000924611,26.06635508585846
CYP,Cyprus,2008,0.850172519683838,43446.60308918275,43898.53971583917,0.786632,1.0315523423825683,0.7274608306423659,0.7221683725263035,-0.31819512242739184,0.031064796189938897,-0.11529551869020177,0.14636031488014067,15.76132181831622
CYP,Cyprus,2009,0.798746109008789,42638.193077960736,42786.334092892015,0.808035,0.9703662793935132,0.7366803333913144,0.7303794354304313,-0.3056012211956301,-0.030081671138345895,-0.10285456461122022,0.07277289347287433,7.548625922792018
CYP,Cyprus,2010,0.776794970035553,42555.28690234204,42698.143926789686,0.829446,0.93285698118969,0.7233535854215566,0.7161182569983103,-0.3238571232290363,-0.06950337907053691,-0.12088875708965541,0.051385378019118494,5.272851354883756
CYP,Cyprus,2011,0.862444758415222,39541.21338647825,39781.749923020965,0.850881,1.0184584132811718,0.6688936334298605,0.6619565742271399,-0.40213022487308053,0.018290124512045987,-0.19821126782343124,0.21650139233547722,24.172481425013714
CYP,Cyprus,2012,0.812972366809845,38084.885141704624,38198.22786028046,0.863945,0.9300429624697878,0.6333256949416014,0.6268817374082392,-0.45677046318696884,-0.0725244976977743,-0.25218792551019314,0.17966342781241884,19.681448085817976
CYP,Cyprus,2013,0.867318153381348,33964.234878412404,33900.03937384707,0.86193,0.9822869925339438,0.5553168199387079,0.5508993443940001,-0.5882164813703102,-0.01787176023573073,-0.3820375921059319,0.3641658318702012,43.93128783148532
CYP,Cyprus,2014,0.858015060424805,33127.08979957865,33093.56035646167,0.852504,0.963421437849426,0.5313697096337482,0.5282951473524848,-0.6322972483466313,-0.037264332750611806,-0.4255830183901732,0.3883186856395614,47.44996112722602
CYP,Cyprus,2015,0.703867197036743,35195.86546685148,35022.43662999882,0.8477,0.7901529341814667,0.5492020042129989,0.5473161918815025,-0.5992889557632266,-0.235528764685249,-0.3929755963770438,0.15744683169179483,17.05185218376841
CYP,Cyprus,2016,0.685989201068878,38937.39083049554,38653.096010450914,0.8516,0.7641637849760966,0.6005421537402085,0.5989921860772288,-0.5099224421902767,-0.2689731345503839,-0.30469439811293586,0.03572126356255195,3.63669330006422
CYP,Cyprus,2017,0.707272946834564,41226.86460392382,41015.83632822544,0.859519,0.7776275162892192,0.6255936548351972,0.6241763310666064,-0.46905423232933013,-0.2515076402875762,-0.26432251391172135,0.012814873624145129,1.2897335988918623
CYP,Cyprus,2018,0.765976548194885,41735.80039146366,41492.64859901755,0.870068,0.8199179198676181,0.6195311342810395,0.618842745558306,-0.47879232206353534,-0.19855104145636657,-0.2739423390136291,0.07539129755726251,7.830600685010647
CYP,Cyprus,2019,0.706646621227264,45764.48472512242,45490.40917531588,0.875899,0.7457552626088136,0.6663166302700931,0.6653204147284063,-0.4059903005924569,-0.2933577988118918,-0.20202446469407515,-0.09133333411781663,-8.728657833613829
CYP,Cyprus,2020,0.721360683441162,42791.56648892743,42598.60850304897,0.888005,0.7533364564598363,0.6405210530751059,0.639507972937529,-0.4454732884351861,-0.2832433296493633,-0.24102794976298791,-0.04221537988637536,-4.133671845323727
CYP,Cyprus,2021,0.77000617980957,46902.37841333829,46902.37841333829,0.896007,0.773440678749492,0.6601547883048406,0.6601547883048406,-0.4152809437243888,-0.2569063038951398,-0.21120227722742002,-0.04570402666771978,-4.467532902220118
CYP,Cyprus,2022,0.724971294403076,50060.74580249916,50305.89650079308,0.904705,0.68485236963537,0.6877180435591208,0.6877550581790973,-0.3743763454563821,-0.37855198272790325,-0.1707944465396553,-0.20775753618824794,-18.759600859778036
CYP,Cyprus,2023,0.780706524848938,50630.62906271781,50500.3268432881,0.913951,0.7117169790221414,0.678206769506215,0.6779343466515986,-0.3883030677623918,-0.34007494796817145,-0.18455203519239388,-0.15552291277577757,-14.403253588634012
CZE,Czechia,2006,0.47250497341156,31286.55835148382,30877.77805866668,10.304588,0.6046784383156243,0.5172043281590687,0.502423249294477,-0.6593172636757749,-0.5030584691674903,-0.45227488802906424,-0.05078358113842607,-4.951564898375316
CZE,Czechia,2007,0.525940120220184,34208.84198498618,33673.26380165964,10.337543,0.6553757260981784,0.5605517708697553,0.5452089816680437,-0.5788336752228554,-0.4225465801775177,-0.37276873583460624,-0.04977784434291149,-4.855923102662818
CZE,Czechia,2008,0.671059787273407,33994.56288183065,33677.964543684066,10.378292,0.8142268532721555,0.5691978473110553,0.5540312047267367,-0.5635271947288703,-0.20551626228277592,-0.3576481455240962,0.15213188324132026,16.431377978218386
CZE,Czechia,2009,0.586519718170166,34035.500243019254,33594.023261716626,10.420985,0.7125405060413929,0.5880475192821368,0.5734630989993025,-0.5309475192431999,-0.3389185178708537,-0.32546413525068496,-0.013454382620168737,-1.3364276972286815
CZE,Czechia,2010,0.585077345371246,34245.45060772446,33878.697366742366,10.464035,0.7026223227739463,0.5821032187685945,0.5682016002672857,-0.5411074951396039,-0.3529357679871056,-0.3355007229008995,-0.01743504508620608,-1.7283934170650883
CZE,Czechia,2011,0.610195934772492,35950.190991177085,35681.7131152547,10.495511,0.7205785384573161,0.6081465846672547,0.5937331721715263,-0.4973393328715443,-0.3277008639907691,-0.29226410488415083,-0.035436759106618254,-3.481622861606204
CZE,Czechia,2012,0.563520312309265,35928.606659062454,35652.81717485928,10.507335,0.64466902205865,0.5974682527194229,0.5851082949665926,-0.5150541301120853,-0.43901823798496925,-0.3097637640391886,-0.12925447394578066,-12.12496819702279
CZE,Czechia,2013,0.57436203956604,35914.89471716878,35417.147108269564,10.511163,0.6504975806991112,0.5872101990275695,0.5755534059144477,-0.5323724329165085,-0.43001770017698315,-0.32687174400113606,-0.1031459561758471,-9.800468791303086
CZE,Czechia,2014,0.539312422275543,37551.14466495253,37061.90265855274,10.517226,0.6055664676346273,0.6023330439755227,0.5916445107526956,-0.5069447574529493,-0.501590948876333,-0.3017528759906767,-0.19983807288565636,-18.11366614794485
CZE,Czechia,2015,0.454365968704224,39901.60237869731,39225.78103146056,10.524416,0.510065826160536,0.6226310876864223,0.613004324185921,-0.47380109018389305,-0.6732154906896862,-0.26901172335534734,-0.4042037673343389,-33.249190893422245
CZE,Czechia,2016,0.456627905368805,41662.953757462536,40903.14654990701,10.531948,0.5086647252589872,0.6425792649950612,0.6338603552673151,-0.442265100180052,-0.6759661724730482,-0.23785872348239817,-0.4381074489906501,-35.47435530216121
CZE,Czechia,2017,0.485209822654724,43830.89636499793,43300.08752680636,10.541342,0.5334751045672069,0.6651083199053669,0.6589379173220982,-0.40780536451520255,-0.6283428736830202,-0.2038174854981724,-0.4245253881848478,-34.59198543611842
CZE,Czechia,2018,0.546466588973999,44863.17258791099,44517.66680377369,10.548937,0.5849496958681246,0.6659542153292295,0.6639594260885403,-0.4065343565567531,-0.5362294254166476,-0.2025619133482805,-0.33366751206836714,-28.370809894817683
CZE,Czechia,2019,0.513689279556274,48448.88321747061,47973.2943308187,10.554875,0.5421188923390002,0.7054006354428134,0.7016338753309658,-0.3489893603543743,-0.6122699430390207,-0.14571577472497366,-0.46655416831404706,-37.28403642695742
CZE,Czechia,2020,0.527812778949738,46343.78463524001,45989.49394362856,10.550129,0.5512091491754367,0.6936920560206834,0.6904133510888651,-0.36572714026278946,-0.5956409607712485,-0.16225028197515984,-0.43339067879608867,-35.16928375387294
CZE,Czechia,2021,0.580019593238831,48293.407227242526,48293.407227242526,10.530683,0.5826066850445168,0.6797336319207485,0.6797336319207485,-0.38605427531703423,-0.5402429600212323,-0.182330553299611,-0.3579124067216213,-30.086568820908198
CZE,Czechia,2022,0.598296403884888,47834.54441038513,48096.87755224223,10.673213,0.5651874951576669,0.6571352218010635,0.6575545437035157,-0.41986546462614666,-0.5705977530490961,-0.2157311212260578,-0.3548666318230383,-29.87330363313849
CZE,Czechia,2023,0.67473030090332,48067.73485075834,47913.08520501371,10.809716,0.6151056717587066,0.6438763209959648,0.6432022948152554,-0.4402486194643012,-0.48596120193777476,-0.23586673199984326,-0.2500944699379315,-22.127278671511164
DEU,Germany,2005,0.842925786972046,42936.00070428156,42982.42851381855,82.046731,1.1132693105348717,0.722221830647667,0.7058557047419692,-0.3254229426149283,0.10730101115939396,-0.12243556031745362,0.22973657147684756,25.826850245380186
DEU,Germany,2006,0.852697908878326,45071.951201764765,44881.53657884214,81.701971,1.091222460946334,0.7450934033152128,0.7302833577735902,-0.2942456948837208,0.08729859160703518,-0.09163694595681637,0.17893553756385155,19.594364824195274
DEU,Germany,2007,0.930846571922302,47548.02367796461,47233.786800260204,81.298542,1.1599309969054663,0.7791298192946089,0.7647694905186503,-0.2495775983505342,0.14836051792262298,-0.04751132296372959,0.19587184088635257,21.637100631455386
DEU,Germany,2008,0.994562208652496,48582.87820371885,48539.81980717556,81.110777,1.2067468098853518,0.8134615463613455,0.7985213836217903,-0.2064566228178484,0.18792815199611607,-0.00491403189636222,0.19284218389247829,21.26913961809549
DEU,Germany,2009,0.944336295127869,46805.29442270561,46589.94335017029,80.935283,1.1472382611498917,0.8086773244999459,0.7953085311528522,-0.2123552987195646,0.13735754207649237,-0.010741071085376142,0.1480986131618685,15.962724523397087
DEU,Germany,2010,0.891297876834869,49350.95137598576,49235.51906940962,80.830924,1.0703640970884525,0.8388661014953595,0.825760814307219,-0.17570417822459442,0.06799886824526376,0.025464938365545864,0.042533929879717894,4.345145995558286
DEU,Germany,2011,0.926803410053253,51883.91423697339,51923.16211529381,80.857874,1.094459350835282,0.8776872771031419,0.8639860886810943,-0.130464925213019,0.090260497807568,0.07015478140361978,0.020105716403948218,2.030919774479112
DEU,Germany,2012,0.878149211406708,52144.36778506802,52078.17600365018,80.91639,1.0046054791161596,0.8671253134122103,0.8546694253365448,-0.14257177583840883,0.004594906346566628,0.058194962924839,-0.053600056578272375,-5.218889847644171
DEU,Germany,2013,0.941085457801819,51735.05867642119,51374.30868513895,81.041582,1.0658326479823204,0.8458706155572191,0.8348684395680169,-0.16738886776551687,0.06375632278361107,0.03367926319389672,0.03007705958971435,3.053394341671356
DEU,Germany,2014,0.955386281013489,53015.63432399299,52648.94180206272,81.37608,1.072754625192616,0.8503886815058364,0.840471081614592,-0.1620617616551123,0.07022975640909182,0.03894167404449653,0.03128808236459529,3.1782699475876752
DEU,Germany,2015,0.805701613426209,53855.08583041282,53249.73150392525,82.07755,0.9044710374395072,0.840363510963599,0.8321648368827907,-0.1739207296074083,-0.10040499517962398,0.027226727817465518,-0.1276317229970895,-11.982253141620337
DEU,Germany,2016,0.80156672000885,55340.386119872106,54622.23209923061,82.760102,0.8929123923793896,0.8535300892121892,0.846459755893542,-0.15837448345904132,-0.11326680775654197,0.04258417193848166,-0.15585097969502362,-14.431330443731182
DEU,Germany,2017,0.821139812469482,57228.21524117363,56734.61088344393,83.104007,0.9028210618752788,0.8684048296268856,0.8633836204712523,-0.14109727947010575,-0.10223090480791786,0.05965155221120086,-0.16188245701911871,-14.945882619029316
DEU,Germany,2018,0.870728015899658,58059.83326677143,57660.85765841669,83.368505,0.9320461641408688,0.8618469999987817,0.859983748191629,-0.14867751827335315,-0.0703729331832437,0.05216337193064749,-0.12253630511389119,-11.532621382211438
DEU,Germany,2019,0.810887932777405,60282.677957154825,59799.36185591851,83.559186,0.8557657039447544,0.87769699760257,0.8745961390925977,-0.1304538501457892,-0.15575865065082115,0.07016572196923895,-0.2259243726200601,-20.222156672303406
DEU,Germany,2020,0.829186677932739,58369.66296310592,58023.71118778972,83.628708,0.8659420565003713,0.873700148332773,0.8710760099443188,-0.13501804190269567,-0.14393728201115252,0.06565696022731474,-0.20959424223846726,-18.908678644457222
DEU,Germany,2021,0.889575242996216,59757.64412243614,59757.64412243614,83.697083,0.8935430620984043,0.8410936980122118,0.8410936980122118,-0.1730522125965505,-0.11256075069406793,0.028084697087674304,-0.14064544778174223,-13.120270889617203
DEU,Germany,2022,0.841523587703705,59514.80615249868,59791.39722846645,84.086227,0.7949548176489775,0.8175948119405249,0.817435703165039,-0.2013884050267474,-0.22946999908880988,9.263471480228103e-05,-0.22956263380361216,-20.511881935311216
DEU,Germany,2023,0.918093264102936,59853.64732231949,59698.42231234856,84.548231,0.8369631142949036,0.8017508284037033,0.8014128512879564,-0.22095740716499962,-0.1779752784064937,-0.01923871087011389,-0.1587365675363798,-14.67789044984167
DNK,Denmark,2005,1.19719564914703,44439.16809129163,44319.98164517197,5.419555,1.5811607563803975,0.7475064469186002,0.7278209482334526,-0.2910123491142197,0.45815923324825963,-0.0884428676883301,0.5466021009365898,72.73735935633457
DNK,Denmark,2006,1.1985148191452,47257.00274670708,46844.89323521082,5.43742,1.5337744784066267,0.7812149256507376,0.7622298284342218,-0.24690497410639986,0.4277316767569487,-0.044871156514925625,0.4726028332718743,60.4164135816752
DNK,Denmark,2007,1.28780364990234,49169.54272799196,48582.89648083431,5.461607,1.6047363942748714,0.8057002999729902,0.7866131323894467,-0.21604344188555208,0.4729595027658767,-0.014384423444614963,0.4873439262104917,62.798642030650974
DNK,Denmark,2008,1.37674748897553,50797.30513542264,50502.56185922803,5.493764,1.6704693038657217,0.8505394475226251,0.8308101623054294,-0.16188448665493965,0.5131046072287365,0.03911679612112018,0.47398781110761634,60.6387406824902
DNK,Denmark,2009,1.30173230171204,49039.33843824917,48571.2141824998,5.523173,1.5814250813017323,0.8472759650936579,0.8291295981507844,-0.16572882264570074,0.4583263907171895,0.035319147827308356,0.4230072428898811,52.65453525263028
DNK,Denmark,2010,1.25486373901367,50945.97910943366,50571.15009869565,5.547863,1.5069721670920733,0.8659783386301739,0.8481615483139509,-0.14389538386166484,0.41010245039090515,0.056887429513796356,0.35321502087710877,42.36372222499678
DNK,Denmark,2011,1.2793140411377,52327.42015624549,52109.06811511136,5.570849,1.5107380915846835,0.885189785508486,0.8670795096343109,-0.12195321006241361,0.4125983337758304,0.07856312567862406,0.3340352080972063,39.659231406685166
DNK,Denmark,2012,1.21587777137756,52620.20385853367,52377.31979927456,5.591917,1.3909680213739033,0.8750381431551552,0.859578757335449,-0.13348780139731378,0.3299999230105429,0.06716861666378424,0.26283130634675866,30.060729624839944
DNK,Denmark,2013,1.27997529506683,52457.318648778266,51883.92767623933,5.615333,1.4496446064309745,0.8576795996975708,0.8431501045239733,-0.15352467616128013,0.37131842737769,0.04737508055154821,0.3239433468261418,38.25689779800228
DNK,Denmark,2014,1.30942356586456,52289.016484301166,51743.45595356599,5.643794,1.4702850716333262,0.8387334859294154,0.8260161914605996,-0.1758622797968818,0.38545630827054866,0.025308756864321963,0.3601475514062267,43.35409199346187
DNK,Denmark,2015,1.08492004871368,53842.41491591482,53059.936210578286,5.683701,1.2179183281340842,0.8401657919546982,0.8291987943344342,-0.1741560352453043,0.19714311296237358,0.02699427985859104,0.17014883310378254,18.548127704898466
DNK,Denmark,2016,1.08740830421448,55720.04631122406,54816.233971189205,5.728201,1.2113281729044916,0.8593856934049938,0.8494661284065261,-0.15153745496971543,0.19171742117392107,0.04933816785341494,0.14237925332050613,15.301384995790546
DNK,Denmark,2017,1.09244465827942,58470.17922981603,57840.12386976407,5.765168,1.201113417533214,0.887250909683979,0.8802072452347668,-0.11962746217121148,0.18324897455347264,0.08086062842866637,0.10238834612480627,10.781360332241663
DNK,Denmark,2018,1.14765393733978,59517.5623646835,59122.32469436421,5.793824,1.2284736801003246,0.8834857023366589,0.8817808207720991,-0.1238801703339103,0.20577248832983044,0.07665956745559688,0.12911292087423357,13.78186003828461
DNK,Denmark,2019,1.06307375431061,61917.400463796585,61388.03421824099,5.814618,1.121908494293185,0.9014980476656176,0.8978312819310464,-0.10369740199211668,0.11503124788621531,0.09659722533508878,0.018434022551126528,1.8604977994662653
DNK,Denmark,2020,1.0804740190506,62786.37424483798,62354.68007538331,5.83153,1.1283682178596133,0.9398112256646988,0.9360943105764212,-0.06207624764683787,0.12077253408049879,0.13771290985530016,-0.01694037577480137,-1.6797694437038713
DNK,Denmark,2021,1.14402318000793,67494.1672261326,67494.1672261326,5.856776,1.1491259265858278,0.9499858895067866,0.9499858895067866,-0.05130814764861057,0.13900158954178315,0.14835023621910928,-0.009348646677326128,-0.9305083936559266
DNK,Denmark,2022,1.07808816432953,69544.96994191332,69926.36060996418,5.902904,1.0184282325617444,0.9553858996931452,0.9559954509269164,-0.045639936672817065,0.018260490345126387,0.1539496093729959,-0.1356891190278695,-12.688597516200273
DNK,Denmark,2023,1.13806092739105,65313.9225044619,65132.11134547024,5.948136,1.0374926549289702,0.8748922382666637,0.8743566252165581,-0.13365455647554836,0.03680689351112122,0.06700388674947291,-0.03019699323835169,-2.9745618831308107
ESP,Spain,2005,0.729763567447662,36171.89676216765,36570.42256645044,43.958885,0.9638136549414515,0.6084435687780778,0.600558002092754,-0.4968511090997486,-0.03685730705986182,-0.29178181036608214,0.2549245033062203,29.03641989646266
ESP,Spain,2006,0.749739348888397,38812.87306931122,38926.10887354793,44.695448,0.9594633795203086,0.6416233359456192,0.6333804869469621,-0.4437538516049446,-0.04138113047397775,-0.23932939470422704,0.1979482642302493,21.889933149520434
ESP,Spain,2007,0.837851524353027,41445.01356398021,41368.28315933822,45.516507,1.0440495600629358,0.6791248811405657,0.6698002209559041,-0.3869502491289586,0.04310695965837046,-0.18321564592063372,0.2263226055790042,25.398014102106714
ESP,Spain,2008,0.905536234378815,41565.1617926087,41734.86798566301,46.235054,1.0987276135826327,0.6959583712762991,0.6865741294791092,-0.3624654318211173,0.09415279536839805,-0.1590281854861441,0.25318098085454216,28.81163801436042
ESP,Spain,2009,0.853541135787964,40408.06747180991,40325.771767150894,46.63518,1.0369346741127807,0.6981493930196201,0.6883766754273315,-0.3593221690068729,0.036268932193475045,-0.1559230961567502,0.19219202835022525,21.19032143968269
ESP,Spain,2010,0.827556490898132,39542.5784680944,39475.06473621924,46.840471,0.9938167465577584,0.6721436510896872,0.6620619060694194,-0.39728319480128,-0.0062024489217236516,-0.19342310270819013,0.1872206537864665,20.589334062744413
ESP,Spain,2011,0.865976810455322,38718.48983158724,38757.56326704923,46.998043,1.0226294028793892,0.6549761407479701,0.6449144106353399,-0.42315647034931736,0.022377156310628542,-0.21898215919452885,0.24135931550515738,27.29783540027828
ESP,Spain,2012,0.793964862823486,38137.27310095683,38124.02826447043,47.018323,0.9082983177089844,0.6341968710151678,0.6256640272121924,-0.45539585064097915,-0.09618241060715593,-0.25083000700294616,0.15464759639579023,16.724654672735983
ESP,Spain,2013,0.844273209571838,37465.59540937657,37223.78403644921,46.860389,0.9561872868382828,0.6125642274682607,0.6049125192864512,-0.490101480888133,-0.04480147838334876,-0.28511415329258283,0.24031267490923408,27.16467001827898
ESP,Spain,2014,0.847756266593933,37737.583590203016,37500.95943535159,46.720188,0.9519023604357428,0.6053235873095176,0.5986534744935753,-0.5019921088782261,-0.049292812018168534,-0.2968603750607765,0.24756756304260796,28.090590136026105
ESP,Spain,2015,0.696802198886871,40202.81303408647,39762.88419042146,46.683686,0.7822218513840159,0.6273312277010453,0.6213979507835121,-0.46628060399135396,-0.24561688124931494,-0.2615825700174578,0.01596568876814289,1.609382137729054
ESP,Spain,2016,0.69392317533493,41979.75709593596,41430.35943663602,46.732771,0.7730019063278648,0.6474654105518384,0.6420303709230989,-0.4346899068325039,-0.2574737642556282,-0.23037552738279932,-0.027098236872828863,-2.673437374361398
ESP,Spain,2017,0.709949314594269,43510.63503161051,43124.755646616766,46.868596,0.780570110407898,0.6602485407302812,0.6562697281665734,-0.41513893798487495,-0.2477307155043399,-0.2110619960824649,-0.036668719421874996,-3.6004564577666542
ESP,Spain,2018,0.76785272359848,43552.04957885194,43255.48102119429,47.092821,0.8219262187350541,0.6464917510332181,0.6451345368257567,-0.43619484027433686,-0.1961046461843293,-0.2318621840983966,0.0357575379140673,3.6404527220917693
ESP,Spain,2019,0.701144516468048,46107.80569560709,45737.86881403207,47.435119,0.739948649435621,0.671315276568165,0.668939638042593,-0.39851639160313124,-0.3011744878462695,-0.19464132290063418,-0.1065331649456353,-10.105476580297633
ESP,Spain,2020,0.733232080936432,40223.28657926682,39973.18689803912,47.679489,0.7657340776881664,0.6020780259250457,0.6000940552597702,-0.507368230900946,-0.2669203265795665,-0.3021712065479235,0.03525087996835702,3.5879557633467396
ESP,Spain,2021,0.770360469818115,43146.878086790624,43146.878086790624,47.735664,0.7737965490163398,0.607295815968679,0.607295815968679,-0.4987392656648649,-0.2564462965132892,-0.293647036135941,0.0372007396226518,3.7901347852631995
ESP,Spain,2022,0.728400528430939,44727.72045686179,44964.04979787943,47.828382,0.6880918345192175,0.6144546972353864,0.6147242139740194,-0.48702007566298466,-0.3738329695506707,-0.2820701703202436,-0.09176279923042707,-8.76784727500416
ESP,Spain,2023,0.782122552394867,46732.89415070207,46607.277334775375,47.911579,0.7130078749159547,0.6259958795369192,0.6256726655890992,-0.4684114901130957,-0.33826281386592416,-0.26368757750483346,-0.0745752363610907,-7.186235826670407
EST,Estonia,2011,0.57696133852005,30648.093571967773,30451.16513875684,1.327358,0.6813319040090998,0.5184543647328306,0.506698398021242,-0.6569032692017717,-0.38370571416285437,-0.44989021041048416,0.06618449624762979,6.842381916865925
EST,Estonia,2012,0.547605633735657,32371.73230457669,32182.34083532181,1.322616,0.6264625793656047,0.5383198552910716,0.5281533428855392,-0.6193023689179235,-0.46766623609374075,-0.41274595581049145,-0.0549202802832493,-5.343939551096566
EST,Estonia,2013,0.60211992263794,32595.382735016337,32162.097262805983,1.317919,0.6819349573705261,0.532936023728865,0.5226565698352812,-0.6293538925479907,-0.38282099611117154,-0.4226754082973895,0.039854412186217936,4.065925585709196
EST,Estonia,2014,0.618285655975342,33801.90114397483,33363.19645943709,1.314452,0.6942414919692929,0.5421939115270855,0.5325995329555628,-0.6121315711818638,-0.36493540786593825,-0.4056622441232033,0.04072683625726503,4.1567548192097625
EST,Estonia,2015,0.517650127410889,34523.081848253736,33942.97560106833,1.314576,0.5811078691763105,0.5387037792983834,0.5304468202303975,-0.6185894337301645,-0.5428188781302471,-0.41204167889351595,-0.13077719923673115,-12.258675904502791
EST,Estonia,2016,0.522353768348694,36086.84274373427,35443.49028649944,1.315849,0.5818806361614816,0.5565773617792917,0.5492541586624036,-0.5859491030507767,-0.5414899447910887,-0.37979775005588834,-0.16169219473520036,-14.929698488833786
EST,Estonia,2017,0.551155149936676,38511.32713911608,38065.841034594,1.317425,0.6059802120998141,0.584386955665324,0.5792834944483877,-0.537191920255933,-0.50090794674659,-0.33163270087785013,-0.16927524586873988,-15.572351221355262
EST,Estonia,2018,0.607072055339813,40285.64958225066,39992.194384874034,1.321965,0.6498231022829412,0.5980049249527514,0.59646419810913,-0.5141562893584765,-0.43105510346601345,-0.3088768271496316,-0.12217827631638184,-11.500941842270718
EST,Estonia,2019,0.57757043838501,43262.34097810408,42862.66945566172,1.326822,0.6095354891881317,0.6298861973704646,0.6268883823116201,-0.4622161150082656,-0.49505810503216074,-0.25756744238841134,-0.2374906626437494,-21.139574557443662
EST,Estonia,2020,0.591141700744629,42439.20385449311,42120.823984202085,1.329669,0.6173452536672982,0.6352467501179897,0.632335273643212,-0.45374177270523763,-0.48232684323427466,-0.24919601708489614,-0.23313082614937852,-20.79500540986774
EST,Estonia,2021,0.654094934463501,44986.640922951694,44986.640922951694,1.331749,0.6570124283978729,0.6331906274201092,0.6331906274201092,-0.45698375301137845,-0.4200523437847091,-0.25239862502753585,-0.16765371875717328,-15.435338444950286
EST,Estonia,2022,0.677530109882355,44321.9660748794,44587.497944583,1.350091,0.6400365156999721,0.6088805771285193,0.6095762003258132,-0.4961331271708038,-0.4462300484748323,-0.29107254799827725,-0.15515750047655502,-14.371969769323801
EST,Estonia,2023,0.762785255908966,42526.932746840976,42390.78502186226,1.367196,0.6953793784203426,0.5696562379170816,0.5690689732964391,-0.5627221914598364,-0.36329771411850315,-0.3568529186504549,-0.00644479546804827,-0.6424072316459584
FIN,Finland,2005,0.999545156955719,42515.56804678234,42470.91567573667,5.246082,1.3201197127090218,0.7151497783236863,0.6974556615779872,-0.33526327805304934,0.2777224239322876,-0.13215638939611024,0.4098788133283978,50.66351899450385
FIN,Finland,2006,1.00978291034698,44017.50371279585,43690.99332029052,5.266247,1.2922487330828156,0.7276621218369379,0.7109116072787631,-0.3179184568775659,0.2563839046971802,-0.1150222131165532,0.3714061178137334,44.9771731972386
FIN,Finland,2007,1.08364844322205,47680.4864749627,47172.44079841776,5.28871,1.3503379149217385,0.7813003767038375,0.7637762279887413,-0.2467955978295003,0.300354868478116,-0.04476310856273069,0.3451179770408467,41.21565118869221
FIN,Finland,2008,1.15110802650452,49641.45801248434,49405.455795814974,5.313377,1.3966908522492514,0.831186185164638,0.8127618330117359,-0.18490145968577068,0.3341057617622473,0.016379353668296653,0.3177264080939507,37.40002944397032
FIN,Finland,2009,1.08755970001221,47076.37448453376,46647.47876230413,5.338856,1.3212349303695468,0.8133609036084266,0.7962906831114738,-0.20658035205830627,0.2785668525513034,-0.005036258501957741,0.2836031110532612,32.79057950201876
FIN,Finland,2010,1.05298399925232,47687.889798353644,47311.80721936849,5.36335,1.2645337736141729,0.8105974269657369,0.7934969955477784,-0.20998373902719217,0.23470349583737274,-0.008398312897471755,0.2431018087348445,27.519844385020022
FIN,Finland,2011,1.08229506015778,50081.88200936076,49817.81740089205,5.388241,1.2780789713370335,0.8472034405930131,0.828953774179863,-0.16581442356884643,0.24535814695471686,0.03523458648810329,0.21012356046661357,23.38305032112684
FIN,Finland,2012,1.03680264949799,49056.47698334549,48819.08768997839,5.413971,1.1861055147784372,0.8157757929757371,0.8011836209187464,-0.20361572528256525,0.17067526354775345,-0.0021076357583320326,0.17278289930608548,18.860802944286092
FIN,Finland,2013,1.11410105228424,47480.70056956606,46904.62085035758,5.439053,1.2617826200923643,0.7763116626399296,0.7622328868280244,-0.25320121231618786,0.23252549895922306,-0.051090929800168716,0.28361642875939175,32.79234797970947
FIN,Finland,2014,1.13203299045563,46734.21237845324,46189.81183276074,5.461684,1.2711022237975382,0.749632551840291,0.7373595704279461,-0.2881721233867405,0.23988441682331896,-0.08563713519930627,0.3255215520226252,38.475267823586236
FIN,Finland,2015,0.939686596393585,47632.88015147498,46886.864777870825,5.479717,1.0548809839089963,0.7432712024162603,0.7327285805553067,-0.2966942908828074,0.053427949103671386,-0.0940558048808317,0.14748375398450309,15.891445693458529
FIN,Finland,2016,0.929412484169006,49073.609549976536,48231.10866424686,5.495469,1.0353273208965763,0.7568758599990124,0.7474189702142976,-0.2785560284256985,0.034717628794172874,-0.07613782330000896,0.11085545209418182,11.723340143361693
FIN,Finland,2017,0.948575854301453,50594.36767073391,50015.77364808194,5.508396,1.04293355046832,0.7677400571033892,0.7611367921720086,-0.2643040704407495,0.04203746398745623,-0.062058948806444136,0.10409641279390036,10.970743975282481
FIN,Finland,2018,1.01166689395905,51423.2427458457,51028.9164039033,5.515736,1.0829101977712188,0.763332669025777,0.7610715583724995,-0.2700613413742479,0.07965204470197265,-0.06774630032570722,0.14739834502767987,15.881547948661169
FIN,Finland,2019,0.938620448112488,53751.29329259027,53233.65366905727,5.521759,0.990567445941287,0.7826020730812981,0.7785693111730424,-0.2451309202426862,-0.00947732233863598,-0.04311864772150753,0.033641325382871554,3.4213594030808814
FIN,Finland,2020,0.952396214008331,53760.620998363,53361.18632735896,5.529612,0.9946131047566594,0.8047101894424298,0.8010802535793778,-0.21727307949884714,-0.005401456881745552,-0.015599127673215002,0.01019767079146945,1.0249844234639482
FIN,Finland,2021,1.0121283531189,55314.667054678015,55314.667054678015,5.541075,1.016642802284375,0.7785584346666964,0.7785584346666964,-0.2503112299383526,0.016505828512801708,-0.048236044932480654,0.06474187344528236,6.688359785087283
FIN,Finland,2022,0.953328311443329,55575.27302807768,55880.27662906948,5.569299,0.9005724201397838,0.7634748029508086,0.7639649738372887,-0.26987515689709424,-0.10472469545679981,-0.06756237697361311,-0.0371623184831867,-3.648027440507917
FIN,Finland,2023,1.03113067150116,53615.417987443725,53457.03074438713,5.601185,0.9400116217036584,0.718188576798965,0.7176261912935944,-0.33102310263693935,-0.061863040279984904,-0.12796770896517184,0.06610466868518694,6.833853290366165
FRA,France,2005,0.905801773071289,39607.51402120193,39509.14837094128,63.617228,1.1963109101344649,0.6662337156367495,0.6488176385417604,-0.40611474562180283,0.17924258005154295,-0.20214739839563112,0.38138997844717404,46.431854674811326
FRA,France,2006,0.930374264717102,40813.58365245139,40481.528539685416,64.060149,1.190627166051372,0.6746974811222385,0.658689270538597,-0.39349086468574185,0.17448019858701946,-0.18967682870210528,0.36415702728912475,43.930020582370986
FRA,France,2007,1.01551568508148,43056.24211369416,42585.089894560646,64.470141,1.2654374592980946,0.7055267399703515,0.6895017255354732,-0.34881060625253824,0.2354178800253021,-0.14553919150969774,0.3809570715349998,46.36847703205971
FRA,France,2008,1.08984589576721,43498.959237699215,43292.67591174578,64.842856,1.3223587690563952,0.7283374710372627,0.7122013968545171,-0.31699077907866685,0.27941708816413185,-0.1141058015389328,0.39352288970306465,48.21932103062767
FRA,France,2009,1.01140677928925,42905.22425030806,42528.40661809165,65.186042,1.2287196423281566,0.7412939579112612,0.7259765126883778,-0.29935802801872435,0.2059726860321507,-0.09668719215127042,0.3026598781834211,35.345404689861404
FRA,France,2010,0.96991366147995,43819.4551224128,43526.64875663213,65.510017,1.164774187738901,0.7448418817327218,0.7300136486968052,-0.2945833224134591,0.1525272379631122,-0.09197047315509871,0.24449771111821092,27.697973936531906
FRA,France,2011,0.994051456451416,45220.35400481571,45067.91237558701,65.836675,1.1738723659445438,0.7649640540775458,0.7499167568405204,-0.2679264343935053,0.16030799824238592,-0.06563732081081858,0.2259453190532045,25.350712044799483
FRA,France,2012,0.932949006557465,45376.44192907362,45150.62301673121,66.16917,1.0672966183300816,0.7545793170119954,0.7409794272478346,-0.2815948810350994,0.06512892649847209,-0.07913977043859721,0.14426869693706929,15.519446404146532
FRA,France,2013,0.987314760684967,44783.24627594348,44288.031211212015,66.513021,1.1181899550662204,0.7322081594805931,0.7197114755441931,-0.3116904345714318,0.11171126644201466,-0.10886982728410938,0.22058109372612406,24.680102837986475
FRA,France,2014,1.00311195850372,44721.9131893348,44254.68224346017,66.841142,1.126343359179653,0.7173545931579169,0.7064677727333506,-0.33218500950581903,0.1189764203381169,-0.12911550500817476,0.24809192534629165,28.15777362565537
FRA,France,2015,0.839465498924255,45651.53804944177,44981.69458519018,67.080971,0.9423739732603044,0.7123540182801551,0.7029553667221219,-0.339180274455807,-0.05935308397435119,-0.13602581567454924,0.07667273170019806,7.968867069094054
FRA,France,2016,0.83119148015976,46413.93380319196,45659.64866118123,67.260373,0.9259131580046422,0.7158549449567634,0.7075700419879537,-0.3342777233882975,-0.07697483058618873,-0.13118280384062075,0.054207973254432024,5.570413755074721
FRA,France,2017,0.854917526245117,47269.84966969735,46766.40758681702,67.469032,0.9399587465369528,0.7172924330404156,0.711688150672116,-0.3322716651310776,-0.06191929134395144,-0.12920110824061937,0.06728181689666793,6.959686617400096
FRA,France,2018,0.914530277252197,47872.66732190747,47516.65964960538,67.706406,0.9789330552582376,0.7106275094478923,0.7086879510029066,-0.3416068831584813,-0.02129201952694041,-0.13842295432778007,0.11713093480083966,12.426662568051183
FRA,France,2019,0.829970955848694,52236.09041329821,51757.573453520185,67.917133,0.8759048575958156,0.7605411915315665,0.7569808858548894,-0.2737250049999981,-0.13249780399468306,-0.07136547043749447,-0.061132333557188584,-5.930125447243051
FRA,France,2020,0.844143688678742,49250.40772474432,48902.38565026214,68.104157,0.8815620670350106,0.7371995373993672,0.7341428891220724,-0.30489668069701953,-0.12605986891957074,-0.1021585804337446,-0.02390128848582615,-2.3617914844811794
FRA,France,2021,0.894620060920715,51127.27292588657,51127.27292588657,68.291492,0.8986103816888225,0.7196205219604377,0.7196205219604377,-0.3290312587459274,-0.1069057292313967,-0.12600005510442192,0.019094325873025217,1.9277788350345881
FRA,France,2022,0.826515018939972,51603.08179634346,51869.6336280281,68.48668,0.7807768026544099,0.7089061476353582,0.7091336279636828,-0.34403213408180566,-0.24746595403974797,-0.14081875169126834,-0.10664720234847963,-10.115727333782587
FRA,France,2023,0.900349915027618,51998.447585683454,51843.22363256356,68.655641,0.8207877111188328,0.6965289550864527,0.6959618707166034,-0.3616459143558085,-0.19749077651149174,-0.1582186206844831,-0.03927215582700863,-3.85110012986305
GBR,United Kingdom,2005,0.891695618629456,48198.16150568614,48116.30393820012,60.596108,1.1776806237290989,0.8107360691611257,0.7901639995738751,-0.20981271659897743,0.1635469310927596,-0.008229367458188058,0.17177629855094767,18.741217767648077
GBR,United Kingdom,2006,0.921599090099335,49295.16905954216,48957.996559406456,61.051094,1.179397318362136,0.8149082589558475,0.7966128800974663,-0.20467973777561466,0.16500356085108658,-0.0031587263077882954,0.16816228715887488,18.312860164789747
GBR,United Kingdom,2007,1.04195201396942,49595.59755852909,49167.57880425973,61.535855,1.2983798563014846,0.8126817052438853,0.7960798136126184,-0.2074157525580772,0.261117222850735,-0.005861513445914013,0.26697873629664903,30.60126753692971
GBR,United Kingdom,2008,0.999168932437897,48702.43357014409,48593.18329898125,62.027306,1.2123363538914402,0.8154633563990353,0.799399258518748,-0.20399879183738903,0.19254936885805987,-0.0024860501455861994,0.19503541900364607,21.53540323563088
GBR,United Kingdom,2009,0.861838340759277,46163.241402544445,45927.65687053319,62.506226,1.0470146329715095,0.7975842692177391,0.7840030422544492,-0.22616778317476588,0.04594290788577764,-0.024385809253595625,0.07032871713937326,7.286079102677556
GBR,United Kingdom,2010,0.929484784603119,44965.92834740513,44887.87685546581,63.006483,1.116222946431965,0.7643296017847837,0.7528436877538961,-0.26875616690005083,0.10995061679569204,-0.06645697659672689,0.17640759339241893,19.292418758898577
GBR,United Kingdom,2011,0.976764857769013,44833.66487278199,44932.88658500879,63.509285,1.15345867371287,0.7584226792338915,0.7476699675480326,-0.2765144244353153,0.14276497112630218,-0.07412101365346635,0.21688598477976853,24.220246407595635
GBR,United Kingdom,2012,0.988178193569183,45832.611272922826,45758.65545357662,63.960484,1.1304789831929092,0.7621651024391909,0.7509580166160226,-0.27159207689731196,0.12264142184473135,-0.0692584457680962,0.19189986761282757,21.154919557777173
GBR,United Kingdom,2013,1.01574409008026,46169.9876693967,45844.76715324581,64.389388,1.1503877827752185,0.7548814457608997,0.7450095231483093,-0.28119456754515626,0.14009908794843576,-0.07874431857233838,0.21884340652077414,24.463635948864493
GBR,United Kingdom,2014,1.09816586971283,46800.12149986443,46484.99837726796,64.865916,1.2330745577730116,0.7506897564096741,0.7420718352114016,-0.28676281988102165,0.20951069094530592,-0.08424494703812097,0.29375563798342685,34.14560627040366
GBR,United Kingdom,2015,1.01347076892853,48837.39221631117,48272.63145836071,65.38211,1.1377102174207765,0.7620666044139697,0.7543847705690058,-0.2717213197478779,0.129017661292106,-0.06938611902353453,0.19840378031564054,21.945468622407628
GBR,United Kingdom,2016,0.898336887359619,49599.41486059945,48921.25090968956,65.893358,1.0007103828438328,0.7649855008083862,0.7581138395771606,-0.2678983985268672,0.0007101306413735724,-0.0656096254269189,0.06631975606829246,6.856834375679632
GBR,United Kingdom,2017,0.867831170558929,50696.35398042733,50231.57369455933,66.354471,0.9541569499306152,0.7692876399437828,0.7644208232515252,-0.2622903352734036,-0.04692710331843489,-0.06006966952886833,0.013142566210433443,1.322930932622346
GBR,United Kingdom,2018,0.93375438451767,50098.535672272825,49716.27643769013,66.752475,0.9995109568631416,0.7436685612769633,0.7414941694120813,-0.2961598255603185,-0.0004891627574545787,-0.09352783039448881,0.09303866763703424,9.750417234058562
GBR,United Kingdom,2019,0.881690859794617,52217.586433500175,51765.09699056896,67.110958,0.930487147230637,0.7602717793544237,0.7570909214179952,-0.27407930521326374,-0.07204701575112653,-0.07171546783721167,-0.00033154791391486194,-0.03314929579789627
GBR,United Kingdom,2020,0.874882161617279,49074.486598076335,48765.76090451309,67.351861,0.9136630850306674,0.7345662805556222,0.7320918217920015,-0.3084750484257188,-0.09029339142373174,-0.10569349052801963,0.015400099104287884,1.5519291703750548
GBR,United Kingdom,2021,0.967277348041534,51205.210667865926,51205.210667865926,67.668792,0.9715917459172508,0.7207175020134301,0.7207175020134301,-0.32750803260479067,-0.028819577240914624,-0.12449532784596179,0.09567575060504717,10.040220139285783
GBR,United Kingdom,2022,0.924448311328888,52455.97216692482,52696.39332692034,68.179315,0.8732905999268473,0.7206228747360828,0.7204366402219536,-0.3276393371585376,-0.13548690347375583,-0.12462503776614181,-0.010861865707614021,-1.0803088646290537
GBR,United Kingdom,2023,0.994784712791443,52507.47994822937,52376.33388612448,68.682962,0.906877486008368,0.7033475390260031,0.7031185323469851,-0.3519041437168017,-0.09774791405634019,-0.14859515938067386,0.05084724532433367,5.216215831776538
GNQ,Equatorial Guinea,2008,0.506953358650208,30259.730885729303,29576.554042995584,1.08453,0.6151091837087448,0.5066626019061037,0.4865595082758455,-0.6799099763958483,-0.4859554924472372,-0.472617511700431,-0.0133379807468062,-1.324942404138152
GNQ,Equatorial Guinea,2011,0.559780657291412,35296.77100822573,34088.77726811533,1.241835,0.6610432893790321,0.5970930931549919,0.5672271899466018,-0.5156822428131381,-0.41393595053503884,-0.3103842485996451,-0.10355170193539376,-9.83705944485086
GNQ,Equatorial Guinea,2012,0.503556907176971,37119.16415793637,36257.11427015276,1.293483,0.5760706966717072,0.6172664128697494,0.5950255826060602,-0.48245456079890314,-0.5515248885405798,-0.277560101539674,-0.2739647870009058,-23.96411506950461
GNQ,Equatorial Guinea,2013,0.499214351177216,33603.53203381622,32394.464877716688,1.346218,0.5653885621278375,0.5494193116532698,0.5264327060604049,-0.598893355495934,-0.5702420636268856,-0.39258480049350875,-0.17765726313337682,-16.27706763246344
GNQ,Equatorial Guinea,2014,0.472709387540817,32393.20685737819,31181.22480940516,1.399828,0.5307813100670016,0.5195979793591745,0.4977672265504441,-0.6546998830324102,-0.6334051880200352,-0.4477135833553064,-0.18569160466472878,-16.947031302761808
GRC,Greece,2005,0.696734189987183,32794.63531024555,32466.72376051944,10.981334,0.9201910812331412,0.5516350186482623,0.5331672260741779,-0.594868649493883,-0.08317393351254056,-0.38860897269944605,0.3054350391869055,35.72153164398954
GRC,Greece,2006,0.721252202987671,35671.50459195961,35092.55950130459,11.016103,0.92300754547702,0.5896927479091865,0.5710034490566759,-0.5281536439838298,-0.08011786956468224,-0.3227041903245992,0.24258632075991693,27.4541263785512
GRC,Greece,2007,0.817116022109985,37207.51046308634,36476.29793738525,11.045737,1.0182109820269898,0.6096884509826946,0.5905933375095587,-0.4948071883788279,0.01804714815469575,-0.2897627121246315,0.3078098602793273,36.04422902264241
GRC,Greece,2008,0.869489431381226,38537.614116151206,38034.80407194378,11.076872,1.0549904153003429,0.6452657465156424,0.6257049262639097,-0.4380930369374494,0.05353168186338906,-0.2337373280338676,0.2872690098972567,33.27826969920904
GRC,Greece,2009,0.824333608150482,37789.32008794688,37138.44188400342,11.108069,1.0014515592603803,0.6529040494309626,0.6339677093418137,-0.42632509858644785,0.001450506766618726,-0.22211230589538483,0.22356281266200356,25.05241865626462
GRC,Greece,2010,0.786106109619141,35207.29716027532,34728.85319294864,11.12467,0.9440387754834716,0.5984526597677746,0.5824601148641654,-0.5134078552449047,-0.0575880379562043,-0.3081374824250116,0.2505494444688073,28.473111120296913
GRC,Greece,2011,0.836218178272247,31162.3868109049,30898.71176064764,11.108844,0.9874875239139644,0.5271543373380897,0.5141454416833994,-0.6402619130918803,-0.012591416297845163,-0.4334509559360249,0.42085953963817974,52.327030428357446
GRC,Greece,2017,0.649960517883301,30005.65314208828,29693.2964961376,10.753533,0.7146140474758876,0.4553183074972342,0.4518706559075534,-0.7867585277040535,-0.33601267576923666,-0.5781684363717001,0.24215576060246347,27.39926152198777
GRC,Greece,2018,0.693071126937866,30189.32213067304,29919.80698349543,10.730844,0.7418783748123577,0.4481338516899985,0.4462394213291869,-0.8026633150980941,-0.2985699645975721,-0.5938800674194484,0.2953101028218763,34.35429305469584
GRC,Greece,2019,0.633623123168945,32037.350973674114,31709.25235311108,10.718576,0.6686903530271094,0.4664538423578136,0.4637639737421216,-0.7625962081606786,-0.40243417648490354,-0.5542995571142791,0.1518653806293756,16.400352846197876
GRC,Greece,2021,0.679873049259186,31802.249994116013,31802.249994116013,10.579561,0.6829055226706847,0.4476192534942493,0.4476192534942493,-0.8038122885136093,-0.3813987559622985,-0.5950150870799444,0.21361633111764594,23.81475249759206
GRC,Greece,2022,0.638363242149353,34125.737816543224,34282.00762450444,10.41248,0.6030370891223621,0.4688081503778352,0.4686851003224961,-0.7575616552522132,-0.5057765764808617,-0.549326146541195,0.04354957006033333,4.4511769540199975
GRC,Greece,2023,0.685301244258881,36969.094250382805,36868.51856425929,10.242908,0.6247424810218157,0.4952079491658014,0.4949361045213793,-0.702777505305611,-0.47041574451866514,-0.49520732496247644,0.0247915804438113,2.5101447069692417
HKG,"China, Hong Kong SAR",2005,0.526822805404663,51265.97202339268,52993.30417692097,6.908486,0.6957856437797484,0.862339378548002,0.8702539004835532,-0.14810637518959904,-0.36271364915931886,0.05272757874367162,-0.4154412279029905,-33.995101558358165
HKG,"China, Hong Kong SAR",2006,0.535529971122742,53274.629243019495,54677.38930673242,6.93109,0.685333371777349,0.8806935079279048,0.8896751426295411,-0.12704560468886048,-0.377849884979839,0.07353257584868741,-0.4513824608285264,-36.325273528489234
HKG,"China, Hong Kong SAR",2007,0.555135428905487,56547.68735444882,57809.96619016847,6.971345,0.691756096966787,0.9265998041979132,0.9360100340274216,-0.07623351731202967,-0.36852184652411035,0.12372757373528906,-0.49224942025939944,-38.875011128804275
HKG,"China, Hong Kong SAR",2008,0.56892991065979,56482.96680710398,58010.220756110975,7.020689,0.690308106183979,0.9457389767917516,0.9543175464266448,-0.05578867105714492,-0.3706172503545789,0.14392412671185056,-0.5145413770664294,-40.22253150589988
HKG,"China, Hong Kong SAR",2009,0.565211296081543,54907.884416474735,56016.42080711822,7.064467,0.6866537141951791,0.948669624057037,0.9562221833520737,-0.052694671587489826,-0.37592516886708,0.14698055097737484,-0.5229057198444549,-40.720445478290024
HKG,"China, Hong Kong SAR",2010,0.566661238670349,57243.71470610144,58309.673522241486,7.101617,0.6805063277366977,0.9730270734757588,0.977949342259094,-0.02734337243939046,-0.38491815827595327,0.1720239702276867,-0.55694212850364,-42.7041578944735
HKG,"China, Hong Kong SAR",2011,0.582118690013886,59281.23210653272,60463.12405763989,7.14297,0.6874222048288269,1.0028230127985271,1.0060885342076102,0.0028190355812953436,-0.37480661245671865,0.2018200696405105,-0.5766266820972291,-43.82097290475022
HKG,"China, Hong Kong SAR",2012,0.595786690711975,60123.95256754525,61283.23919905692,7.201061,0.6815818611451557,0.9998203723287415,1.0057362766574018,-0.00017964380624081592,-0.38333891599080705,0.19885780783843768,-0.5821967238292447,-44.13302255855028
HKG,"China, Hong Kong SAR",2013,0.637554824352264,59751.93789245678,60380.94419516721,7.264335,0.7220669930024322,0.9769469636044772,0.9812325644869438,-0.023322913362193543,-0.32563735630184826,0.17599560267384926,-0.5016329589756975,-39.445897173849076
HKG,"China, Hong Kong SAR",2014,0.675852954387665,59703.93763864504,60179.04260140138,7.319501,0.7588808811451053,0.9576713257631746,0.9606792329442188,-0.04325064363248737,-0.27591045574097195,0.15630988554548209,-0.43222034128645404,-35.09336551855975
HKG,"China, Hong Kong SAR",2015,0.704772472381592,60621.5830535611,60670.415361134576,7.366409,0.7911691855041395,0.94594903321634,0.9481322229556792,-0.05556658747429138,-0.23424344596374458,0.14414351319147523,-0.3783869591552198,-31.503460425410225
HKG,"China, Hong Kong SAR",2016,0.731126487255096,60924.58112907515,60746.04127829201,7.40801,0.8144448672465833,0.9396566741272124,0.9413580751974864,-0.06224071072476733,-0.20524854230829204,0.13755044410600176,-0.3427989864142938,-29.02191271803862
HKG,"China, Hong Kong SAR",2017,0.74441796541214,63140.66586065531,63001.451263692106,7.444891,0.8184674616996489,0.9581228236487286,0.958751990010789,-0.04277930082767563,-0.20032163653518095,0.15677550410816643,-0.3570971406433474,-30.02954753144894
HKG,"China, Hong Kong SAR",2018,0.776979863643646,63763.00929945066,63454.84654126235,7.471194,0.83169610751012,0.9465056164237556,0.9463982844784116,-0.054978374463671195,-0.1842881602794187,0.14472458262493476,-0.32901274290435345,-28.036615353662754
HKG,"China, Hong Kong SAR",2019,0.782279491424561,63105.64981385455,62839.9806073168,7.485813,0.8255739573870962,0.9187985877592466,0.919066737739334,-0.084688345217519,-0.19167642861488574,0.11537542583590696,-0.3070518544507927,-26.438754486160953
HKG,"China, Hong Kong SAR",2020,0.80335283279419,58453.09342764279,58300.54480934176,7.490235,0.8389630738636026,0.8749489684482396,0.8752319510508698,-0.1335897160987439,-0.1755885855650135,0.06706793966964777,-0.24265652523466127,-21.545906248680957
HKG,"China, Hong Kong SAR",2021,0.8138867020607,61823.88680438677,61823.88680438677,7.484601,0.817516923594942,0.8701762317009859,0.8701762317009859,-0.13905952267351523,-0.2014836747798157,0.06166456138635451,-0.2631482361661702,-23.137204959473667
HKG,"China, Hong Kong SAR",2022,0.826274573802948,59315.661576645325,59549.54951938242,7.465915,0.78054966342403,0.8148590293249083,0.8141292918534159,-0.20474015085582334,-0.24775691078315443,-0.003218405698853455,-0.24453850508430097,-21.693416423116517
HKG,"China, Hong Kong SAR",2023,0.864149928092957,61070.115497880215,60954.20547073159,7.442734,0.7877866479513858,0.8180456477023571,0.8182709309921995,-0.20083713989926597,-0.23852797711474547,0.000637204980213274,-0.23916518209495874,-21.271517372541904
HRV,Croatia,2017,0.478077113628387,30269.616668096685,29814.02603451657,4.0792,0.5256328834991055,0.4593238002400188,0.453707910174752,-0.777999870486458,-0.6431522500337851,-0.5695161490278202,-0.07363610100596485,-7.099030196757239
HRV,Croatia,2018,0.524600446224213,31215.98490931877,30918.08694098788,4.024868,0.5615437021452313,0.4633737548381984,0.4611282831056579,-0.7692213046727719,-0.5770656767633414,-0.5608441948686157,-0.01622148189472572,-1.6090622192190152
HRV,Croatia,2019,0.483716279268265,34251.82213156248,33832.22843344286,3.986334,0.5104870667142806,0.4986958520432082,0.4948135807215035,-0.6957588840038366,-0.6723899762443153,-0.48827394159649284,-0.18411603464782245,-16.81607239509445
HRV,Croatia,2020,0.497076451778412,30906.31352811537,30624.42035929568,3.953958,0.5191103720624677,0.462617896748889,0.4597464958264591,-0.7708538426246828,-0.6556387554923409,-0.5624569063960569,-0.09318184909628391,-8.897218435316956
HRV,Croatia,2021,0.531032145023346,34590.41551262418,34590.41551262418,3.92461,0.5334007355450457,0.4868629097841012,0.4868629097841012,-0.7197726949445752,-0.6284822882605849,-0.5119961158201255,-0.11648617244045945,-10.995759599407574
HRV,Croatia,2022,0.514254689216614,36149.741382642096,36327.82995868726,3.907027,0.4857965346008389,0.496613244974822,0.4966544787918336,-0.6999437349491608,-0.7219653958260065,-0.4924079694469621,-0.22955742637904442,-20.511468005854606
HRV,Croatia,2023,0.573763608932495,38423.833900621226,38303.10181048726,3.896023,0.5230612136888332,0.5146944595435147,0.5141944601903812,-0.6641818368198446,-0.6480567783841662,-0.4570803831640099,-0.1909763952201563,-17.384791094078466
HUN,Hungary,2015,0.413943558931351,31292.908674282928,30655.205102319687,9.839211,0.4646881102743758,0.4882996321757433,0.4790668991767573,-0.7168260611899582,-0.7663888290279183,-0.5090852675806369,-0.2573035614472814,-22.686651537964096
HUN,Hungary,2016,0.420674264431,31968.45619585156,31303.27183072233,9.810532,0.4686138464697947,0.4930583463895102,0.4850947830979547,-0.7071277622677543,-0.7579762047538816,-0.4995047500495734,-0.2584714547043082,-22.77689257010739
HUN,Hungary,2017,0.446802079677582,33368.778897041004,32917.20993921275,9.785604,0.4912468277594192,0.5063517817360442,0.5009319611183455,-0.6805236304264964,-0.7108085733067031,-0.4732237131844018,-0.2375848601223013,-21.14700266081808
HUN,Hungary,2018,0.483264416456223,34786.897658310074,34498.32478105548,9.774394,0.5172967188363726,0.5163808040633451,0.5145257954243012,-0.660910793312216,-0.6591386448569387,-0.45384906497913124,-0.2052895798778075,-18.55885549054862
HUN,Hungary,2019,0.457202941179276,37555.93072138898,37153.21340718128,9.770346,0.4825063747881654,0.5468026430372103,0.5433846782361283,-0.6036673404987973,-0.7287611462941764,-0.39730080763866404,-0.3314603386555124,-28.212537247497238
HUN,Hungary,2020,0.450833141803741,36323.00368112809,36017.935409120735,9.749457,0.4708172337324052,0.5436970524252072,0.5407161799952461,-0.6093630761706754,-0.7532852990569527,-0.4029273712138287,-0.35035792784312403,-29.556409263507945
HUN,Hungary,2021,0.496738612651825,38009.94169666816,38009.94169666816,9.70785,0.4989542419328691,0.534993018757177,0.534993018757177,-0.6255015812232758,-0.6952408869686061,-0.4188698815263959,-0.27637100544221016,-24.14685407487308
HUN,Hungary,2022,0.465495765209198,37809.25938317109,38021.84237569528,9.684306,0.4397358630885351,0.5194111568772445,0.5198141020061241,-0.6550594996660428,-0.8215810434911409,-0.44806883260990416,-0.37351221088123676,-31.168741865815786
HUN,Hungary,2023,0.555215358734131,39646.20199860362,39536.257971563,9.686463,0.5061520369660168,0.5310683094092384,0.5307487870360774,-0.6328646230587424,-0.6809181865139484,-0.4261435025966991,-0.25477468391724933,-22.49088812174387
ISL,Iceland,2005,1.26846539974213,51806.8916465095,51419.67040606029,0.296834,1.6752881722612345,0.8714381291077328,0.8444117502667613,-0.13761041010764813,0.5159851936203413,0.06309607514491572,0.4528891184754256,57.28497768637646
ISL,Iceland,2006,1.23355889320374,53156.26745686535,52238.96895793981,0.303874,1.578621405246226,0.8787368456641995,0.8499987425835769,-0.1292698053414815,0.45655193783929765,0.07133538709260026,0.38521655074669736,46.99326019805099
ISL,Iceland,2007,1.40310537815094,53471.68437210213,52272.79911563736,0.311651,1.7484142598076728,0.8761959080440521,0.8463569121972137,-0.13216557372959628,0.5587092398921301,0.06847478648307312,0.4902344534090569,63.26989669242189
ISL,Iceland,2008,1.14346385002136,53503.3063994816,52643.85241674382,0.317514,1.3874158310338849,0.8958481664397488,0.8660362159973514,-0.10998433746517752,0.3274429024804989,0.09038664180910311,0.2370562606713958,26.75124268694542
ISL,Iceland,2009,0.863734662532806,50806.90755429017,49837.397740041175,0.318612,1.049318402195745,0.8778150970713291,0.8507438460529433,-0.130319303116127,0.04814081262038422,0.0702986349869518,-0.022157822366567576,-2.191414095544353
ISL,Iceland,2010,0.907200574874878,48379.979566952585,47686.06210888144,0.318158,1.0894617270405298,0.8223615496398121,0.7997738669642652,-0.19557513921687228,0.08568374586446516,0.0058353010783571135,0.07984844478610804,8.31229023120832
ISL,Iceland,2011,0.957874536514282,49867.69923163876,49404.43203565397,0.319137,1.1311511503338454,0.8435802463574624,0.8220751637432144,-0.1701002465389871,0.12323583129370613,0.03100081287173634,0.0922350184219698,9.662251829169799
ISL,Iceland,2012,0.930224061012268,50906.42456563376,50167.84440638042,0.320841,1.0641792719959513,0.8465391610100358,0.8233184423772654,-0.16659881621080747,0.062203865444822114,0.03445971993492458,0.027744145509897532,2.813259842526561
ISL,Iceland,2013,1.01289618015289,50861.16961846026,50006.66650103432,0.323885,1.1471623632833543,0.8315824888149752,0.8126432977538729,-0.1844247804410351,0.13729138286632056,0.016850243862290143,0.12044113900403042,12.799434414114753
ISL,Iceland,2014,1.0987651348114,51705.52433956618,50974.46811109211,0.327512,1.2337474420492287,0.8293740748432854,0.8137403123718546,-0.1870839893829062,0.2100562384497099,0.014223329793057932,0.19583290865665196,21.632365120096097
ISL,Iceland,2015,1.01013791561127,55495.579561008846,54566.91982523145,0.330952,1.1339687959723606,0.8659620417225812,0.852749312589732,-0.14391420310946124,0.12572368814774332,0.056868838817130785,0.06885484933061253,7.128070075172932
ISL,Iceland,2016,1.16120362281799,58130.06222174543,57084.49482267697,0.335574,1.2935331258246077,0.8965560357053604,0.8846164958094037,-0.1091944829205766,0.25737733176682875,0.09116690393261988,0.16621042783420886,18.08215533038442
ISL,Iceland,2017,1.3041045665741,60309.32024693551,59567.13718157896,0.343531,1.4338277741643255,0.9151588032798356,0.9064888215519123,-0.08865767326854061,0.36034763326612435,0.11145430345306409,0.24889332981306025,28.260521003494745
ISL,Iceland,2018,1.35738444328308,61515.55534477432,61011.44612927726,0.352854,1.4529737650847303,0.9131441453431668,0.909956151461939,-0.09086152985983054,0.37361232873672306,0.10927721168901638,0.2643351170477067,30.256463478267737
ISL,Iceland,2019,1.18694889545441,64211.15300977266,63558.29918387857,0.3607,1.2526393796315416,0.934894369645164,0.9295725129550142,-0.06732172971698835,0.22525282892854312,0.13253113175843206,0.09272169717011106,9.715635105807795
ISL,Iceland,2020,1.07921016216278,59262.75234306383,58794.377183836405,0.366614,1.1270483379559837,0.887068262591662,0.8826455674078781,-0.11983334068035012,0.11960212495949019,0.08065725021957074,0.03894487473991945,3.9713167611617806
ISL,Iceland,2021,1.21398770809174,62877.984123251685,62877.984123251685,0.372644,1.2194025211229167,0.8850127371390571,0.8850127371390571,-0.12215324183025274,0.19836100200044407,0.07836552320483715,0.11999547879560692,12.749175394718094
ISL,Iceland,2022,1.22220933437347,68281.56960189927,68663.49489852927,0.380356,1.1545739332001166,0.9380297217909171,0.9387302327068888,-0.06397364413365263,0.14373138691324275,0.13583855637835288,0.007892830534889872,0.7924061033421914
ISL,Iceland,2023,1.3027845621109,68678.59637299449,68446.85182604926,0.387558,1.1876599763805784,0.9199626756098924,0.9188548802277452,-0.0834221797512827,0.17198496480521155,0.11662621430343208,0.05535875050177948,5.6919717148694815
ISR,Israel,2005,0.643515288829804,35944.45346946868,35866.97646445427,6.728206,0.8499037910415274,0.604617769716052,0.5890060386220797,-0.5031588062052157,-0.16263212291387574,-0.29801290338397324,0.1353807804700975,14.497268459198608
ISR,Israel,2006,0.679294407367706,36257.41467164385,35985.681576298884,6.844032,0.8693129268839833,0.5993785441453948,0.5855357542660306,-0.5118619202934789,-0.14005211855561378,-0.30661032214434525,0.16655820358873147,18.123228582776775
ISR,Israel,2007,0.760280132293701,36597.42459735826,36229.32751450458,6.962455,0.9473875914455886,0.5996914825800057,0.5865946014929371,-0.5113399517099249,-0.05404698606022105,-0.30609469262977596,0.2520477065695549,28.665741783229848
ISR,Israel,2008,0.91758793592453,35876.72182045627,35747.74633186589,7.08262,1.113350482084429,0.6007123227254622,0.5880808782496246,-0.5096391233935924,0.1073739212717198,-0.3044145200930597,0.4117884413647795,50.95150516014759
ISR,Israel,2009,0.839241325855255,36840.94775451229,36572.61157775306,7.206096,1.0195623787063506,0.6365185697391693,0.6243087649991801,-0.45174168664329223,0.019373494748007463,-0.2472202211505975,0.266593715898605,30.550993063887443
ISR,Israel,2010,0.881186187267304,38333.24700973935,38142.92904132424,7.336735,1.0582209182979223,0.6515874685318847,0.6397197945821119,-0.4283436342809789,0.056589119103818086,-0.22410632739994546,0.28069544650376355,32.405029837675215
ISR,Israel,2011,0.923923313617706,39762.96987708377,39700.78378155174,7.471023,1.09105825364358,0.6726449473637042,0.6606093215361681,-0.3965376556171836,0.0871481001492076,-0.19268661775545504,0.27983471790466263,32.291114074139806
ISR,Israel,2012,0.871260344982147,41020.0602212472,40915.91108049917,7.60778,0.9967245941081014,0.682135656954352,0.6714823923142078,-0.38252673042849145,-0.0032807817757878033,-0.17884584882541466,0.17556506704962685,19.191954081610298
ISR,Israel,2013,0.996554255485535,42045.24404471635,41637.542021109046,7.749379,1.1286542068806205,0.6874416956555377,0.6766391728530765,-0.3747782593568878,0.1210259555967433,-0.17119147938022466,0.29221743497696795,33.93942171304219
ISR,Israel,2014,1.04471743106842,41752.132312057256,41331.15920254562,7.897179,1.173060026578058,0.6697183047914425,0.6597975740888953,-0.40089809561684747,0.1596157419153484,-0.19699410221175356,0.35660984412710195,42.84784318675947
ISR,Israel,2015,0.959567964076996,42447.00718672062,41811.146048110815,8.052908,1.0771995705354558,0.6623499979492323,0.6534073421279859,-0.4119611649480659,0.07436468326924123,-0.20792281564132714,0.28228749891056837,32.61599347212276
ISR,Israel,2016,0.937544584274292,44832.02202678317,44076.00086723455,8.210005,1.0443861462929194,0.6914566818741867,0.683028860246237,-0.368954773550027,0.0434292930027712,-0.16543871713685893,0.20886801013963013,23.228233902192443
ISR,Israel,2017,1.00339531898499,45284.9616236797,44764.19288222377,8.361797,1.103206072352484,0.687172913181787,0.681218577448746,-0.37516932529704033,0.09822055178971419,-0.17157779600394257,0.26979834779365675,30.9700320143679
ISR,Israel,2018,1.04623687267303,44277.328398237056,43934.6423477042,8.510067,1.1199146531998236,0.6572578752102826,0.6552638988733838,-0.4196788333818805,0.11325247990328768,-0.21554675653263278,0.32879923643592046,38.92989069870514
ISR,Israel,2019,1.06770062446594,45161.84512942228,44723.97924614039,8.657474,1.1267914338899985,0.6575423856328795,0.6541109864646572,-0.41924605216710464,0.11937415483463307,-0.2151192312471642,0.33449338608179724,39.72323485322602
ISR,Israel,2020,1.09611296653748,43790.06433929641,43468.32382502747,8.800376,1.1447003933620623,0.6554669629140706,0.6525644999494705,-0.4224073768744757,0.1351429375799233,-0.21824216311627903,0.3533851006962023,42.38793748032303
ISR,Israel,2021,1.18148279190063,47382.17472271933,47382.17472271933,8.942924,1.1867526215496886,0.6669079603563204,0.6669079603563204,-0.4051032330583585,0.17122068746280888,-0.20114817018822018,0.37236885765102906,45.11681570629147
ISR,Israel,2022,1.18715381622314,49607.20469208958,49860.279836069945,9.103151,1.121458339714699,0.6814874451106867,0.681662827715271,-0.3834774504500406,0.11462992735521381,-0.1797850227884621,0.2944149501436759,34.23407926231656
ISR,Israel,2023,1.14407098293304,49405.14793469625,49256.38123879549,9.256314,1.0429716133313327,0.6617912200194254,0.6612351784804937,-0.4128051504012683,0.042073959283289976,-0.208756551278394,0.250830510561684,28.509225630723623
ITA,Italy,2005,0.869861423969269,39215.28176848091,39693.27897875336,58.519693,1.148843756698672,0.6596360192758263,0.6518414239451371,-0.41606708203168996,0.13875600763474022,-0.21197886824563417,0.3507348758803744,42.011077037965606
ITA,Italy,2006,0.881721198558807,40838.5695765288,41038.4225816629,58.754433,1.1283644138702649,0.6751105284101733,0.6677506904876446,-0.39287885572163694,0.12076916284431873,-0.1890722523060993,0.309841415150418,36.32089127091249
ITA,Italy,2007,0.952774465084076,42911.09670451332,42957.51963500479,59.10872,1.1872554172153005,0.703148363169826,0.695531792615589,-0.35218736652206917,0.17164427126279566,-0.14887494257490497,0.32051921383770066,37.784297378473596
ITA,Italy,2008,1.00054693222046,43537.57862185361,43838.32985648962,59.561684,1.214008342659125,0.7289841059241877,0.7211778690512912,-0.31610334978428917,0.19392756465580704,-0.11322914966621112,0.3071567143220182,35.95540129633403
ITA,Italy,2009,0.941898822784424,42407.11932306368,42466.96089293522,59.90401,1.1442770686728876,0.7326879622679815,0.7249276101590811,-0.31103536722921904,0.13477305652952212,-0.10822271543424383,0.24299577196376596,27.506323309351256
ITA,Italy,2010,0.8875812292099,42413.20749928201,42504.80680267521,60.164213,1.065900756287706,0.7209385236724988,0.7128756747312376,-0.32720141069656516,0.06382022224240125,-0.12419242972014333,0.18801265196254457,20.684878425862973
ITA,Italy,2011,0.923445224761963,43677.8796936384,43892.19896408488,60.36788,1.0904936799561915,0.7388709942518087,0.7303532327708946,-0.30263194126754733,0.08663051109593127,-0.09992134522565327,0.18655185632158455,20.50871118502471
ITA,Italy,2012,0.875003516674042,42467.10164118641,42611.35707573155,60.531515,1.0010067943789716,0.706198969984768,0.699306827915271,-0.3478582540208206,0.0010062879014281127,-0.14459840515892552,0.14560469306035365,15.673883077133643
ITA,Italy,2013,0.933977425098419,41077.57810268588,40955.10446258761,60.653868,1.057782397863797,0.6716203124971937,0.6655490853333157,-0.39806210930283586,0.0561746391858956,-0.19419255765046572,0.2503671968363613,28.449699333398428
ITA,Italy,2014,0.954716920852661,40682.09388371927,40555.23976417645,60.664171,1.0720030347388718,0.6525545269768835,0.647411041192115,-0.4268605770286556,0.06952889355772991,-0.22264128119757237,0.29217017475530227,33.93309185585866
ITA,Italy,2015,0.79557192325592,41789.06800915409,41452.84194637961,60.575316,0.893099567872379,0.6520834081047486,0.6478079134369773,-0.4275827986963608,-0.11305720614374169,-0.22335473181445548,0.11029752567071378,11.661024125270636
ITA,Italy,2016,0.778889238834381,44117.69617722988,43656.84759279916,60.478107,0.867650610093306,0.6804394366244856,0.6765334029072544,-0.385016459198764,-0.14196616828986844,-0.18130534098198026,0.03933917269211182,4.012320521765633
ITA,Italy,2017,0.79719740152359,45055.02438321322,44741.66289371088,60.390318,0.8764970272276127,0.6836837495010627,0.6808757175480868,-0.3802598228090102,-0.13182196626651654,-0.17660647175898725,0.044784505492470705,4.580247093609913
ITA,Italy,2018,0.84914356470108,45231.048819726246,44957.74617324452,60.277499,0.9089416991674588,0.6714150134218463,0.6705229966115689,-0.3983678333191509,-0.09547432419107295,-0.19449456878885896,0.09902024459778601,10.408865116329435
ITA,Italy,2019,0.769522905349731,47472.30240756482,47151.85161064661,60.130136,0.8121113709790487,0.6911819233049784,0.6896198569660336,-0.36935221446017635,-0.20811779184739634,-0.16583133130948768,-0.04228646053790866,-4.140485844214458
ITA,Italy,2020,0.78509509563446,43933.91081624019,43714.863187178016,59.912769,0.8198960255331151,0.6576201137438494,0.656265651073384,-0.4191278491144822,-0.1985777448937482,-0.21500246371638804,0.01642471882263985,1.6560346045721541
ITA,Italy,2021,0.832348823547363,48211.381841590446,48211.381841590446,59.72935,0.8360613926501534,0.6785791179508265,0.6785791179508265,-0.38775419935595945,-0.17905323240934595,-0.18400983254095432,0.0049566001316083685,0.4968904394745177
ITA,Italy,2022,0.782797634601593,49345.9983429811,49626.63820152312,59.619115,0.7394786788672454,0.6778990782876513,0.6784686054244848,-0.3887568542044225,-0.301809829069449,-0.18500031060626881,-0.11680951846318016,-11.02453411423322
ITA,Italy,2023,0.837074637413025,50967.52318042319,50818.92937738436,59.499453,0.7631039490427323,0.6827195293803138,0.6822113803718823,-0.38167114887313686,-0.27036101969963544,-0.17800065791553638,-0.09236036178409907,-8.822347907773088
JPN,Japan,2005,0.911547780036926,43348.42975317741,43452.99665015366,127.91333,1.2038997789433572,0.7291592551357406,0.7135833556678621,-0.31586311385540494,0.18556610334171345,-0.11299183129247065,0.2985579346341841,34.791362581757056
JPN,Japan,2006,0.856710970401764,43899.99888044467,43713.48315014932,127.997247,1.0963580931860046,0.7257196260472483,0.7112775472557998,-0.32059152876547486,0.09199386252155664,-0.11766282177270349,0.20965668429426013,23.325459159876182
JPN,Japan,2007,0.835334837436676,44671.48917567264,44330.82019549702,128.087682,1.0409135081593943,0.7319944468100509,0.7177671127354409,-0.3119823513746689,0.04009870083945356,-0.10915819889169326,0.1492568997311468,16.097120409198418
JPN,Japan,2008,0.943728625774384,43787.62163204388,43713.60636361984,128.15599,1.14506815023035,0.7331707737636953,0.7191260613500645,-0.3103766250171554,0.13546415508680085,-0.10757197334413582,0.24303612843093667,27.511469117934585
JPN,Japan,2009,1.02270078659058,41912.5475934741,41639.60254451764,128.19247,1.2424403023987698,0.7241430113603808,0.7108042799830501,-0.3227663765995159,0.21707743147524444,-0.1198112570775508,0.33688868855279525,40.05831541236178
JPN,Japan,2010,1.07023143768311,43441.54584058114,43219.32842910389,128.185275,1.2852463090558806,0.738418190250995,0.7248593802193037,-0.3032449614124774,0.2509503801780098,-0.10052692052215723,0.35147730070016703,42.11654873380184
JPN,Japan,2011,1.16691100597382,43149.58202739012,43056.13680168703,128.096432,1.378001686471212,0.7299341176300566,0.7164414052134661,-0.3148009987343008,0.32063439644500813,-0.11194261507224779,0.4325770115172559,54.12241627336862
JPN,Japan,2012,1.16581499576569,43607.86201425275,43481.87345746095,127.928285,1.333696047515517,0.7251690378567318,0.713593114279574,-0.32135049563956236,0.28795407109343407,-0.11841257134229494,0.406366642435729,50.135291124767974
JPN,Japan,2013,0.941954493522644,43945.24600358845,43518.770545579086,127.723645,1.066816880217384,0.7185068160521932,0.7072104518228988,-0.3305800870053494,0.06467933642643058,-0.12753007355518614,0.19220940998161673,21.19242794348535
JPN,Japan,2014,0.904072999954224,43188.94130093118,42776.82349451537,127.486605,1.0151375537691694,0.692765206280109,0.6828757023386791,-0.3670641448771324,0.015024124266462291,-0.16357104928183658,0.17859517354829887,19.553666132524206
JPN,Japan,2015,0.796601116657257,44526.243748697314,43891.77942540437,127.275872,0.8942549281297262,0.6947947431465351,0.6859226222266424,-0.3641388106390094,-0.11176438994991852,-0.16068124188598565,0.048916851936067124,5.013303058146268
JPN,Japan,2016,0.923292458057404,43896.15170581498,43187.11950431626,127.159951,1.028509863259769,0.6770224949348915,0.6692542070957164,-0.3900507792439005,0.02811102001119093,-0.18627852151975383,0.21438954153094475,23.91052437467809
JPN,Japan,2017,0.905785381793976,43816.61813364516,43338.91657863408,127.06469,0.995886580828444,0.6648916560619633,0.6595288153087849,-0.4081311748148044,-0.004121902551988344,-0.20413933898115694,0.20001743642916858,22.142405524852094
JPN,Japan,2018,0.931203246116638,43518.40788609357,43185.66138846517,126.913432,0.9967801629556808,0.6459923697855066,0.6440932108398089,-0.4369675867468353,-0.0032250318736148672,-0.2326255459194979,0.22940051404588305,25.784572301646836
JPN,Japan,2019,0.957270443439484,43533.1418712685,43120.19997817828,126.699424,1.0102496063662272,0.6338289739512833,0.6306548974332056,-0.45597611811055433,0.0101974353364069,-0.25140322739031157,0.26160066272671845,29.900769664749593
JPN,Japan,2020,0.970232009887695,42243.8209526636,41937.66015209762,126.304543,1.0132395084051151,0.6323221817438665,0.6295855422528964,-0.4583562334892978,0.01315263207357687,-0.2537544373597011,0.26690706943327797,30.59190808911818
JPN,Japan,2021,0.960648238658905,42469.24422851432,42469.24422851432,125.679338,0.964933068370438,0.5977580643366345,0.5977580643366345,-0.514569181581827,-0.03569653925023041,-0.3092847049863513,0.2735881657361209,31.467326323861332
JPN,Japan,2022,0.820679187774658,41946.75276028148,42160.91690992605,124.997578,0.7752639184433902,0.5762506786408842,0.5764012944648178,-0.5512125069871406,-0.25455176767239546,-0.3454830140154045,0.09093124634300903,9.519370409760985
JPN,Japan,2023,0.790653467178345,43363.66836541013,43230.26904346077,124.370947,0.7207849290390351,0.5808644684152178,0.5803385053426953,-0.5432378222940252,-0.32741448156498426,-0.3376051782093564,0.010190696644372166,1.024279862818922
KOR,Republic of Korea,2005,0.599833250045776,35793.95046489939,37018.670664690224,47.851644,0.792212029855124,0.6020861749309054,0.6079191142546825,-0.5073546961922175,-0.23292620853329335,-0.3021578362120232,0.06923162767872984,7.168441217461408
KOR,Republic of Korea,2006,0.657958984375,37112.84840529363,38002.17035111774,48.006518,0.8420093618804556,0.6135198895924231,0.6183467564205708,-0.4885425954831334,-0.17196414617875286,-0.2835741998356601,0.11161005365690727,11.807678567378034
KOR,Republic of Korea,2007,0.693187832832336,39242.74293985498,39935.82729819376,48.178118,0.8637836548288493,0.6430381086380167,0.6466071082852962,-0.44155128956758105,-0.14643294103691806,-0.2371535817723422,0.09072064073542413,9.496307444893626
KOR,Republic of Korea,2008,0.612913310527802,39390.67190004866,40287.87561165778,48.356493,0.7436751324161013,0.6595491675413586,0.6627698723316605,-0.4161987568495412,-0.2961509894867656,-0.21210894393323082,-0.08404204555353478,-8.060740108828801
KOR,Republic of Korea,2009,0.542940557003021,39336.07251098309,39888.53297033431,48.546687,0.6595978400253666,0.6796280264201544,0.6809128383789448,-0.38620965045235395,-0.4161249629755441,-0.18248404147519343,-0.23364092150035065,-20.835397206672233
KOR,Republic of Korea,2010,0.609160661697388,41469.40899252013,41921.91672832427,48.769332,0.7315440983153263,0.7048958628546218,0.7030996473521198,-0.34970519934334693,-0.3125977755607125,-0.14642292017782926,-0.16617485538288324,-15.310186345598675
KOR,Republic of Korea,2011,0.656758785247803,41057.48570107465,41517.67722705525,49.127643,0.7755644681069718,0.6945434506943534,0.6908418920804131,-0.36450055475003434,-0.2541641687994952,-0.1610385927807389,-0.09312557601875632,-8.892091657178558
KOR,Republic of Korea,2012,0.66675591468811,41278.37960076234,41918.02968730844,49.599579,0.7627708781469907,0.686431332258074,0.6879284393827668,-0.3762490846210589,-0.27079758355808103,-0.17264444214633,-0.09815314141175102,-9.34899311082077
KOR,Republic of Korea,2013,0.754757404327393,40196.7562607492,40351.206434905325,50.071164,0.8548055611416476,0.6572188344145025,0.6557353201083803,-0.41973823465617577,-0.15688124977724988,-0.21560543640570312,0.058724186628453245,6.048270508903375
KOR,Republic of Korea,2014,0.793164491653442,41270.17133046569,41292.94579621748,50.539056,0.8906040351104504,0.6619874878560422,0.6591875473371794,-0.4125086237433196,-0.11585535532728901,-0.20846362580066907,0.09260827047338006,9.703191129490918
KOR,Republic of Korea,2015,0.725277483463287,44030.08541204136,43710.7984181363,50.983912,0.8141878667835557,0.6870526078336506,0.683094325704978,-0.37534441351451836,-0.20556414503417464,-0.17175075785534422,-0.03381338717883042,-3.3248103895994086
KOR,Republic of Korea,2016,0.714398860931397,45671.81182817467,45164.07114147635,51.297839,0.7958109788045112,0.7044089923721395,0.6998902674669556,-0.3503961364391012,-0.2283935851501777,-0.14710546615953551,-0.0812881189906422,-7.807197179779712
KOR,Republic of Korea,2017,0.757535219192505,46781.56428888712,46376.66993549931,51.48627,0.8328895282065226,0.7098829868232855,0.705757148428707,-0.342655129820137,-0.1828542648098508,-0.13945847051463206,-0.043395794295218754,-4.246767077647484
KOR,Republic of Korea,2018,0.779030978679657,48442.383665937305,48154.404530641936,51.640894,0.8338916655565101,0.7190844459274773,0.7181996068376647,-0.32977647902351725,-0.1816517824750466,-0.1267362250236237,-0.0549155574514229,-5.3434925053860605
KOR,Republic of Korea,2019,0.740011692047119,49199.801552492645,48840.80940899106,51.767846,0.7809668894726183,0.7163337722978482,0.7143217254087348,-0.33360905821427833,-0.24722252508260814,-0.13052225929837785,-0.11670026578423029,-11.014812775192883
KOR,Republic of Korea,2020,0.722757697105408,49920.05936463778,49587.91022845597,51.858482,0.7547953955836441,0.7472231473947858,0.7444342683197804,-0.2913914136999274,-0.28130856568699986,-0.08881732870854708,-0.19249123697845277,-17.509845319803986
KOR,Republic of Korea,2021,0.764079809188843,51902.91128962001,51902.91128962001,51.848397,0.7674878744271296,0.7305376949724132,0.7305376949724132,-0.3139744475177537,-0.26463259843760056,-0.1111261019410304,-0.15350649649657017,-14.230480783314558
KOR,Republic of Korea,2022,0.705641984939575,51544.35149843639,51873.95601820167,51.782512,0.6665927178509587,0.7080993301393975,0.7091927213485956,-0.3451708983220353,-0.405576037484162,-0.14194368616222902,-0.26363235132193297,-23.174406397850433
KOR,Republic of Korea,2023,0.720638930797577,52388.78864275321,52210.22390516607,51.748739,0.6569574436338147,0.7017576467346047,0.7008886128899724,-0.3541671671345975,-0.4201360363643651,-0.1508306994172634,-0.2693053369471017,-23.60900299034675
LTU,Lithuania,2012,0.466261714696884,30340.19231567208,29940.83399117032,2.988329,0.5334048783534638,0.5045367292428391,0.4913673508752849,-0.684114638582131,-0.6284745215065219,-0.476771110193426,-0.15170341131309595,-14.075691526850287
LTU,Lithuania,2013,0.498687714338303,31149.11798682378,30647.874265640425,2.95836,0.564792116043276,0.5092895278301389,0.4980493873124086,-0.674738607191571,-0.5712975517474214,-0.4675089464026807,-0.10378860534474066,-9.85841682294739
LTU,Lithuania,2014,0.507163345813751,32058.4555461876,31624.19012480703,2.933168,0.5694679060837194,0.5142284552596226,0.5048385849673569,-0.6650876467868506,-0.5630528522329751,-0.45797519248452334,-0.10507765974845173,-9.974539367480862
LTU,Lithuania,2015,0.424263387918472,33257.57227703282,32731.09445140761,2.905764,0.4762730274132249,0.5189565622987091,0.5115080415596657,-0.6559350943117231,-0.7417640021862918,-0.4489337935603076,-0.2928302086259842,-25.385118042427724
LTU,Lithuania,2016,0.428571105003357,34697.372399454885,34129.7366604975,2.86911,0.4774106024124866,0.5351471761578617,0.5288954232019112,-0.6252134742958217,-0.7393783566677808,-0.41858527352540154,-0.3207930831423793,-27.442663117989973
LTU,Lithuania,2017,0.449526309967041,37216.25344650804,36842.051520104,2.829313,0.4942420454377894,0.5647349667880891,0.5606599451675823,-0.5713987432214538,-0.704729911268735,-0.36542409767145223,-0.33930581359728273,-28.77354044185847
LTU,Lithuania,2018,0.493171364068985,39195.10307038985,38898.71358936627,2.802478,0.5279013305546241,0.581816724148112,0.5801554619701859,-0.5415997878063152,-0.6388458866885633,-0.33598703689902176,-0.3028588497895416,-26.129664285357823
LTU,Lithuania,2019,0.457183659076691,43090.80974348296,42697.85893083435,2.795058,0.4824860255371466,0.6273887560701791,0.6244779444035511,-0.4661889048554222,-0.7288033212398339,-0.2614919845254633,-0.46731133671437064,-37.33150499965132
LTU,Lithuania,2020,0.479265838861465,42836.0981922658,42574.44406986997,2.795765,0.5005102676622325,0.6411876211832145,0.6391452064476709,-0.4444331641361308,-0.6921271656276322,-0.24000045729636887,-0.45212670833126334,-36.372645654173354
LTU,Lithuania,2021,0.52306854724884,45894.9233276364,45894.9233276364,2.794488,0.5254016173178062,0.645974776089532,0.645974776089532,-0.4369948222628959,-0.6435923234754312,-0.23265245067271073,-0.41093987280272043,-33.69732036547768
LTU,Lithuania,2022,0.546269953250885,43592.97616030138,43788.904428916845,2.816919,0.5160401174952839,0.5988659536987002,0.5986582609184563,-0.5127174893845697,-0.6615707694388387,-0.30745550074133254,-0.3541152686975062,-29.820593219522273
LTU,Lithuania,2023,0.618329703807831,45135.17499305385,45015.96048788076,2.854099,0.5636890878027656,0.604594131848884,0.6043102623265831,-0.5031979025242982,-0.5732524422463122,-0.29805152489619663,-0.2752009173501156,-24.058047266315754
LVA,Latvia,2017,0.502338826656342,30644.83703877393,30241.2630193185,1.942594,0.5523079821682809,0.4650175507911644,0.4602095748375329,-0.7656801304701412,-0.5936494495843199,-0.5573460266020983,-0.036303422982221556,-3.565235615093909
LVA,Latvia,2018,0.549687385559082,32125.043140053785,31836.204592215763,1.927588,0.5883973064282407,0.4768679222324332,0.4748215629326984,-0.7405157190301078,-0.5303528680555422,-0.5324872253943761,0.0021343573388339365,0.21366367008279763
LVA,Latvia,2019,0.513387203216553,34397.421324812734,34011.51889134356,1.914263,0.5418000978902766,0.5008157309055894,0.4974357950293068,-0.6915170481368863,-0.6128581686551221,-0.4840836208801279,-0.1287745477749942,-12.082784547792901
LVA,Latvia,2020,0.517998039722443,34447.596072163666,34164.10409137126,1.901123,0.5409593517574564,0.5156252112845051,0.5128856956239732,-0.6623751121293868,-0.6144111383420895,-0.4552956003160502,-0.15911553802603928,-14.710218885328242
LVA,Latvia,2021,0.566854953765869,35875.673265142366,35875.673265142366,1.885587,0.5693833266398113,0.5049530171141274,0.5049530171141274,-0.6832898894524095,-0.5632013868995468,-0.4759563772635165,-0.08724500963603032,-8.35474715767176
LVA,Latvia,2022,0.563915848731995,35676.93506278099,35845.79320974364,1.881063,0.5327095131360128,0.4901179874219265,0.4900643325987536,-0.7131091262058893,-0.6297790068818429,-0.5054134730667385,-0.1243655338151044,-11.694300531147805
LVA,Latvia,2023,0.610461294651032,37523.01006934779,37408.25854389831,1.882396,0.556515994948353,0.5026277554197051,0.5021817659523202,-0.687905431721123,-0.5860593666340242,-0.48051586588883977,-0.10554350074518448,-10.01646715119474
MYS,Malaysia,2018,0.34301695227623,31109.548148494086,30964.567981244672,32.910967,0.3671727896271049,0.4617937950304454,0.4618215252953021,-0.772636818638705,-1.0019227253042133,-0.5642182289843612,-0.4377044963198521,-35.448349282049506
MYS,Malaysia,2019,0.354571908712387,30528.07432020649,30387.25371401873,33.440596,0.3741953318000417,0.4444792448085526,0.4444290699947933,-0.8108519184624345,-0.9829773403668318,-0.6019692239525986,-0.38100811641423327,-31.68276553123449
MYS,Malaysia,2022,0.347547888755798,32265.99561505006,32405.487796354417,34.695493,0.3283150615944833,0.4432596243254854,0.4430303343138394,-0.813599621177284,-1.1137815779927154,-0.6046835570785344,-0.509098020914181,-39.8962542389585
MYS,Malaysia,2023,0.342239916324616,32524.068576768324,32457.320153692257,35.126298,0.3119968279943311,0.4356659968282169,0.4357186083317325,-0.8308793915293868,-1.164762257909172,-0.6217534725471175,-0.5430087853620545,-41.90024769324127
NLD,Netherlands,2005,0.876485347747803,48934.69519383008,48653.70973981686,16.46571,1.1575921081810174,0.823125222781853,0.7989892559390582,-0.19464693583089643,0.14634207891471246,0.006752231860040342,0.13958984705467212,14.980210741012323
NLD,Netherlands,2006,0.888829350471497,51783.52591620199,51257.56099909227,16.493852,1.137460923832567,0.8560437818155462,0.8340299065283787,-0.1554337571675789,0.12879851857823543,0.04548918445824554,0.08330933411998989,8.687796499206591
NLD,Netherlands,2007,0.964194595813751,55438.140226479896,54763.02550359296,16.531357,1.2014860799492322,0.908418580533008,0.8866765497915132,-0.09605001482846791,0.18355919056691736,0.10415173849001196,0.0794074520769054,8.264535831344322
NLD,Netherlands,2008,1.03067207336426,57541.52658830754,57184.87882154992,16.597258,1.2505605237659063,0.963463280257738,0.9407399685500712,-0.03722090263989959,0.2235918698171752,0.16226639809996746,0.06132547171720773,6.324491402554044
NLD,Netherlands,2009,0.981592416763306,55134.01566756473,54640.894201982126,16.68415,1.192499306841713,0.9525766011922684,0.9327414069177647,-0.04858475401566039,0.1760513625153793,0.15104055548579326,0.025010807029586052,2.5326201195145837
NLD,Netherlands,2010,0.975459814071655,54807.10722853743,54457.71808098808,16.771235,1.171434590243411,0.931609687212904,0.9133456999706796,-0.07084134255789111,0.15822914321436243,0.12905426300079614,0.02917488021356629,2.9604636210472712
NLD,Netherlands,2011,1.00550103187561,56264.11150350984,56087.65002100461,16.851057,1.1873931350204612,0.9517842967397478,0.9332819379790516,-0.049416848918570545,0.17176026131545877,0.1502185659937404,0.021541695321718374,2.177539270293871
NLD,Netherlands,2012,0.954294919967651,56318.94467187311,56085.297484616494,16.915194,1.091716410877934,0.9365456831490704,0.9204314100333814,-0.06555697756261952,0.08775114659737959,0.13427445180749797,-0.04652330521011838,-4.545768549845963
NLD,Netherlands,2013,1.01725709438324,55740.57292649883,55188.96744239118,16.967063,1.1521013459477072,0.9113609598424682,0.8968593117697268,-0.09281623644125708,0.14158753231716203,0.10734624412226433,0.034241288194897704,3.4834269899520987
NLD,Netherlands,2014,1.05725407600403,54257.07845684189,53759.17295558467,17.030089,1.1871367870532104,0.8703018647159966,0.858194461164193,-0.13891515657607625,0.17154434660672951,0.06180717422377066,0.10973717238295885,11.59847203056068
NLD,Netherlands,2015,0.882272303104401,57098.857262805,56326.572344313725,17.107433,0.9904283819161862,0.8909798475204174,0.8802484362501873,-0.11543346958931727,-0.009617720438797162,0.08500368689472329,-0.09462140733352045,-9.028271842815283
NLD,Netherlands,2016,0.884577333927155,57295.9911286996,56410.80750467329,17.204693,0.9853828056543532,0.8836919264287343,0.8741766221383678,-0.1236467765995684,-0.014725078127055634,0.0768901267301088,-0.09161520485716443,-8.754380928847294
NLD,Netherlands,2017,0.901580035686493,59270.55341583806,58657.00891751085,17.31537,0.9912629162823384,0.8993961217218018,0.8926385487909222,-0.10603171672754015,-0.008775475820531866,0.094291259781218,-0.10306673560174986,-9.793322849608366
NLD,Netherlands,2018,0.954039037227631,60555.9623058696,60142.96882892647,17.42128,1.021224089327031,0.8988998333073439,0.8970032334113694,-0.10658367084351272,0.02100199534221392,0.09374600889476499,-0.07274401355255107,-7.016117429964941
NLD,Netherlands,2019,0.895470678806305,63473.31750174069,62927.03119092126,17.537507,0.945029596365844,0.924151714672462,0.920339896882899,-0.07887902745024326,-0.056539033073165906,0.12111419210402853,-0.17765322517719445,-16.276729562248516
NLD,Netherlands,2020,0.907415449619293,62605.84798849628,62184.46179170051,17.636731,0.947638476901915,0.9371090374227792,0.933538923126451,-0.0649556348664442,-0.053782202939837875,0.13486849147250507,-0.18865069441234295,-17.192429234627582
NLD,Netherlands,2021,0.958859205245972,66516.02425055401,66516.02425055401,17.730564,0.9631360552379632,0.9362184476238966,0.9362184476238966,-0.06590644552083923,-0.03756059446569081,0.1339292279773061,-0.17148982244299693,-15.759115835959946
NLD,Netherlands,2022,0.908885359764099,68609.6886350025,68948.36895312057,17.904421,0.8585888809209353,0.942537313035972,0.9426248769855388,-0.059179771015524955,-0.1524650735190268,0.14057421010673674,-0.29303928362576354,-25.40071651817407
NLD,Netherlands,2023,0.998109757900238,68498.18880991949,68320.20783833145,18.092524,0.9099087032258774,0.917546082476198,0.9171547662990324,-0.0860524741826058,-0.09441101062965318,0.11402786359128235,-0.20843887422093554,-18.814934181014298
NOR,Norway,2005,1.18728578090668,60777.97718598939,61634.00684255928,4.623124,1.5680725909049336,1.022339790066898,1.0121511706100916,0.022093912127365167,0.4498472160766086,0.22086086165362592,0.22898635442298268,25.732488196926774
NOR,Norway,2006,1.21024024486542,66274.97535668965,66781.07111606623,4.660494,1.5487798487456872,1.095604819105641,1.0866184308259244,0.09130655699663842,0.43746742657335813,0.2892329507035123,0.14823447586984584,15.97848060348288
NOR,Norway,2007,1.3195219039917,69455.0645995655,69704.7787114489,4.70901,1.6442606157692847,1.1381022331667043,1.1286007689219697,0.12936216749225782,0.4972908094772711,0.3268263932683607,0.1704644162089104,18.585545395031566
NOR,Norway,2008,1.41575217247009,74073.71797493384,74698.73750577013,4.768101,1.7177954308471803,1.2402748333673543,1.22885786277869,0.2153329948708535,0.5410417424600721,0.4117531443891126,0.1292885980709595,13.801850672392257
NOR,Norway,2009,1.28725290298462,67457.84460704429,67644.97740867324,4.828623,1.5638346102966,1.1655012529286486,1.1547261866881653,0.15315125450695244,0.44714088863921736,0.35032657273493506,0.0968143159042823,10.16557946680443
NOR,Norway,2010,1.37092041969299,70210.15948131807,70328.89787656862,4.889162,1.6463452178476043,1.193430341813432,1.1795315470933434,0.1768318004629109,0.49855781164197277,0.3737195293241364,0.12483828231783639,13.29652177420444
NOR,Norway,2011,1.47054493427277,72813.27327372193,73016.82546707348,4.952968,1.7365620763585787,1.2317359724382269,1.2149784195178144,0.20842453405821393,0.551907340538043,0.40492858366366136,0.14697875687438167,15.832935623247169
NOR,Norway,2012,1.42555117607117,76353.2468539141,76821.13210870749,5.018458,1.6308350604192583,1.2697024802590338,1.260732957092236,0.23878260551300795,0.48909219063991943,0.4349179702679503,0.05417422037196912,5.566850509442922
NOR,Norway,2013,1.47503101825714,75673.0667401032,75376.97406598736,5.080124,1.6705562741530946,1.237258160755246,1.2249285358468187,0.21289777071030083,0.5131566692590093,0.40934749490878675,0.10380917435022252,10.938873488922818
NOR,Norway,2014,1.4071718454361,74166.1508410391,73699.35906232634,5.137395,1.5800416393158276,1.1896501103926422,1.176513295524371,0.17365923900951563,0.4574512006889742,0.37058549717412276,0.08686570351485146,9.075018596554951
NOR,Norway,2015,1.14781022071838,69856.92986260858,68971.99799374577,5.189771,1.2885180863695809,1.090058885605338,1.0778659316942232,0.0862317182729718,0.2534927877751217,0.2842197435679707,-0.03072695579284901,-3.025968109275823
NOR,Norway,2016,1.1242733001709,67575.76609778909,66534.52775725207,5.235983,1.2523942637398746,1.0422397404508974,1.0310600273819452,0.04137199407562826,0.22505713024553511,0.2399048201407955,-0.01484768989526039,-1.473800646716139
NOR,Norway,2017,1.15721023082733,70476.78925606835,69729.28987102416,5.276802,1.272321416576419,1.0694442227255248,1.0611358006035518,0.0671390955160198,0.24084311898595395,0.2653589919553165,-0.02451587296936253,-2.421779976548688
NOR,Norway,2018,1.2068932056427,74228.886721368,73755.40829089913,5.311752,1.291884678460358,1.1018623329508204,1.1000261710840649,0.09700177819995584,0.256102143219046,0.29485900605810095,-0.03875686283905494,-3.801542508709732
NOR,Norway,2019,1.10958349704742,75265.3579182195,74642.58199273337,5.34773,1.1709922716249432,1.095840146903486,1.091685797250462,0.09152132652304655,0.15785148478589645,0.28944511195255157,-0.13159362716665512,-12.330281137869237
NOR,Norway,2020,1.05494844913483,70864.34317158784,70352.73254346219,5.379274,1.1017111753691178,1.0607254521866147,1.0561643903524554,0.05895306289201845,0.09686458506220123,0.25727237494204336,-0.1604077898798421,-14.82036358041322
NOR,Norway,2021,1.17589116096497,86305.62753104561,86305.62753104561,5.408091,1.181136049969363,1.2147587222585503,1.2147587222585503,0.19454547456914495,0.16647672953830525,0.39121807898481803,-0.22474134944651278,-20.12772178659583
NOR,Norway,2022,1.10450601577759,107528.74028208102,108058.12553912084,5.456801,1.0433841560645858,1.4771944306406608,1.4773123547397795,0.3901446337756929,0.04246942658055648,0.5844417761374481,-0.5419723495568916,-41.839999813542775
NOR,Norway,2023,1.06900906562805,89075.0531284884,88831.05118036833,5.519167,0.974542774422558,1.1931770381725484,1.192499621462186,0.1766195295682854,-0.025786867285602758,0.37350983636214297,-0.3992967036477457,-32.92083545034894
NZL,New Zealand,2005,0.803111433982849,34700.08106999577,34487.97819447464,4.135007,1.0606856810069436,0.5836863159799537,0.5663601847382888,-0.538391570631309,0.05891556786896187,-0.3328177820497785,0.39173334991874037,47.95431385000699
NZL,New Zealand,2006,0.7518709897995,35397.65261457601,34987.0439915446,4.18194,0.9621913027585952,0.5851656463217727,0.5692865688730093,-0.5358603157258103,-0.03854198866992426,-0.3303172680738481,0.29177527940392384,33.880212742034345
NZL,New Zealand,2007,0.856136858463287,37635.20193849973,37120.76743449264,4.223266,1.0668349754719038,0.616696674588571,0.6010280420366773,-0.48337798926682835,0.06469629819502638,-0.27847231539249573,0.3431686135875221,40.94063869596649
NZL,New Zealand,2008,0.834847390651703,36955.34030734259,36687.70622038827,4.261824,1.0129576779063596,0.6187724849619868,0.6035440191041549,-0.48001762642699064,0.012874445426712464,-0.27515276261772076,0.2880272080444332,33.3793593545058
NZL,New Zealand,2009,0.752926826477051,37081.18011065204,36716.1602956018,4.304304,0.9147021751013776,0.640669178370469,0.6267591976833988,-0.44524205767430836,-0.08915675838301766,-0.24079952719361974,0.15164276881060207,16.374443635900104
NZL,New Zealand,2010,0.873283863067627,38131.94393332674,37892.92772501765,4.34777,1.0487309774748563,0.6481657244272425,0.6355268604070873,-0.43360886775479296,0.0475808403509702,-0.22930761702874097,0.2768884573797112,31.901923596740488
NZL,New Zealand,2011,0.969197332859039,39276.733663038765,39191.5870924316,4.3827,1.1445222063773386,0.6644195976573403,0.6521364389558392,-0.408841404902973,0.13498726291106072,-0.20484094365073563,0.33982820656179635,40.47062505174266
NZL,New Zealand,2012,1.00332200527191,40035.52164755526,39803.34656262156,4.411676,1.1478035517441836,0.6657634511813729,0.6532237866925814,-0.40682084993888445,0.1378501610802488,-0.20284492739971988,0.34069508847996866,40.59244929262111
NZL,New Zealand,2013,1.06145370006561,41084.957994778,40634.968199430106,4.453851,1.2021565081816463,0.6717409740761386,0.6603466472020411,-0.3978824680097966,0.18411703411080407,-0.19401509801851674,0.37813213212932084,45.955578434888736
NZL,New Zealand,2014,1.08315145969391,41638.29421313324,41205.05897324841,4.522983,1.2162156410055984,0.667892303233911,0.6577845498479196,-0.4036283411469945,0.19574410417503108,-0.19969119016248638,0.39543529433751745,48.50304756057493
NZL,New Zealand,2015,0.914987862110138,42328.0519855857,41717.32963750336,4.614029,1.027154478899536,0.6604938016600292,0.6519412179650063,-0.4147675393786587,0.026792337258520846,-0.2106951079419353,0.23748744520045614,26.805907646326645
NZL,New Zealand,2016,0.905737042427063,44120.47472623267,43419.92689993361,4.71477,1.008953851541207,0.6804822909546504,0.6728619339075113,-0.3849534808080005,0.008914003498164538,-0.18124312743488014,0.19015713093304468,20.943962310386222
NZL,New Zealand,2017,0.939046084880829,45124.20206775666,44646.39591859294,4.812752,1.032455826191525,0.6847334805665304,0.6794259509134368,-0.37872559589588495,0.03194026158820466,-0.1750908773278676,0.20703113891607228,23.002087270114725
NZL,New Zealand,2018,0.958529055118561,44422.455189888606,44062.96375912164,4.900847,1.0260303019166666,0.6594121543903422,0.6571777505371545,-0.41640651601462214,0.025697280344295605,-0.2123141799585651,0.23801146030286072,26.87237326998182
NZL,New Zealand,2019,0.899880290031433,46530.73912349834,46077.41898179,4.989403,0.949683253057058,0.6774730554264591,0.6739057322705693,-0.3893854976074042,-0.051626767818310694,-0.18562131942352278,0.1339945516052121,14.338659000613863
NZL,New Zealand,2020,0.88511848449707,45924.65980557783,45612.17490697539,5.069895,0.92435315365023,0.6874184301805402,0.6847488812678959,-0.37481210349064736,-0.07866107944045729,-0.17122491249250632,0.09256383305204903,9.698316310878319
NZL,New Zealand,2021,1.00666999816895,47331.43430395343,47331.43430395343,5.107697,1.0111601011476268,0.6661937848381045,0.6661937848381045,-0.40617468253941025,0.011098286697306068,-0.20220660740687135,0.2133048941041774,23.776198004810546
NZL,New Zealand,2022,0.960662543773651,47588.498473420485,47797.85753217139,5.131734,0.9075007860346198,0.6537551237285624,0.6534665034218502,-0.42502242619040936,-0.09706084668965528,-0.22082545385797175,0.12376460716831647,13.174943393770743
NZL,New Zealand,2023,0.982093334197998,47667.03409889662,47543.8545702976,5.172836,0.8953076203230509,0.6385088592936381,0.6382456114677041,-0.44861972843957193,-0.11058790990382616,-0.24413617769700668,0.13354826779318052,14.287642892690776
PAN,Panama,2016,0.43033829331398,31605.623071212674,31299.88724489872,4.029086,0.4793791775826307,0.4874622707030964,0.4850423334711278,-0.7185423849688071,-0.7352633922542482,-0.5107807473945861,-0.22448264485966207,-20.10705578878086
PAN,Panama,2017,0.424866765737534,34227.19271589797,33961.30474805835,4.098707,0.4671295420996671,0.5193777113928112,0.516820928049454,-0.6551238928944773,-0.7611486677029334,-0.4481324438121209,-0.3130162238908125,-26.876195105361887
PAN,Panama,2018,0.455641567707062,33590.71711861723,33389.793413166466,4.16786,0.4877286220837974,0.4986245593139958,0.4979925872921458,-0.695901852559422,-0.7179961300985159,-0.4884151738645601,-0.2295809562339558,-20.51333833747515
PAN,Panama,2019,0.463272094726563,34605.7202989586,34370.57967506553,4.2347,0.4889114194901545,0.503848499030812,0.5026872419577778,-0.6854796532602383,-0.7155739521531291,-0.4781195473944928,-0.23745440475863633,-21.136715193361066
PAN,Panama,2021,0.504594266414642,31383.40600588437,31383.40600588437,4.345405,0.5068449346800843,0.4417239903170373,0.4417239903170373,-0.8170700482547737,-0.6795501709294541,-0.608111837411289,-0.07143833351816509,-6.894630936988577
PAN,Panama,2022,0.524236440658569,34609.94238966654,34846.360372370946,4.400773,0.4952259095028655,0.4754599933812234,0.47640062641269,-0.7434725364327959,-0.7027412376903456,-0.5354081336062019,-0.1673331040841437,-15.408221426811297
PAN,Panama,2023,0.541409373283386,36592.23760467879,36403.50796039885,4.458759,0.4935660601044437,0.490159883736212,0.4886936368064185,-0.7130236477603512,-0.7060985686730943,-0.5053290327177067,-0.2007695359553876,-18.189904731618935
POL,Poland,2015,0.39641061425209,31020.91306729987,30543.90736458181,38.266314,0.4450058353488174,0.4840553685240107,0.4773275840449385,-0.7255559810315504,-0.8096678837584635,-0.5177091665507613,-0.2919587172077023,-25.32006346999218
POL,Poland,2016,0.381151616573334,31846.17151725029,31340.425340074875,38.263265,0.4245872406105007,0.4911723159521775,0.485670536765436,-0.7109602637697027,-0.8566377805401489,-0.5032907075790098,-0.3533470729611391,-29.766660985848993
POL,Poland,2017,0.412776261568069,33010.83462146699,32687.477850910785,38.254959,0.4538363590787921,0.5009201858643957,0.497435913131975,-0.6913085002403075,-0.7900185884735481,-0.48387760570207794,-0.30614098277147017,-26.371719105246584
POL,Poland,2018,0.448502719402313,34208.567275743924,33951.62494272192,38.241071,0.4800870439361711,0.5077959997816551,0.5063720322789272,-0.6776754872895442,-0.733787849986899,-0.47041015943921083,-0.2633776905476882,-23.15483944133949
POL,Poland,2019,0.415903657674789,37453.5115406746,37115.66782561084,38.225885,0.4389214242764735,0.5453114516957469,0.5428355549735655,-0.6063981765448917,-0.8234348699079241,-0.3999984789337989,-0.4234363909741252,-34.520717492446664
POL,Poland,2020,0.41814512014389,37352.382745314695,37126.288399165314,38.171012,0.4366802493206076,0.5591052044585495,0.5573552346233316,-0.5814176223565729,-0.8285540466244412,-0.37532130211581705,-0.45323274450862416,-36.44298090611282
POL,Poland,2021,0.449426740407944,39622.099346109295,39622.099346109295,38.040302,0.4514313420643689,0.5576842687062026,0.5576842687062026,-0.5839623034325523,-0.7953319839909653,-0.377835079207547,-0.4174969047834183,-34.13064693559812
POL,Poland,2022,0.443658709526062,40469.39476663456,40640.014772152754,38.385739,0.4191072403473148,0.5559552209376437,0.5556083415307121,-0.5870675258568399,-0.8696284482582847,-0.38090259013006844,-0.48872585812821623,-38.659253538339065
POL,Poland,2023,0.516174077987671,40578.98202722174,40488.97960118716,38.762844,0.4705607596990537,0.543563072788247,0.543538461002434,-0.6096095298656677,-0.7538301897203988,-0.4031708318417605,-0.35065935787863833,-29.577639877632265
PRT,Portugal,2006,0.68992406129837,30198.822443111632,30091.527248834107,10.52412,0.882916006005504,0.4992227491888317,0.4896298842445064,-0.6947028916735287,-0.12452520633927334,-0.48723077380858104,0.3627055674693077,43.72126347855405
PRT,Portugal,2007,0.764196693897247,31815.152308870205,31604.60316256314,10.546825,0.9522680318342353,0.5213283739641145,0.5117149798064546,-0.6513751594467958,-0.04890873777305688,-0.44442923701236237,0.3955204992393055,48.51570128722966
PRT,Portugal,2008,0.821935176849365,32138.707214569826,32135.604128745323,10.564081,0.997290711396904,0.5381237883682506,0.5286580620683394,-0.6196666553831633,-0.002712965367909676,-0.41310581818373404,0.4103928528158244,50.740985901400435
PRT,Portugal,2009,0.765803456306458,32481.17341402217,32313.666887380965,10.576267,0.9303455031098172,0.5611926756800402,0.5516069155785222,-0.5776909820149783,-0.0721992531068795,-0.3716399201115075,0.299440667004628,34.910399812042805
PRT,Portugal,2010,0.733076393604279,33137.331429500526,33009.29654606538,10.57866,0.8803551231643706,0.5632674397387847,0.5536203153898072,-0.5740007374526512,-0.1274299038634822,-0.36799449187642364,0.24056458801294142,27.196708500272493
PRT,Portugal,2011,0.742764890193939,32788.40887588694,32771.07153114335,10.557052,0.8771288179638745,0.5546607215365801,0.5453009555005738,-0.5893986647101047,-0.1311014126029975,-0.38320541837141253,0.252104005768415,28.672985765326263
PRT,Portugal,2012,0.676556348800659,32222.656863071486,32088.993902874023,10.51315,0.7739826058116002,0.5358408322550635,0.5266214004245265,-0.6239181167591428,-0.2562058787565618,-0.4173056475117368,0.161099768755175,17.48021715174197
PRT,Portugal,2013,0.730716228485107,31622.04308961172,31354.33102977177,10.458298,0.8275775661745971,0.5170218752564695,0.5095298037187361,-0.6596700934607667,-0.18925244056539653,-0.4526234328581843,0.26337099229278776,30.13094051696048
PRT,Portugal,2014,0.744833767414093,31758.91841007461,31528.58695091262,10.406199,0.8363359249260855,0.509423778422513,0.5033124060885693,-0.6744750382515616,-0.17872492253284375,-0.4672485783865308,0.288523655853687,33.445591684344244
PRT,Portugal,2015,0.618609130382538,33069.23956249149,32709.40372123495,10.370267,0.6944432437553869,0.5160177880161904,0.5111690677765833,-0.6616140411951573,-0.3646448425816468,-0.45454377223916187,0.08989892965751506,9.406370072404213
PRT,Portugal,2016,0.6268031001091,34230.18112049325,33804.75421722706,10.346372,0.6982329002669362,0.5279415557787858,0.5238592950718735,-0.6387696912153508,-0.3592025638703467,-0.43197685640960204,0.07277429253925533,7.548776390564127
PRT,Portugal,2017,0.656839728355408,35047.348261187566,34768.09953765636,10.330844,0.722177553725345,0.5318230940344549,0.5290986787130043,-0.6314443749512794,-0.3254842510353208,-0.4247405027509368,0.09925625171561597,10.434925469461875
PRT,Portugal,2018,0.700228154659271,35798.379605036265,35557.19838343542,10.325353,0.7495394126020896,0.531395361155396,0.530318382049189,-0.6322489751725163,-0.28829637762912275,-0.4255353314716117,0.13723895384248896,14.710222025710484
PRT,Portugal,2019,0.648001968860626,38133.393607963015,37842.03709234258,10.343213,0.6838649813670681,0.5552103226385241,0.5534590756353704,-0.5884082773137449,-0.3799947765068557,-0.38222705877562335,0.002232282268767649,0.22347756658080975
PRT,Portugal,2020,0.673215568065643,35119.15604223858,34924.96674949441,10.370519,0.7030572113534569,0.5256773859191209,0.5243080813139981,-0.6430675891656541,-0.35231700875667293,-0.4362225583610373,0.08390554960436436,8.752617168065036
PRT,Portugal,2021,0.713602721691132,36282.27879128735,36282.27879128735,10.390956,0.7167856413292313,0.5106760229427505,0.5106760229427505,-0.6720198958280911,-0.3329784491497986,-0.4648232525414523,0.13184480339165366,14.093123686797826
PRT,Portugal,2022,0.676702558994293,38016.344058450966,38203.35376357639,10.417073,0.6392547603517831,0.5222560179645407,0.5222956277081932,-0.6495973554628999,-0.4474522180622161,-0.44267302364225114,-0.004779194419964938,-0.476779224195345
PRT,Portugal,2023,0.728435039520264,39920.31172674455,39819.9053604836,10.430738,0.6640646251055112,0.5347400606130879,0.534556570456649,-0.6259745181711599,-0.4093758072755337,-0.4193370748720163,0.009961267596482637,1.0011046171152227
ROU,Romania,2019,0.393883466720581,32836.92899771721,32536.337382961818,19.501542,0.4156825481615189,0.4780954491150716,0.4758605137612546,-0.7379448820837914,-0.8778334154149604,-0.5299476100833548,-0.3478858053316056,-29.382048645450364
ROU,Romania,2020,0.400834411382675,32278.348620797075,32068.7795092002,19.392469,0.4186022083400922,0.4831550594313509,0.48142981424009,-0.7274176428305988,-0.8708341934464271,-0.5195482193213312,-0.3512859741250959,-29.621753849889533
ROU,Romania,2021,0.434739410877228,33753.922647467465,33753.922647467465,19.248161,0.4366785018676009,0.4750892047184535,0.4750892047184535,-0.7442526931723265,-0.8285580483087533,-0.5361788157000419,-0.29237923260871146,-25.351460931428726
ROU,Romania,2022,0.437758237123489,34817.7956100276,34992.24791216799,19.166772,0.4135332920571311,0.4783154124878048,0.4783951220960965,-0.7374849053406524,-0.8830172549247174,-0.5294932195467386,-0.35352403537797883,-29.77908854762554
ROU,Romania,2023,0.494503229856491,36418.05462139535,36318.94893416992,19.118479,0.4508049230640833,0.4878266700159305,0.4875584863671372,-0.7177951206154919,-0.7967205761483663,-0.510042558224021,-0.28667801792434533,-24.924658093080467
SVK,Slovakia,2008,0.583623290061951,30000.286408371627,29476.344992303573,5.37912,0.7081362405789269,0.5023185178676629,0.4849109840306406,-0.6885208627546467,-0.34511877360450827,-0.4811238227948015,0.13600504919029321,14.568767837536223
SVK,Slovakia,2010,0.53110545873642,31063.178720999524,30592.285817059856,5.391851,0.6378072130250101,0.5280110495786361,0.5130830612794318,-0.6386380682625817,-0.4497192152430824,-0.4318468319572101,-0.017872383285872318,-1.7713619479915343
SVK,Slovakia,2011,0.550449967384338,32436.451357317907,32081.72354893168,5.398109,0.6500247058177624,0.5487068793742881,0.5338304085880266,-0.6001908974082534,-0.4307449078643724,-0.3938665843545738,-0.03687832350979864,-3.6206600787123455
SVK,Slovakia,2012,0.524699866771698,33107.19626795903,32650.302269008826,5.404871,0.6002583094118807,0.5505501199743059,0.5358331880779075,-0.5968372825053762,-0.5103952007248117,-0.39055369756616054,-0.11984150315865116,-11.293897805423203
SVK,Slovakia,2013,0.565715909004211,32360.091320048607,31794.57686017837,5.410422,0.6407053475335491,0.5290889981507381,0.5166841063043047,-0.6365986228041377,-0.44518560397968815,-0.4298321546282263,-0.015353449351461823,-1.5236186047090539
SVK,Slovakia,2014,0.570182621479034,33285.1744062579,32766.815767751323,5.41523,0.6402290430078389,0.5339054401206981,0.5230790999166683,-0.6275365341278368,-0.44592928695233625,-0.4208801208615024,-0.025049166090833852,-2.473803896860205
SVK,Slovakia,2015,0.478566259145737,34657.12459766824,34008.63387449869,5.420278,0.5372327840481999,0.5407954041427278,0.5314729006416228,-0.6147142525462835,-0.6213237885551803,-0.4082135600073039,-0.21311022854787642,-19.193293975147185
SVK,Slovakia,2016,0.516009747982025,33277.10233195062,32622.009332887927,5.427259,0.5748136581277087,0.5132419578820713,0.505530751773546,-0.6670078922130218,-0.5537093635291074,-0.4598721174109409,-0.09383724611816646,-8.956907364929723
SVK,Slovakia,2017,0.54249507188797,33661.20911290174,33235.58833268944,5.4357,0.5964586900141386,0.5107892399148831,0.5057770228145373,-0.6717982202083456,-0.5167452938001887,-0.46460426907041097,-0.052141024729777774,-5.080500256435682
SVK,Slovakia,2018,0.606524467468262,33711.90762675557,33443.340165364985,5.443232,0.6492369523418694,0.5004235254837305,0.4987912111511935,-0.6923004881376986,-0.4319575251496967,-0.48485754636154754,0.052900021211850834,5.43242297909845
SVK,Slovakia,2019,0.616528928279877,33379.55183955017,33030.53802902639,5.450626,0.6506500972392265,0.4859958685265294,0.4830884500396811,-0.7215551560919962,-0.42978326631002123,-0.5137569297946473,0.08397366348462604,8.760024983093606
SVK,Slovakia,2020,0.564975321292877,35806.83146398623,35536.50439943069,5.455024,0.5900189964605258,0.5359707829936506,0.5334887380684961,-0.6236756287372272,-0.5276005452099751,-0.41706610439560166,-0.11053444081437347,-10.464450711387062
SVK,Slovakia,2021,0.61053591966629,37035.57389276285,37035.57389276285,5.442759,0.6132591250428971,0.5212787127224272,0.5212787127224272,-0.6514704230266409,-0.48896771614519613,-0.4445233436597341,-0.044444372485462014,-4.347119206613359
SVK,Slovakia,2022,0.609580993652344,35357.97382224685,35524.68968319613,5.473197,0.5758476110853857,0.4857362029160237,0.4856743785388211,-0.7220895948006019,-0.55191221737737,-0.5142848779903203,-0.03762733938704965,-3.692822705701926
SVK,Slovakia,2023,0.691889047622681,35553.73564598396,35462.382125585915,5.518055,0.6307481327734555,0.4762489552810305,0.4760596289133459,-0.7418145461792638,-0.4608486517928102,-0.533770278883666,0.07292162709085581,7.564623208672061
SVN,Slovenia,2005,0.604686141014099,31345.776689682178,31465.105345047406,1.996914,0.7986213421171358,0.5272639242722417,0.5167186889165287,-0.6400540507311143,-0.22486836029596244,-0.43324561796826977,0.20837725767230733,23.167774178953703
SVN,Slovenia,2006,0.622042596340179,32867.064262193766,32741.62675589108,2.003114,0.7960461093245572,0.5433319861940856,0.5327505907525818,-0.6100347532499009,-0.22809816852828443,-0.403590891083071,0.17549272255478657,19.183331511804735
SVN,Slovenia,2007,0.702042162418366,35120.7823256666,34828.50758853079,2.014158,0.8748170642579068,0.5754949768724703,0.5639137111034871,-0.5525247791424438,-0.13374048390211538,-0.34677934922741005,0.21303886532529467,23.74327435351411
SVN,Slovenia,2008,0.775524139404297,36604.82924173553,36512.73048415252,2.025085,0.9409781239156372,0.6129036010261715,0.6006655191930663,-0.48954761311829764,-0.06083538736556833,-0.2845670119927153,0.22373162462714696,25.073530782743568
SVN,Slovenia,2009,0.753713607788086,33940.262718804406,33663.510330820085,2.035608,0.9156580058026162,0.5864020552972612,0.5746492704107469,-0.5337496234750784,-0.08811234013343325,-0.3282322092121832,0.24011986907874996,27.140154291931307
SVN,Slovenia,2010,0.721198558807373,33848.93823987143,33617.93475363541,2.044612,0.8660909716969577,0.5753633125471023,0.5638281814060665,-0.5527535898086273,-0.14376532778796042,-0.3470053810930238,0.2032400533050634,22.53665862430303
SVN,Slovenia,2011,0.736130237579346,35218.27932906222,35087.71916444911,2.048804,0.8692939767075527,0.595765299190843,0.5838492881908628,-0.5179084827776868,-0.14007391782075213,-0.3125834519011521,0.17250953408039998,18.828314974806947
SVN,Slovenia,2012,0.681685328483582,34607.206143121315,34413.720047912626,2.053321,0.779850174813326,0.5754942623308267,0.5647731275185346,-0.5525260207555176,-0.24865346132157082,-0.34678057576166277,0.09812711444009195,10.310299651663769
SVN,Slovenia,2013,0.722458839416504,34460.31350401008,34077.6210878406,2.056441,0.8182256047948445,0.5634277285398482,0.5537851714202329,-0.5737162083152985,-0.20061717992265657,-0.3677134182149111,0.16709623829225453,18.186800079348586
SVN,Slovenia,2014,0.732813119888306,34915.049047780296,34546.27068535237,2.058401,0.8228385516778338,0.5600491798891151,0.5514857563106998,-0.579730677878438,-0.19499526804982617,-0.3736548448044529,0.1786595767546267,19.56136601989744
SVN,Slovenia,2015,0.607798397541046,36293.55360841808,35772.37439239941,2.059947,0.6823072437949983,0.5663305083526968,0.5590359098611947,-0.5685774341849344,-0.38227521848694135,-0.362637052138855,-0.01963816634808635,-1.9446593654375954
SVN,Slovenia,2016,0.608468532562256,37801.81870893817,37209.68075646668,2.061373,0.6778089453261507,0.5830279106678838,0.5766241341579863,-0.5395202195616541,-0.38888982230679187,-0.33393272405665253,-0.054957098250139336,-5.3474245306407875
SVN,Slovenia,2017,0.619663596153259,40350.49938542773,39932.772824026266,2.06241,0.6813033997244302,0.6122953231459802,0.607694341062712,-0.4905405587015292,-0.38374755116002546,-0.2855478987073702,-0.09819965245265527,-9.353209285460117
SVN,Slovenia,2018,0.6680708527565,41965.09218374075,41666.05132518733,2.069481,0.7151175387904037,0.6229347686385541,0.6214289631841613,-0.4733134709117253,-0.3353083598820225,-0.26853002599553594,-0.06677833388648657,-6.459747460005594
SVN,Slovenia,2019,0.612105190753937,45299.27367083942,44904.63618685261,2.083439,0.6459815324413926,0.6595433023518159,0.6567531862798973,-0.4162076496143422,-0.43698436316019096,-0.21211772869948303,-0.22486663446070793,-20.13772795928076
SVN,Slovenia,2020,0.620748817920685,43613.284715130525,43321.36279685448,2.102419,0.6482647662653541,0.6528208557410076,0.6503582600620574,-0.4264525277098996,-0.4334560761643215,-0.22223818745059265,-0.21121788871372887,-19.040235452775256
SVN,Slovenia,2021,0.670425593852997,46019.47429824736,46019.47429824736,2.113494,0.6734159282837598,0.6477278411241498,0.6477278411241498,-0.4342846691190381,-0.39539211900986626,-0.2299752110954535,-0.16541690791441277,-15.245971583099948
SVN,Slovenia,2022,0.64449268579483,46044.71125571333,46275.40077830853,2.115228,0.6088273376984904,0.632547083216706,0.6326522966158628,-0.4580006212826613,-0.49622056920746066,-0.25340314390017066,-0.24281742530729,-21.558528502575548
SVN,Slovenia,2023,0.715030074119568,48143.38670036197,48005.90797825335,2.118396,0.6518442309174061,0.6448896917060797,0.6444483807331917,-0.43867599742278596,-0.4279496552348177,-0.23431320873155342,-0.19363644650326428,-17.604259758171125
SWE,Sweden,2005,1.00543808937073,44927.43365252563,44455.88238062737,9.029771,1.3279026289610611,0.7557195091901747,0.7300527046212746,-0.28008499123711705,0.2836007268006187,-0.07764821755952217,0.3612489443601409,43.51206816124764
SWE,Sweden,2006,1.02379584312439,47686.28278588375,46969.2890289576,9.080623,1.3101814931274085,0.7883114394877714,0.7642539163972247,-0.23786203942982315,0.2701656719887426,-0.035938044131386404,0.306103716120129,35.81231585081146
SWE,Sweden,2007,1.10054278373718,51443.833148198224,50549.98625970319,9.148274,1.371390008603844,0.842967200825064,0.818462584866158,-0.1708272294180306,0.31582483029677466,0.030282658866242262,0.2855421714305324,33.04831825795349
SWE,Sweden,2008,1.12981128692627,51545.01404570548,50962.90361066823,9.2199,1.3708505656151633,0.8630589290534718,0.8383831762506637,-0.14727230627459675,0.31543139800588776,0.05355151827434537,0.26187987973154236,29.937045232721758
SWE,Sweden,2009,0.982362270355225,49220.297588705565,48514.57025360425,9.29874,1.1934345727005915,0.8504024823699571,0.8281626641592562,-0.16204553289709173,0.17683534560460182,0.03895770571169618,0.13787763989290563,14.783509245629745
SWE,Sweden,2010,1.07725191116333,51263.74699410293,50647.42613533126,9.378232,1.2936772309206048,0.8713797483124733,0.8494408231812587,-0.13767740597226216,0.2574887298182245,0.06302989291434186,0.19445883690388266,21.465348295790633
SWE,Sweden,2011,1.15012860298157,54389.45331586318,53897.09328001276,9.449259,1.3581833974089192,0.92007189291648,0.8968317205119204,-0.08330346751773672,0.3061480696565023,0.11674348483136303,0.18940458482513928,20.852980640519412
SWE,Sweden,2012,1.1251482963562,54349.9547297034,53832.489870515084,9.519487,1.2871732145918282,0.9038027217664162,0.883459957945603,-0.1011441705396801,0.25244850743029285,0.09911944896287654,0.1533290584674163,16.570850209165975
SWE,Sweden,2013,1.20320415496826,54151.092585687176,53289.89820449096,9.60062,1.3626969367358042,0.8853728823434622,0.865998108731563,-0.12174638672997432,0.30946577783378415,0.07876743723657481,0.23069834059720934,25.94792483802799
SWE,Sweden,2014,1.17173099517822,53886.117193817554,53065.035616705645,9.696433,1.3156770926473405,0.8643515207584928,0.8471134718787849,-0.14577574019047448,0.27435143246613247,0.055029909249952685,0.2193215232161798,24.5231583193682
SWE,Sweden,2015,0.960193157196045,56529.97719981293,55446.88412580217,9.799481,1.07790140488649,0.8821029505722142,0.866501031668224,-0.1254465057822843,0.07501600715972213,0.0751122544326587,-9.624727293656987e-05,-0.009624264131635751
SWE,Sweden,2016,0.960018992424011,57364.84685507212,56191.08550801751,9.92328,1.0694217135730266,0.8847539073506997,0.8707716747294846,-0.12244574343322816,0.06711804777093493,0.07807657389963947,-0.010958526128704543,-1.089870021528172
SWE,Sweden,2017,0.960729777812958,58685.04285503221,57884.55588275122,10.057862,1.0562964613441286,0.8905113400339828,0.8808834087201652,-0.11595944187647593,0.05476888579320803,0.08448410229969289,-0.029715216506484857,-2.927806022608459
SWE,Sweden,2018,0.978110611438751,58923.01706909946,58445.61592388706,10.175405,1.0469908247468458,0.8746602019772607,0.8716880374091354,-0.13391980864567615,0.04592016847545087,0.06674185594526208,-0.02082168746981121,-2.0606412851124856
SWE,Sweden,2019,0.880735397338867,62185.953327739466,61521.24451254362,10.279125,0.9294788056732072,0.9054080936418062,0.8997795503651675,-0.09936950472069118,-0.07313127393836993,0.10087256227965381,-0.17400383621802373,-15.970632589748956
SWE,Sweden,2020,0.912182986736298,60948.10099514318,60441.66903458344,10.353686,0.9526173447556942,0.9122952262670372,0.907375395665821,-0.09179162827945603,-0.04854198297545357,0.1083584088879978,-0.15690039186345137,-14.521080146348153
SWE,Sweden,2021,0.988694310188294,63522.09256008781,63522.09256008781,10.416131,0.993104235263296,0.8940786157394479,0.8940786157394479,-0.1119615706061266,-0.006919650392263273,0.08843342125755944,-0.09535307164982272,-9.094808265968712
SWE,Sweden,2022,0.890523433685303,63296.09692183088,63613.41409993652,10.487338,0.8412430788412998,0.8695409395566157,0.8696882544292422,-0.1397898622748074,-0.17287462528878209,0.06094309142446355,-0.23381771671324564,-20.84939189234366
SWE,Sweden,2023,0.909481883049011,62536.04347403316,62340.15296791146,10.551494,0.8291127045521466,0.8376820278034993,0.8368763830699603,-0.1771166922682287,-0.18739918067239955,0.024069578656955193,-0.21146875932935474,-19.060543331316637
TUR,Türkiye,2022,0.294195532798767,30871.104872239142,31025.050255590857,87.058473,0.2779151524051307,0.4240970745622583,0.4241577375170507,-0.857792900515814,-1.280439419052478,-0.6483401293139628,-0.6320992897385151,-46.8525090745896
TUR,Türkiye,2023,0.344816654920578,34474.363794473924,34386.61650401205,87.270501,0.3143458651175993,0.4617905669485103,0.4616181686417108,-0.772643808973466,-1.15726141799304,-0.5642251344247134,-0.5930362835683266,-44.73532574991436
TWN,Taiwan,2005,0.374746710062027,43174.297802532215,43195.313759018856,22.729753,0.4949356372577075,0.7262302004006387,0.7093516976389671,-0.3198882339750692,-0.7033275506095314,-0.11696806817487809,-0.5863594824346534,-44.3650999234984
TWN,Taiwan,2006,0.375667661428452,44482.57560040757,44292.87491749168,22.823455,0.4807528970502081,0.7353503178499226,0.7207050356524566,-0.30740827039286356,-0.7324018684259278,-0.10463966802496971,-0.6277622004009581,-46.621503073655724
TWN,Taiwan,2007,0.377259254455566,46554.71177326756,46255.414652698615,22.917444,0.4701040067309652,0.7628532453185499,0.7489285169377602,-0.2706896052292485,-0.754801317842309,-0.0683669342044162,-0.6864343836378928,-49.66323108785132
TWN,Taiwan,2008,0.400041073560715,44453.21392195114,44431.39108369812,22.997696,0.48538772652197,0.7443153117864076,0.7309342314276708,-0.2952905277649859,-0.7228072712957379,-0.09266908982207445,-0.6301381814736634,-46.74817882285755
TWN,Taiwan,2009,0.377893477678299,44482.22032444014,44311.40856286323,23.078402,0.4590884184673152,0.7685404688392514,0.7564130523313002,-0.26326205787238166,-0.7785124546465177,-0.061029591002677075,-0.7174828636438406,-51.20209789202966
TWN,Taiwan,2010,0.395088821649551,48202.40078323498,48100.61692373191,23.140948,0.4744641503650872,0.8193430704038077,0.8067266345588002,-0.19925239345679327,-0.745569216230879,0.002202705404173194,-0.7477719216350522,-52.657980419873084
TWN,Taiwan,2011,0.425631701946259,48822.79501540042,48846.51392686526,23.193518,0.5026271927293108,0.8259042643142596,0.8127915711232894,-0.19127641494564399,-0.6879065512190081,0.010081819315428703,-0.6979883705344369,-50.24147451510168
TWN,Taiwan,2012,0.418361961841583,50146.351366095776,50089.80949892195,23.270367,0.4786074093793002,0.8338996614943406,0.8220377898154506,-0.18164219382003816,-0.7368746222668546,0.01959903724533693,-0.7564736595121916,-53.06815107787647
TWN,Taiwan,2013,0.431930929422379,50339.76171006058,50012.86160823862,23.34467,0.4891862714859487,0.823057445261957,0.8127439725778653,-0.19472928090869365,-0.7150119387559716,0.006670886825435679,-0.7216828255814073,-51.40661743572854
TWN,Taiwan,2014,0.433917790651321,51820.806896022776,51504.45646584387,23.403635,0.4872242004362565,0.83122324598753,0.8222008791090933,-0.1848568728081898,-0.7190308913318757,0.016423399058704352,-0.7354542903905801,-52.07123262747303
TWN,Taiwan,2015,0.418453186750412,53523.6000524061,52990.79645435345,23.462914,0.4697505647662157,0.8351909530158237,0.8281183067463097,-0.1800948940294999,-0.7555534384195337,0.021127545789770802,-0.7766809842093045,-54.00700042394691
TWN,Taiwan,2016,0.425269454717636,53260.410117475614,52647.23042174151,23.515945,0.4737326996480221,0.8214500437452279,0.8158539132985392,-0.19668415437612183,-0.7471120411456524,0.004739754399435914,-0.7518517955450883,-52.850736412958355
TWN,Taiwan,2017,0.458028882741928,53407.43457096812,53017.32965204507,23.555522,0.5035903947258475,0.8104267086428792,0.8068142763284241,-0.21019436923279947,-0.685992050214954,-0.00860638509586234,-0.6773856651190917,-49.20568083508381
TWN,Taiwan,2018,0.473583161830902,53293.35714721918,52985.093774066925,23.58008,0.5069336937897071,0.7910928673555349,0.7902469958397464,-0.2343399131052347,-0.6793750654234649,-0.03245869241517102,-0.6469163730082939,-47.63419442348936
TWN,Taiwan,2019,0.458100199699402,55130.870124873145,54751.41535479681,23.596027,0.4834532911721176,0.8026882816687358,0.8007673492325253,-0.21978883259482496,-0.7268005743973627,-0.018084328101989317,-0.7087162462953733,-50.77242471851584
TWN,Taiwan,2020,0.473436921834946,58774.5729518888,58476.28096623302,23.582179,0.4944229720852003,0.8797610008253535,0.8778701751012474,-0.12810499836830933,-0.7043639093444757,0.07248604801945949,-0.7768499573639351,-54.014771349618805
TWN,Taiwan,2021,0.514151036739349,62205.44543644559,62205.44543644559,23.468275,0.5164443315685903,0.8755467004595818,0.8755467004595818,-0.13290678720587018,-0.6607877763500342,0.06774257470442349,-0.7285303510544576,-51.73822521857117
TWN,Taiwan,2022,0.49578794836998,63860.90132078603,64169.515475937216,23.319977,0.4683517180599677,0.8773000364301512,0.8772909722179771,-0.13090622832249346,-0.758535731008824,0.06971883771795412,-0.8282545687267782,-56.31889550121467
TWN,Taiwan,2023,0.485919386148453,65004.35192552516,64851.75499959495,23.342541,0.4429796172445052,0.8707454823175172,0.8705930219281991,-0.13840555801532853,-0.814231520730279,0.062310583943785636,-0.8765421046740647,-58.37803297781312
USA,United States,2005,0.757162511348724,59449.87936154995,60894.07257752644,295.716664,1.0,1.0,1.0,0.0,0.0,0.19903526995306653,-0.19903526995306653,-18.047901164360635
USA,United States,2006,0.781415283679962,60491.67929983272,61457.7014539564,298.730209,1.0,1.0,1.0,0.0,0.0,0.19903526995306653,-0.19903526995306653,-18.047901164360635
USA,United States,2007,0.802501678466797,61027.08752825373,61762.1222941664,301.844226,1.0,1.0,1.0,0.0,0.0,0.19903526995306653,-0.19903526995306653,-18.047901164360635
USA,United States,2008,0.824168086051941,59723.63219998845,60787.1258087258,304.970333,1.0,1.0,1.0,0.0,0.0,0.19903526995306653,-0.19903526995306653,-18.047901164360635
USA,United States,2009,0.823138773441315,57878.8263311923,58580.96766878018,308.023454,1.0,1.0,1.0,0.0,0.0,0.19903526995306653,-0.19903526995306653,-18.047901164360635
USA,United States,2010,0.832705318927765,58830.5467201654,59624.43145321239,311.06279,1.0,1.0,1.0,0.0,0.0,0.19903526995306653,-0.19903526995306653,-18.047901164360635
USA,United States,2011,0.846813917160034,59114.35153557117,60097.22007741626,314.105078,1.0,1.0,1.0,0.0,0.0,0.19903526995306653,-0.19903526995306653,-18.047901164360635
USA,United States,2012,0.874123454093933,60134.75443344583,60933.706600237,317.115355,1.0,1.0,1.0,0.0,0.0,0.19903526995306653,-0.19903526995306653,-18.047901164360635
USA,United States,2013,0.882957994937897,61161.90552658057,61535.81360881408,320.110759,1.0,1.0,1.0,0.0,0.0,0.19903526995306653,-0.19903526995306653,-18.047901164360635
USA,United States,2014,0.890591621398926,62342.826847265766,62642.18121689702,323.115377,1.0,1.0,1.0,0.0,0.0,0.19903526995306653,-0.19903526995306653,-18.047901164360635
USA,United States,2015,0.890798687934876,64085.46435894168,63989.40347370794,326.126497,1.0,1.0,1.0,0.0,0.0,0.19903526995306653,-0.19903526995306653,-18.047901164360635
USA,United States,2016,0.897699177265167,64837.06528840881,64530.21743670513,329.179427,1.0,1.0,1.0,0.0,0.0,0.19903526995306653,-0.19903526995306653,-18.047901164360635
USA,United States,2017,0.909526646137238,65900.38803188372,65711.93793609037,332.20466,1.0,1.0,1.0,0.0,0.0,0.19903526995306653,-0.19903526995306653,-18.047901164360635
USA,United States,2018,0.934211254119873,67366.7521809016,67048.77595613376,335.056497,1.0,1.0,1.0,0.0,0.0,0.19903526995306653,-0.19903526995306653,-18.047901164360635
USA,United States,2019,0.947558343410492,68682.78930179436,68373.68607407867,337.790067,1.0,1.0,1.0,0.0,0.0,0.19903526995306653,-0.19903526995306653,-18.047901164360635
USA,United States,2020,0.957554459571838,66807.43167377169,66611.53622116023,339.436159,1.0,1.0,1.0,0.0,0.0,0.19903526995306653,-0.19903526995306653,-18.047901164360635
USA,United States,2021,0.995559453964233,71047.5470969092,71047.5470969092,340.161441,1.0,1.0,1.0,0.0,0.0,0.19903526995306653,-0.19903526995306653,-18.047901164360635
USA,United States,2022,1.05858039855957,72792.54379225198,73145.07672830955,341.534046,1.0,1.0,1.0,0.0,0.0,0.19903526995306653,-0.19903526995306653,-18.047901164360635
USA,United States,2023,1.09693396091461,74653.67693038611,74491.4711766935,343.477335,1.0,1.0,1.0,0.0,0.0,0.19903526995306653,-0.19903526995306653,-18.047901164360635
